timestamp,raw_payload,data_type,parsed_json,rssi,snr,is_anomaly,anomaly_reason
2026-08-18 20:15:04,H:79% T:30C,Temp & Humidity,"{""temperature"": 30.0, ""humidity"": 79.0}",-37.0,9.25,0,Normal
2026-08-18 20:15:04,H:79% T:30C,Temp & Humidity,"{""temperature"": 30.0, ""humidity"": 79.0}",-39.0,9.25,0,Normal
2026-08-18 20:15:04,H:79% T:30C,Temp & Humidity,"{""temperature"": 30.0, ""humidity"": 79.0}",-41.0,9.0,0,Normal
2026-08-18 20:15:04,H:79% T:30C,Temp & Humidity,"{""temperature"": 30.0, ""humidity"": 79.0}",-41.0,9.0,0,Normal
2026-08-18 20:15:04,H:79% T:30C,Temp & Humidity,"{""temperature"": 30.0, ""humidity"": 79.0}",-41.0,8.75,0,Normal
2026-08-18 20:15:15,H:79% T:30C,Temp & Humidity,"{""temperature"": 30.0, ""humidity"": 79.0}",-38.0,9.5,0,Normal
2026-08-18 20:15:18,H:79% T:30C,Temp & Humidity,"{""temperature"": 30.0, ""humidity"": 79.0}",-38.0,9.75,0,Normal
2026-08-18 20:15:19,H:79% T:30C,Temp & Humidity,"{""temperature"": 30.0, ""humidity"": 79.0}",-38.0,9.25,0,Normal
2026-08-18 20:15:21,H:79% T:30C,Temp & Humidity,"{""temperature"": 30.0, ""humidity"": 79.0}",-38.0,9.5,0,Normal
2026-08-18 20:15:22,H:79% T:30C,Temp & Humidity,"{""temperature"": 30.0, ""humidity"": 79.0}",-38.0,9.75,0,Normal
2026-08-18 20:15:24,H:79% T:30C,Temp & Humidity,"{""temperature"": 30.0, ""humidity"": 79.0}",-37.0,9.0,0,Normal
2026-08-18 20:15:25,H:79% T:30C,Temp & Humidity,"{""temperature"": 30.0, ""humidity"": 79.0}",-37.0,9.25,0,Normal
2026-08-18 20:15:27,H:79% T:30C,Temp & Humidity,"{""temperature"": 30.0, ""humidity"": 79.0}",-37.0,9.0,0,Normal
2026-08-18 20:15:28,H:79% T:30C,Temp & Humidity,"{""temperature"": 30.0, ""humidity"": 79.0}",-37.0,9.5,0,Normal
2026-08-18 20:16:50,H:79% T:30C,Temp & Humidity,"{""temperature"": 30.0, ""humidity"": 79.0}",-37.0,9.75,0,Normal
2026-08-18 20:16:50,H:79% T:30C,Temp & Humidity,"{""temperature"": 30.0, ""humidity"": 79.0}",-37.0,9.25,0,Normal
2026-08-18 20:16:50,H:79% T:30C,Temp & Humidity,"{""temperature"": 30.0, ""humidity"": 79.0}",-37.0,9.5,0,Normal
2026-08-18 20:16:50,H:79% T:30C,Temp & Humidity,"{""temperature"": 30.0, ""humidity"": 79.0}",-37.0,9.5,0,Normal
2026-08-18 20:16:50,H:79% T:30C,Temp & Humidity,"{""temperature"": 30.0, ""humidity"": 79.0}",-43.0,9.25,0,Normal
2026-08-18 20:16:50,H:79% T:30C,Temp & Humidity,"{""temperature"": 30.0, ""humidity"": 79.0}",-37.0,12.75,0,Normal
2026-08-18 20:16:50,H:79% T:30C,Temp & Humidity,"{""temperature"": 30.0, ""humidity"": 79.0}",-37.0,9.5,0,Normal
2026-08-18 20:16:50,H:79% T:30C,Temp & Humidity,"{""temperature"": 30.0, ""humidity"": 79.0}",-37.0,9.5,0,Normal
2026-08-18 20:16:50,H:79% T:30C,Temp & Humidity,"{""temperature"": 30.0, ""humidity"": 79.0}",-38.0,10.0,0,Normal
2026-08-18 20:16:50,H:79% T:30C,Temp & Humidity,"{""temperature"": 30.0, ""humidity"": 79.0}",-37.0,9.5,0,Normal
2026-08-18 20:16:50,H:79% T:30C,Temp & Humidity,"{""temperature"": 30.0, ""humidity"": 79.0}",-37.0,9.25,0,Normal
2026-08-18 20:16:51,H:79% T:30C,Temp & Humidity,"{""temperature"": 30.0, ""humidity"": 79.0}",-37.0,9.25,0,Normal
2026-08-18 20:16:51,H:79% T:30C,Temp & Humidity,"{""temperature"": 30.0, ""humidity"": 79.0}",-37.0,9.5,0,Normal
2026-08-18 20:16:51,H:79% T:30C,Temp & Humidity,"{""temperature"": 30.0, ""humidity"": 79.0}",-38.0,9.25,0,Normal
2026-08-18 20:16:51,H:79% T:30C,Temp & Humidity,"{""temperature"": 30.0, ""humidity"": 79.0}",-38.0,9.75,0,Normal
2026-08-18 20:16:51,H:79% T:30C,Temp & Humidity,"{""temperature"": 30.0, ""humidity"": 79.0}",-37.0,9.5,0,Normal
2026-08-18 20:16:51,H:79% T:30C,Temp & Humidity,"{""temperature"": 30.0, ""humidity"": 79.0}",-37.0,9.25,0,Normal
2026-08-18 20:16:51,H:79% T:30C,Temp & Humidity,"{""temperature"": 30.0, ""humidity"": 79.0}",-37.0,9.25,0,Normal
2026-08-18 20:16:51,H:79% T:30C,Temp & Humidity,"{""temperature"": 30.0, ""humidity"": 79.0}",-43.0,9.0,1,Isolation Forest ML Anomaly
2026-08-18 20:16:51,H:79% T:30C,Temp & Humidity,"{""temperature"": 30.0, ""humidity"": 79.0}",-41.0,9.5,0,Normal
2026-08-18 20:16:51,H:79% T:30C,Temp & Humidity,"{""temperature"": 30.0, ""humidity"": 79.0}",-41.0,9.25,0,Normal
2026-08-18 20:16:51,H:79% T:30C,Temp & Humidity,"{""temperature"": 30.0, ""humidity"": 79.0}",-41.0,8.75,0,Normal
2026-08-18 20:16:51,H:79% T:30C,Temp & Humidity,"{""temperature"": 30.0, ""humidity"": 79.0}",-41.0,9.0,0,Normal
2026-08-18 20:16:51,H:79% T:30C,Temp & Humidity,"{""temperature"": 30.0, ""humidity"": 79.0}",-41.0,9.0,0,Normal
2026-08-18 20:16:51,H:79% T:30C,Temp & Humidity,"{""temperature"": 30.0, ""humidity"": 79.0}",-41.0,9.0,0,Normal
2026-08-18 20:16:51,H:79% T:30C,Temp & Humidity,"{""temperature"": 30.0, ""humidity"": 79.0}",-41.0,8.75,0,Normal
2026-08-18 20:16:51,H:79% T:30C,Temp & Humidity,"{""temperature"": 30.0, ""humidity"": 79.0}",-41.0,9.25,0,Normal
2026-08-18 20:16:51,H:79% T:30C,Temp & Humidity,"{""temperature"": 30.0, ""humidity"": 79.0}",-41.0,9.0,0,Normal
2026-08-18 20:16:51,H:79% T:30C,Temp & Humidity,"{""temperature"": 30.0, ""humidity"": 79.0}",-41.0,9.5,0,Normal
2026-08-18 20:16:51,H:79% T:30C,Temp & Humidity,"{""temperature"": 30.0, ""humidity"": 79.0}",-41.0,8.75,0,Normal
2026-08-18 20:16:51,H:79% T:30C,Temp & Humidity,"{""temperature"": 30.0, ""humidity"": 79.0}",-40.0,9.0,0,Normal
2026-08-18 20:16:51,H:79% T:30C,Temp & Humidity,"{""temperature"": 30.0, ""humidity"": 79.0}",-40.0,9.75,0,Normal
2026-08-18 20:16:51,H:79% T:30C,Temp & Humidity,"{""temperature"": 30.0, ""humidity"": 79.0}",-40.0,9.0,0,Normal
2026-08-18 20:16:51,H:79% T:30C,Temp & Humidity,"{""temperature"": 30.0, ""humidity"": 79.0}",-41.0,9.25,0,Normal
2026-08-18 20:16:51,H:79% T:30C,Temp & Humidity,"{""temperature"": 30.0, ""humidity"": 79.0}",-41.0,9.0,0,Normal
2026-08-18 20:16:51,H:79% T:30C,Temp & Humidity,"{""temperature"": 30.0, ""humidity"": 79.0}",-41.0,9.5,0,Normal
2026-08-18 20:16:51,H:79% T:30C,Temp & Humidity,"{""temperature"": 30.0, ""humidity"": 79.0}",-41.0,9.25,0,Normal
2026-08-18 20:16:51,H:79% T:30C,Temp & Humidity,"{""temperature"": 30.0, ""humidity"": 79.0}",-41.0,9.0,0,Normal
2026-08-18 20:16:51,H:79% T:30C,Temp & Humidity,"{""temperature"": 30.0, ""humidity"": 79.0}",-41.0,9.25,0,Normal
2026-08-18 20:16:51,H:79% T:30C,Temp & Humidity,"{""temperature"": 30.0, ""humidity"": 79.0}",-38.0,9.25,0,Normal
2026-08-18 20:16:51,H:79% T:30C,Temp & Humidity,"{""temperature"": 30.0, ""humidity"": 79.0}",-38.0,9.0,0,Normal
2026-08-18 20:16:51,H:79% T:30C,Temp & Humidity,"{""temperature"": 30.0, ""humidity"": 79.0}",-38.0,9.0,0,Normal
2026-08-18 20:16:51,H:79% T:30C,Temp & Humidity,"{""temperature"": 30.0, ""humidity"": 79.0}",-38.0,9.5,0,Normal
2026-08-18 20:16:51,H:79% T:30C,Temp & Humidity,"{""temperature"": 30.0, ""humidity"": 79.0}",-38.0,9.0,0,Normal
2026-08-18 20:16:51,H:79% T:30C,Temp & Humidity,"{""temperature"": 30.0, ""humidity"": 79.0}",-38.0,9.0,0,Normal
2026-08-18 20:16:51,H:79% T:30C,Temp & Humidity,"{""temperature"": 30.0, ""humidity"": 79.0}",-38.0,9.0,0,Normal
2026-08-18 20:16:51,H:79% T:30C,Temp & Humidity,"{""temperature"": 30.0, ""humidity"": 79.0}",-38.0,9.25,0,Normal
2026-08-18 20:16:51,H:79% T:30C,Temp & Humidity,"{""temperature"": 30.0, ""humidity"": 79.0}",-43.0,9.25,1,Isolation Forest ML Anomaly
2026-08-18 20:16:51,H:79% T:30C,Temp & Humidity,"{""temperature"": 30.0, ""humidity"": 79.0}",-38.0,9.25,0,Normal
2026-08-18 20:16:51,H:79% T:30C,Temp & Humidity,"{""temperature"": 30.0, ""humidity"": 79.0}",-38.0,9.5,0,Normal
2026-08-18 20:16:51,H:79% T:30C,Temp & Humidity,"{""temperature"": 30.0, ""humidity"": 79.0}",-43.0,9.0,1,Isolation Forest ML Anomaly
2026-08-18 20:16:51,H:79% T:30C,Temp & Humidity,"{""temperature"": 30.0, ""humidity"": 79.0}",-38.0,9.25,0,Normal
2026-08-18 20:16:51,H:79% T:30C,Temp & Humidity,"{""temperature"": 30.0, ""humidity"": 79.0}",-38.0,9.0,0,Normal
2026-08-18 20:16:51,H:79% T:30C,Temp & Humidity,"{""temperature"": 30.0, ""humidity"": 79.0}",-38.0,9.5,0,Normal
2026-08-18 20:16:51,H:79% T:30C,Temp & Humidity,"{""temperature"": 30.0, ""humidity"": 79.0}",-38.0,9.5,0,Normal
2026-08-18 20:16:51,H:79% T:30C,Temp & Humidity,"{""temperature"": 30.0, ""humidity"": 79.0}",-43.0,9.25,1,Isolation Forest ML Anomaly
2026-08-18 20:16:51,H:79% T:30C,Temp & Humidity,"{""temperature"": 30.0, ""humidity"": 79.0}",-38.0,9.75,0,Normal
2026-08-18 20:16:51,H:79% T:30C,Temp & Humidity,"{""temperature"": 30.0, ""humidity"": 79.0}",-38.0,9.25,0,Normal
2026-08-18 20:16:51,H:79% T:30C,Temp & Humidity,"{""temperature"": 30.0, ""humidity"": 79.0}",-38.0,9.25,0,Normal
2026-08-18 20:16:51,H:79% T:30C,Temp & Humidity,"{""temperature"": 30.0, ""humidity"": 79.0}",-38.0,9.5,0,Normal
2026-08-18 20:16:51,H:79% T:30C,Temp & Humidity,"{""temperature"": 30.0, ""humidity"": 79.0}",-38.0,9.25,0,Normal
2026-08-18 20:16:51,H:79% T:30C,Temp & Humidity,"{""temperature"": 30.0, ""humidity"": 79.0}",-38.0,9.25,0,Normal
2026-08-18 20:16:51,H:79% T:30C,Temp & Humidity,"{""temperature"": 30.0, ""humidity"": 79.0}",-38.0,9.25,0,Normal
2026-08-18 20:16:51,H:79% T:30C,Temp & Humidity,"{""temperature"": 30.0, ""humidity"": 79.0}",-38.0,9.5,0,Normal
2026-08-18 20:16:51,H:79% T:30C,Temp & Humidity,"{""temperature"": 30.0, ""humidity"": 79.0}",-38.0,9.5,0,Normal
2026-08-18 20:16:51,H:79% T:30C,Temp & Humidity,"{""temperature"": 30.0, ""humidity"": 79.0}",-38.0,9.25,0,Normal
2026-08-18 20:16:51,H:79% T:30C,Temp & Humidity,"{""temperature"": 30.0, ""humidity"": 79.0}",-38.0,9.25,0,Normal
2026-08-18 20:16:51,H:79% T:30C,Temp & Humidity,"{""temperature"": 30.0, ""humidity"": 79.0}",-38.0,8.75,0,Normal
2026-08-18 20:16:51,H:79% T:30C,Temp & Humidity,"{""temperature"": 30.0, ""humidity"": 79.0}",-38.0,9.25,0,Normal
2026-08-18 20:16:51,H:79% T:30C,Temp & Humidity,"{""temperature"": 30.0, ""humidity"": 79.0}",-38.0,9.25,0,Normal
2026-08-18 20:16:51,H:79% T:30C,Temp & Humidity,"{""temperature"": 30.0, ""humidity"": 79.0}",-38.0,9.25,0,Normal
2026-08-18 20:16:51,H:79% T:30C,Temp & Humidity,"{""temperature"": 30.0, ""humidity"": 79.0}",-38.0,9.5,0,Normal
2026-08-18 20:16:51,H:79% T:30C,Temp & Humidity,"{""temperature"": 30.0, ""humidity"": 79.0}",-38.0,9.25,0,Normal
2026-08-18 20:16:52,H:79% T:30C,Temp & Humidity,"{""temperature"": 30.0, ""humidity"": 79.0}",-38.0,9.25,0,Normal
2026-08-18 20:16:53,H:79% T:30C,Temp & Humidity,"{""temperature"": 30.0, ""humidity"": 79.0}",-38.0,9.25,0,Normal
2026-08-18 20:16:54,H:79% T:30C,Temp & Humidity,"{""temperature"": 30.0, ""humidity"": 79.0}",-38.0,9.25,0,Normal
2026-08-18 20:16:56,H:79% T:30C,Temp & Humidity,"{""temperature"": 30.0, ""humidity"": 79.0}",-38.0,9.5,0,Normal
2026-08-18 20:16:57,H:79% T:30C,Temp & Humidity,"{""temperature"": 30.0, ""humidity"": 79.0}",-38.0,9.0,0,Normal
2026-08-18 20:16:58,H:79% T:30C,Temp & Humidity,"{""temperature"": 30.0, ""humidity"": 79.0}",-38.0,9.25,0,Normal
2026-08-18 20:16:59,H:79% T:30C,Temp & Humidity,"{""temperature"": 30.0, ""humidity"": 79.0}",-38.0,9.25,0,Normal
2026-08-18 20:17:00,H:79% T:30C,Temp & Humidity,"{""temperature"": 30.0, ""humidity"": 79.0}",-38.0,9.25,0,Normal
2026-08-18 20:17:01,H:79% T:30C,Temp & Humidity,"{""temperature"": 30.0, ""humidity"": 79.0}",-38.0,9.0,0,Normal
2026-08-18 20:17:02,H:79% T:30C,Temp & Humidity,"{""temperature"": 30.0, ""humidity"": 79.0}",-38.0,9.25,0,Normal
2026-08-18 20:17:03,H:79% T:30C,Temp & Humidity,"{""temperature"": 30.0, ""humidity"": 79.0}",-38.0,9.0,0,Normal
2026-08-18 20:17:04,H:79% T:30C,Temp & Humidity,"{""temperature"": 30.0, ""humidity"": 79.0}",-37.0,9.25,0,Normal
2026-08-18 20:17:05,H:79% T:30C,Temp & Humidity,"{""temperature"": 30.0, ""humidity"": 79.0}",-38.0,9.25,0,Normal
2026-08-18 20:17:06,H:79% T:30C,Temp & Humidity,"{""temperature"": 30.0, ""humidity"": 79.0}",-38.0,9.5,0,Normal
2026-08-18 20:17:07,H:79% T:30C,Temp & Humidity,"{""temperature"": 30.0, ""humidity"": 79.0}",-38.0,9.25,0,Normal
2026-08-18 20:17:08,H:79% T:30C,Temp & Humidity,"{""temperature"": 30.0, ""humidity"": 79.0}",-43.0,9.0,0,Normal
2026-08-18 20:17:10,H:79% T:30C,Temp & Humidity,"{""temperature"": 30.0, ""humidity"": 79.0}",-38.0,9.25,0,Normal
2026-08-18 20:17:11,H:79% T:30C,Temp & Humidity,"{""temperature"": 30.0, ""humidity"": 79.0}",-38.0,10.25,0,Normal
2026-08-18 20:17:12,H:79% T:30C,Temp & Humidity,"{""temperature"": 30.0, ""humidity"": 79.0}",-38.0,9.25,0,Normal
2026-08-18 20:17:13,H:79% T:30C,Temp & Humidity,"{""temperature"": 30.0, ""humidity"": 79.0}",-38.0,9.25,0,Normal
2026-08-18 20:17:14,H:79% T:30C,Temp & Humidity,"{""temperature"": 30.0, ""humidity"": 79.0}",-38.0,9.5,0,Normal
2026-08-18 20:17:15,H:79% T:30C,Temp & Humidity,"{""temperature"": 30.0, ""humidity"": 79.0}",-38.0,9.0,0,Normal
2026-08-18 20:17:16,H:79% T:30C,Temp & Humidity,"{""temperature"": 30.0, ""humidity"": 79.0}",-38.0,9.0,0,Normal
2026-08-18 20:17:17,H:79% T:30C,Temp & Humidity,"{""temperature"": 30.0, ""humidity"": 79.0}",-43.0,8.75,0,Normal
2026-08-18 20:17:18,H:79% T:30C,Temp & Humidity,"{""temperature"": 30.0, ""humidity"": 79.0}",-38.0,9.0,0,Normal
2026-08-18 20:17:19,H:79% T:30C,Temp & Humidity,"{""temperature"": 30.0, ""humidity"": 79.0}",-38.0,9.25,0,Normal
2026-08-18 20:17:20,H:79% T:30C,Temp & Humidity,"{""temperature"": 30.0, ""humidity"": 79.0}",-37.0,9.25,0,Normal
2026-08-18 20:17:21,H:79% T:30C,Temp & Humidity,"{""temperature"": 30.0, ""humidity"": 79.0}",-39.0,9.5,1,Isolation Forest ML Anomaly
2026-08-18 20:17:22,H:79% T:30C,Temp & Humidity,"{""temperature"": 30.0, ""humidity"": 79.0}",-38.0,9.5,0,Normal
2026-08-18 20:17:24,H:79% T:30C,Temp & Humidity,"{""temperature"": 30.0, ""humidity"": 79.0}",-40.0,9.25,1,Isolation Forest ML Anomaly
2026-08-18 20:17:25,H:79% T:30C,Temp & Humidity,"{""temperature"": 30.0, ""humidity"": 79.0}",-40.0,9.5,1,Isolation Forest ML Anomaly
2026-08-18 20:17:26,H:79% T:30C,Temp & Humidity,"{""temperature"": 30.0, ""humidity"": 79.0}",-39.0,9.5,1,Isolation Forest ML Anomaly
2026-08-18 20:17:27,H:79% T:30C,Temp & Humidity,"{""temperature"": 30.0, ""humidity"": 79.0}",-40.0,9.25,1,Isolation Forest ML Anomaly
2026-08-18 20:17:28,H:79% T:30C,Temp & Humidity,"{""temperature"": 30.0, ""humidity"": 79.0}",-40.0,9.25,1,Isolation Forest ML Anomaly
2026-08-18 20:17:29,H:79% T:30C,Temp & Humidity,"{""temperature"": 30.0, ""humidity"": 79.0}",-40.0,9.5,1,Isolation Forest ML Anomaly
2026-08-18 20:17:30,H:79% T:30C,Temp & Humidity,"{""temperature"": 30.0, ""humidity"": 79.0}",-40.0,9.25,1,Isolation Forest ML Anomaly
2026-08-18 20:17:31,H:79% T:30C,Temp & Humidity,"{""temperature"": 30.0, ""humidity"": 79.0}",-39.0,9.25,1,Isolation Forest ML Anomaly
2026-08-18 20:17:32,H:79% T:30C,Temp & Humidity,"{""temperature"": 30.0, ""humidity"": 79.0}",-40.0,9.0,1,Isolation Forest ML Anomaly
2026-08-18 20:17:33,H:79% T:30C,Temp & Humidity,"{""temperature"": 30.0, ""humidity"": 79.0}",-40.0,9.25,1,Isolation Forest ML Anomaly
2026-08-18 20:17:34,H:79% T:30C,Temp & Humidity,"{""temperature"": 30.0, ""humidity"": 79.0}",-40.0,9.5,1,Isolation Forest ML Anomaly
2026-08-18 20:17:35,H:79% T:30C,Temp & Humidity,"{""temperature"": 30.0, ""humidity"": 79.0}",-40.0,9.75,1,Isolation Forest ML Anomaly
2026-08-18 20:17:36,H:79% T:30C,Temp & Humidity,"{""temperature"": 30.0, ""humidity"": 79.0}",-40.0,9.25,0,Normal
2026-08-18 20:17:37,H:79% T:30C,Temp & Humidity,"{""temperature"": 30.0, ""humidity"": 79.0}",-45.0,9.0,1,Isolation Forest ML Anomaly
2026-08-18 20:17:39,H:79% T:30C,Temp & Humidity,"{""temperature"": 30.0, ""humidity"": 79.0}",-41.0,9.0,0,Normal
2026-08-18 20:17:40,H:79% T:30C,Temp & Humidity,"{""temperature"": 30.0, ""humidity"": 79.0}",-42.0,9.25,0,Normal
2026-08-18 20:17:41,H:79% T:30C,Temp & Humidity,"{""temperature"": 30.0, ""humidity"": 79.0}",-41.0,9.25,0,Normal
2026-08-18 20:17:42,H:79% T:30C,Temp & Humidity,"{""temperature"": 30.0, ""humidity"": 79.0}",-41.0,9.0,0,Normal
2026-08-18 20:17:43,H:79% T:30C,Temp & Humidity,"{""temperature"": 30.0, ""humidity"": 79.0}",-41.0,8.75,0,Normal
2026-08-18 20:17:44,H:79% T:30C,Temp & Humidity,"{""temperature"": 30.0, ""humidity"": 79.0}",-41.0,9.0,0,Normal
2026-08-18 20:17:45,H:79% T:30C,Temp & Humidity,"{""temperature"": 30.0, ""humidity"": 79.0}",-45.0,9.25,1,Isolation Forest ML Anomaly
2026-08-18 20:17:46,H:79% T:30C,Temp & Humidity,"{""temperature"": 30.0, ""humidity"": 79.0}",-39.0,9.75,1,Isolation Forest ML Anomaly
2026-08-18 20:17:47,H:79% T:30C,Temp & Humidity,"{""temperature"": 30.0, ""humidity"": 79.0}",-38.0,9.25,0,Normal
2026-08-18 20:17:48,H:79% T:30C,Temp & Humidity,"{""temperature"": 30.0, ""humidity"": 79.0}",-38.0,9.25,0,Normal
2026-08-18 20:17:49,H:79% T:30C,Temp & Humidity,"{""temperature"": 30.0, ""humidity"": 79.0}",-38.0,9.75,0,Normal
2026-08-18 20:17:50,H:79% T:30C,Temp & Humidity,"{""temperature"": 30.0, ""humidity"": 79.0}",-38.0,9.25,0,Normal
2026-08-18 20:17:51,H:79% T:30C,Temp & Humidity,"{""temperature"": 30.0, ""humidity"": 79.0}",-38.0,9.0,0,Normal
2026-08-18 20:17:53,H:79% T:30C,Temp & Humidity,"{""temperature"": 30.0, ""humidity"": 79.0}",-38.0,9.25,0,Normal
2026-08-18 20:17:54,H:79% T:30C,Temp & Humidity,"{""temperature"": 30.0, ""humidity"": 79.0}",-39.0,9.25,1,Isolation Forest ML Anomaly
2026-08-18 20:17:55,H:78% T:31C,Temp & Humidity,"{""temperature"": 31.0, ""humidity"": 78.0}",-40.0,9.5,0,Normal
2026-08-18 20:17:56,H:78% T:31C,Temp & Humidity,"{""temperature"": 31.0, ""humidity"": 78.0}",-38.0,9.25,0,Normal
2026-08-18 20:17:57,H:78% T:31C,Temp & Humidity,"{""temperature"": 31.0, ""humidity"": 78.0}",-41.0,9.25,0,Normal
2026-08-18 20:17:58,H:78% T:31C,Temp & Humidity,"{""temperature"": 31.0, ""humidity"": 78.0}",-42.0,9.5,1,Isolation Forest ML Anomaly
2026-08-18 20:17:59,H:78% T:31C,Temp & Humidity,"{""temperature"": 31.0, ""humidity"": 78.0}",-38.0,9.0,0,Normal
2026-08-18 20:18:00,H:78% T:31C,Temp & Humidity,"{""temperature"": 31.0, ""humidity"": 78.0}",-38.0,9.5,1,Isolation Forest ML Anomaly
2026-08-18 20:18:01,H:78% T:31C,Temp & Humidity,"{""temperature"": 31.0, ""humidity"": 78.0}",-38.0,9.0,1,Isolation Forest ML Anomaly
2026-08-18 20:18:02,H:78% T:31C,Temp & Humidity,"{""temperature"": 31.0, ""humidity"": 78.0}",-38.0,9.25,0,Normal
2026-08-18 20:18:03,H:78% T:31C,Temp & Humidity,"{""temperature"": 31.0, ""humidity"": 78.0}",-38.0,9.0,0,Normal
2026-08-18 20:18:04,H:78% T:31C,Temp & Humidity,"{""temperature"": 31.0, ""humidity"": 78.0}",-38.0,9.25,0,Normal
2026-08-18 20:18:05,H:78% T:31C,Temp & Humidity,"{""temperature"": 31.0, ""humidity"": 78.0}",-38.0,9.0,0,Normal
2026-08-18 20:18:07,H:78% T:31C,Temp & Humidity,"{""temperature"": 31.0, ""humidity"": 78.0}",-38.0,9.25,0,Normal
2026-08-18 20:18:08,H:77% T:31C,Temp & Humidity,"{""temperature"": 31.0, ""humidity"": 77.0}",-38.0,9.0,0,Normal
2026-08-18 20:18:09,H:77% T:31C,Temp & Humidity,"{""temperature"": 31.0, ""humidity"": 77.0}",-38.0,9.25,0,Normal
2026-08-18 20:18:10,H:77% T:31C,Temp & Humidity,"{""temperature"": 31.0, ""humidity"": 77.0}",-37.0,9.0,0,Normal
2026-08-18 20:18:11,H:77% T:31C,Temp & Humidity,"{""temperature"": 31.0, ""humidity"": 77.0}",-38.0,9.75,0,Normal
2026-08-18 20:18:12,H:77% T:31C,Temp & Humidity,"{""temperature"": 31.0, ""humidity"": 77.0}",-38.0,9.0,0,Normal
2026-08-18 20:18:13,H:77% T:31C,Temp & Humidity,"{""temperature"": 31.0, ""humidity"": 77.0}",-38.0,9.25,0,Normal
2026-08-18 20:18:14,H:77% T:31C,Temp & Humidity,"{""temperature"": 31.0, ""humidity"": 77.0}",-38.0,9.0,0,Normal
2026-08-18 20:18:15,H:77% T:31C,Temp & Humidity,"{""temperature"": 31.0, ""humidity"": 77.0}",-38.0,9.0,0,Normal
2026-08-18 20:18:16,H:77% T:31C,Temp & Humidity,"{""temperature"": 31.0, ""humidity"": 77.0}",-38.0,9.25,0,Normal
2026-08-18 20:18:17,H:77% T:31C,Temp & Humidity,"{""temperature"": 31.0, ""humidity"": 77.0}",-38.0,9.25,0,Normal
2026-08-18 20:18:18,H:77% T:31C,Temp & Humidity,"{""temperature"": 31.0, ""humidity"": 77.0}",-38.0,9.25,0,Normal
2026-08-18 20:18:19,H:77% T:31C,Temp & Humidity,"{""temperature"": 31.0, ""humidity"": 77.0}",-38.0,9.25,0,Normal
2026-08-18 20:18:21,H:77% T:31C,Temp & Humidity,"{""temperature"": 31.0, ""humidity"": 77.0}",-38.0,9.0,0,Normal
2026-08-18 20:18:22,H:77% T:31C,Temp & Humidity,"{""temperature"": 31.0, ""humidity"": 77.0}",-38.0,9.0,0,Normal
2026-08-18 20:18:23,H:77% T:31C,Temp & Humidity,"{""temperature"": 31.0, ""humidity"": 77.0}",-38.0,9.25,0,Normal
2026-08-18 20:18:24,H:77% T:31C,Temp & Humidity,"{""temperature"": 31.0, ""humidity"": 77.0}",-38.0,9.0,0,Normal
2026-08-18 20:18:25,H:77% T:31C,Temp & Humidity,"{""temperature"": 31.0, ""humidity"": 77.0}",-38.0,9.25,0,Normal
2026-08-18 20:18:26,H:77% T:31C,Temp & Humidity,"{""temperature"": 31.0, ""humidity"": 77.0}",-37.0,9.5,0,Normal
2026-08-18 20:18:27,H:77% T:31C,Temp & Humidity,"{""temperature"": 31.0, ""humidity"": 77.0}",-38.0,9.0,0,Normal
2026-08-18 20:18:28,H:77% T:31C,Temp & Humidity,"{""temperature"": 31.0, ""humidity"": 77.0}",-38.0,9.0,0,Normal
2026-08-18 20:18:29,H:77% T:31C,Temp & Humidity,"{""temperature"": 31.0, ""humidity"": 77.0}",-38.0,9.25,0,Normal
2026-08-18 20:18:30,H:77% T:31C,Temp & Humidity,"{""temperature"": 31.0, ""humidity"": 77.0}",-38.0,9.5,0,Normal
2026-08-18 20:18:31,H:77% T:31C,Temp & Humidity,"{""temperature"": 31.0, ""humidity"": 77.0}",-38.0,9.25,0,Normal
2026-08-18 20:18:32,H:77% T:31C,Temp & Humidity,"{""temperature"": 31.0, ""humidity"": 77.0}",-38.0,9.5,0,Normal
2026-08-18 20:18:33,H:77% T:31C,Temp & Humidity,"{""temperature"": 31.0, ""humidity"": 77.0}",-38.0,9.25,0,Normal
2026-08-18 20:18:35,H:77% T:31C,Temp & Humidity,"{""temperature"": 31.0, ""humidity"": 77.0}",-38.0,9.25,0,Normal
2026-08-18 20:18:36,H:77% T:31C,Temp & Humidity,"{""temperature"": 31.0, ""humidity"": 77.0}",-38.0,9.5,0,Normal
2026-08-18 20:18:37,H:77% T:31C,Temp & Humidity,"{""temperature"": 31.0, ""humidity"": 77.0}",-38.0,9.5,0,Normal
2026-08-18 20:18:38,H:77% T:31C,Temp & Humidity,"{""temperature"": 31.0, ""humidity"": 77.0}",-38.0,9.5,0,Normal
2026-08-18 20:18:39,H:77% T:31C,Temp & Humidity,"{""temperature"": 31.0, ""humidity"": 77.0}",-38.0,9.25,0,Normal
2026-08-18 20:18:40,H:77% T:31C,Temp & Humidity,"{""temperature"": 31.0, ""humidity"": 77.0}",-38.0,9.5,0,Normal
2026-08-18 20:18:41,H:77% T:31C,Temp & Humidity,"{""temperature"": 31.0, ""humidity"": 77.0}",-38.0,9.25,0,Normal
2026-08-18 20:18:42,H:77% T:31C,Temp & Humidity,"{""temperature"": 31.0, ""humidity"": 77.0}",-38.0,9.25,0,Normal
2026-08-18 20:18:43,H:77% T:31C,Temp & Humidity,"{""temperature"": 31.0, ""humidity"": 77.0}",-38.0,8.75,0,Normal
2026-08-18 20:18:44,H:77% T:31C,Temp & Humidity,"{""temperature"": 31.0, ""humidity"": 77.0}",-38.0,9.25,0,Normal
2026-08-18 20:18:45,H:77% T:31C,Temp & Humidity,"{""temperature"": 31.0, ""humidity"": 77.0}",-38.0,9.25,0,Normal
2026-08-18 20:18:46,H:77% T:31C,Temp & Humidity,"{""temperature"": 31.0, ""humidity"": 77.0}",-38.0,9.5,0,Normal
2026-08-18 20:18:47,H:77% T:31C,Temp & Humidity,"{""temperature"": 31.0, ""humidity"": 77.0}",-38.0,9.25,0,Normal
2026-08-18 20:18:49,H:77% T:31C,Temp & Humidity,"{""temperature"": 31.0, ""humidity"": 77.0}",-38.0,9.25,0,Normal
2026-08-18 20:18:50,H:77% T:31C,Temp & Humidity,"{""temperature"": 31.0, ""humidity"": 77.0}",-38.0,9.25,0,Normal
2026-08-18 20:18:51,H:77% T:31C,Temp & Humidity,"{""temperature"": 31.0, ""humidity"": 77.0}",-38.0,9.0,0,Normal
2026-08-18 20:18:52,H:77% T:31C,Temp & Humidity,"{""temperature"": 31.0, ""humidity"": 77.0}",-38.0,9.25,0,Normal
2026-08-18 20:18:53,H:77% T:31C,Temp & Humidity,"{""temperature"": 31.0, ""humidity"": 77.0}",-38.0,9.5,0,Normal
2026-08-18 20:18:54,H:77% T:31C,Temp & Humidity,"{""temperature"": 31.0, ""humidity"": 77.0}",-38.0,9.25,0,Normal
2026-08-18 20:18:55,H:77% T:31C,Temp & Humidity,"{""temperature"": 31.0, ""humidity"": 77.0}",-38.0,9.0,0,Normal
2026-08-18 20:18:56,H:77% T:31C,Temp & Humidity,"{""temperature"": 31.0, ""humidity"": 77.0}",-38.0,9.25,0,Normal
2026-08-18 20:18:57,H:77% T:31C,Temp & Humidity,"{""temperature"": 31.0, ""humidity"": 77.0}",-38.0,9.25,0,Normal
2026-08-18 20:18:58,H:77% T:31C,Temp & Humidity,"{""temperature"": 31.0, ""humidity"": 77.0}",-38.0,9.25,0,Normal
2026-08-18 20:18:59,H:77% T:31C,Temp & Humidity,"{""temperature"": 31.0, ""humidity"": 77.0}",-38.0,9.0,0,Normal
2026-08-18 20:19:00,H:77% T:31C,Temp & Humidity,"{""temperature"": 31.0, ""humidity"": 77.0}",-38.0,9.25,0,Normal
2026-08-18 20:19:01,H:77% T:31C,Temp & Humidity,"{""temperature"": 31.0, ""humidity"": 77.0}",-38.0,9.0,0,Normal
2026-08-18 20:19:02,H:77% T:31C,Temp & Humidity,"{""temperature"": 31.0, ""humidity"": 77.0}",-38.0,9.5,0,Normal
2026-08-18 20:19:04,H:77% T:31C,Temp & Humidity,"{""temperature"": 31.0, ""humidity"": 77.0}",-38.0,9.25,0,Normal
2026-08-18 20:19:05,H:77% T:31C,Temp & Humidity,"{""temperature"": 31.0, ""humidity"": 77.0}",-38.0,9.25,0,Normal
2026-08-18 20:19:06,H:77% T:31C,Temp & Humidity,"{""temperature"": 31.0, ""humidity"": 77.0}",-38.0,9.25,0,Normal
2026-08-18 20:19:07,H:77% T:31C,Temp & Humidity,"{""temperature"": 31.0, ""humidity"": 77.0}",-38.0,9.25,0,Normal
2026-08-18 20:19:08,H:77% T:31C,Temp & Humidity,"{""temperature"": 31.0, ""humidity"": 77.0}",-38.0,9.25,0,Normal
2026-08-18 20:19:09,H:77% T:31C,Temp & Humidity,"{""temperature"": 31.0, ""humidity"": 77.0}",-38.0,9.0,0,Normal
2026-08-18 20:19:10,H:77% T:31C,Temp & Humidity,"{""temperature"": 31.0, ""humidity"": 77.0}",-38.0,9.25,0,Normal
2026-08-18 20:19:11,H:77% T:31C,Temp & Humidity,"{""temperature"": 31.0, ""humidity"": 77.0}",-38.0,9.0,0,Normal
2026-08-18 20:19:12,H:77% T:31C,Temp & Humidity,"{""temperature"": 31.0, ""humidity"": 77.0}",-38.0,9.75,0,Normal
2026-08-18 20:19:13,H:77% T:31C,Temp & Humidity,"{""temperature"": 31.0, ""humidity"": 77.0}",-38.0,9.0,0,Normal
2026-08-18 20:19:14,H:77% T:31C,Temp & Humidity,"{""temperature"": 31.0, ""humidity"": 77.0}",-38.0,9.0,0,Normal
2026-08-18 20:19:15,H:77% T:31C,Temp & Humidity,"{""temperature"": 31.0, ""humidity"": 77.0}",-38.0,9.25,0,Normal
2026-08-18 20:19:16,H:77% T:31C,Temp & Humidity,"{""temperature"": 31.0, ""humidity"": 77.0}",-38.0,9.0,0,Normal
2026-08-18 20:19:18,H:77% T:31C,Temp & Humidity,"{""temperature"": 31.0, ""humidity"": 77.0}",-38.0,9.25,0,Normal
2026-08-18 20:19:19,H:77% T:31C,Temp & Humidity,"{""temperature"": 31.0, ""humidity"": 77.0}",-38.0,9.25,0,Normal
2026-08-18 20:19:20,H:78% T:30C,Temp & Humidity,"{""temperature"": 30.0, ""humidity"": 78.0}",-38.0,9.75,0,Normal
2026-08-18 20:19:21,H:78% T:30C,Temp & Humidity,"{""temperature"": 30.0, ""humidity"": 78.0}",-38.0,9.25,0,Normal
2026-08-18 20:19:22,H:78% T:30C,Temp & Humidity,"{""temperature"": 30.0, ""humidity"": 78.0}",-38.0,9.25,0,Normal
2026-08-18 20:19:23,H:78% T:30C,Temp & Humidity,"{""temperature"": 30.0, ""humidity"": 78.0}",-38.0,9.5,0,Normal
2026-08-18 20:19:24,H:78% T:30C,Temp & Humidity,"{""temperature"": 30.0, ""humidity"": 78.0}",-38.0,9.5,0,Normal
2026-08-18 20:19:25,H:78% T:30C,Temp & Humidity,"{""temperature"": 30.0, ""humidity"": 78.0}",-38.0,9.25,0,Normal
2026-08-18 20:19:26,H:78% T:30C,Temp & Humidity,"{""temperature"": 30.0, ""humidity"": 78.0}",-38.0,9.25,0,Normal
2026-08-18 20:19:27,H:78% T:30C,Temp & Humidity,"{""temperature"": 30.0, ""humidity"": 78.0}",-38.0,9.25,0,Normal
2026-08-18 20:19:28,H:78% T:30C,Temp & Humidity,"{""temperature"": 30.0, ""humidity"": 78.0}",-37.0,9.0,0,Normal
2026-08-18 20:19:29,H:78% T:30C,Temp & Humidity,"{""temperature"": 30.0, ""humidity"": 78.0}",-38.0,8.75,0,Normal
2026-08-18 20:19:30,H:78% T:30C,Temp & Humidity,"{""temperature"": 30.0, ""humidity"": 78.0}",-38.0,9.0,0,Normal
2026-08-18 20:19:32,H:78% T:30C,Temp & Humidity,"{""temperature"": 30.0, ""humidity"": 78.0}",-38.0,9.25,0,Normal
2026-08-18 20:19:33,H:78% T:30C,Temp & Humidity,"{""temperature"": 30.0, ""humidity"": 78.0}",-38.0,9.25,0,Normal
2026-08-18 20:19:34,H:78% T:30C,Temp & Humidity,"{""temperature"": 30.0, ""humidity"": 78.0}",-38.0,9.5,0,Normal
2026-08-18 20:19:35,H:78% T:30C,Temp & Humidity,"{""temperature"": 30.0, ""humidity"": 78.0}",-38.0,9.25,0,Normal
2026-08-18 20:19:36,H:78% T:30C,Temp & Humidity,"{""temperature"": 30.0, ""humidity"": 78.0}",-40.0,9.25,0,Normal
2026-08-18 20:19:37,H:78% T:30C,Temp & Humidity,"{""temperature"": 30.0, ""humidity"": 78.0}",-39.0,9.75,1,Isolation Forest ML Anomaly
2026-08-18 20:19:38,H:78% T:30C,Temp & Humidity,"{""temperature"": 30.0, ""humidity"": 78.0}",-40.0,9.0,0,Normal
2026-08-18 20:19:39,H:78% T:30C,Temp & Humidity,"{""temperature"": 30.0, ""humidity"": 78.0}",-37.0,9.0,0,Normal
2026-08-18 20:19:40,H:78% T:30C,Temp & Humidity,"{""temperature"": 30.0, ""humidity"": 78.0}",-38.0,9.25,0,Normal
2026-08-18 20:19:41,H:78% T:30C,Temp & Humidity,"{""temperature"": 30.0, ""humidity"": 78.0}",-37.0,9.0,0,Normal
2026-08-18 20:19:42,H:78% T:30C,Temp & Humidity,"{""temperature"": 30.0, ""humidity"": 78.0}",-37.0,9.25,0,Normal
2026-08-18 20:19:43,H:78% T:30C,Temp & Humidity,"{""temperature"": 30.0, ""humidity"": 78.0}",-37.0,9.0,0,Normal
2026-08-18 20:19:44,H:78% T:30C,Temp & Humidity,"{""temperature"": 30.0, ""humidity"": 78.0}",-37.0,9.5,0,Normal
2026-08-18 20:19:46,H:78% T:30C,Temp & Humidity,"{""temperature"": 30.0, ""humidity"": 78.0}",-37.0,9.0,0,Normal
2026-08-18 20:19:47,H:78% T:30C,Temp & Humidity,"{""temperature"": 30.0, ""humidity"": 78.0}",-37.0,9.0,0,Normal
2026-08-18 20:19:48,H:78% T:30C,Temp & Humidity,"{""temperature"": 30.0, ""humidity"": 78.0}",-37.0,9.25,0,Normal
2026-08-18 20:19:49,H:78% T:30C,Temp & Humidity,"{""temperature"": 30.0, ""humidity"": 78.0}",-37.0,9.25,0,Normal
2026-08-18 20:19:50,H:78% T:30C,Temp & Humidity,"{""temperature"": 30.0, ""humidity"": 78.0}",-37.0,9.25,0,Normal
2026-08-18 20:19:51,H:78% T:30C,Temp & Humidity,"{""temperature"": 30.0, ""humidity"": 78.0}",-37.0,8.75,0,Normal
2026-08-18 20:19:52,H:78% T:30C,Temp & Humidity,"{""temperature"": 30.0, ""humidity"": 78.0}",-37.0,9.0,0,Normal
2026-08-18 20:19:53,H:78% T:30C,Temp & Humidity,"{""temperature"": 30.0, ""humidity"": 78.0}",-37.0,9.75,0,Normal
2026-08-18 20:19:54,H:78% T:30C,Temp & Humidity,"{""temperature"": 30.0, ""humidity"": 78.0}",-37.0,9.5,0,Normal
2026-08-18 20:19:55,H:78% T:30C,Temp & Humidity,"{""temperature"": 30.0, ""humidity"": 78.0}",-37.0,9.5,0,Normal
2026-08-18 20:19:56,H:78% T:30C,Temp & Humidity,"{""temperature"": 30.0, ""humidity"": 78.0}",-37.0,9.0,0,Normal
2026-08-18 20:19:57,H:78% T:30C,Temp & Humidity,"{""temperature"": 30.0, ""humidity"": 78.0}",-37.0,9.5,0,Normal
2026-08-18 20:19:58,H:78% T:30C,Temp & Humidity,"{""temperature"": 30.0, ""humidity"": 78.0}",-37.0,9.25,0,Normal
2026-08-18 20:20:00,H:78% T:30C,Temp & Humidity,"{""temperature"": 30.0, ""humidity"": 78.0}",-40.0,0.0,1,Isolation Forest ML Anomaly
2026-08-18 20:20:01,H:78% T:30C,Temp & Humidity,"{""temperature"": 30.0, ""humidity"": 78.0}",-42.0,9.25,1,Isolation Forest ML Anomaly
2026-08-18 20:20:02,H:78% T:30C,Temp & Humidity,"{""temperature"": 30.0, ""humidity"": 78.0}",-42.0,9.0,1,Isolation Forest ML Anomaly
2026-08-18 20:20:03,H:78% T:30C,Temp & Humidity,"{""temperature"": 30.0, ""humidity"": 78.0}",-42.0,9.25,1,Isolation Forest ML Anomaly
2026-08-18 20:20:04,H:78% T:30C,Temp & Humidity,"{""temperature"": 30.0, ""humidity"": 78.0}",-42.0,9.5,1,Isolation Forest ML Anomaly
2026-08-18 20:20:05,H:78% T:30C,Temp & Humidity,"{""temperature"": 30.0, ""humidity"": 78.0}",-42.0,9.5,1,Isolation Forest ML Anomaly
2026-08-18 20:20:06,H:78% T:30C,Temp & Humidity,"{""temperature"": 30.0, ""humidity"": 78.0}",-42.0,9.5,1,Isolation Forest ML Anomaly
2026-08-18 20:20:07,H:78% T:30C,Temp & Humidity,"{""temperature"": 30.0, ""humidity"": 78.0}",-42.0,9.25,1,Isolation Forest ML Anomaly
2026-08-18 20:20:08,H:78% T:30C,Temp & Humidity,"{""temperature"": 30.0, ""humidity"": 78.0}",-42.0,9.0,1,Isolation Forest ML Anomaly
2026-08-18 20:20:09,H:78% T:30C,Temp & Humidity,"{""temperature"": 30.0, ""humidity"": 78.0}",-42.0,9.25,1,Isolation Forest ML Anomaly
2026-08-18 20:20:10,H:78% T:30C,Temp & Humidity,"{""temperature"": 30.0, ""humidity"": 78.0}",-42.0,8.25,1,Isolation Forest ML Anomaly
2026-08-18 20:20:11,H:78% T:30C,Temp & Humidity,"{""temperature"": 30.0, ""humidity"": 78.0}",-42.0,8.75,1,Isolation Forest ML Anomaly
2026-08-18 20:20:12,H:78% T:30C,Temp & Humidity,"{""temperature"": 30.0, ""humidity"": 78.0}",-43.0,9.25,1,Isolation Forest ML Anomaly
2026-08-18 20:20:14,H:78% T:30C,Temp & Humidity,"{""temperature"": 30.0, ""humidity"": 78.0}",-39.0,0.0,1,Isolation Forest ML Anomaly
2026-08-18 20:20:15,H:78% T:30C,Temp & Humidity,"{""temperature"": 30.0, ""humidity"": 78.0}",-39.75,-0.75,1,Isolation Forest ML Anomaly
2026-08-18 20:20:16,H:78% T:30C,Temp & Humidity,"{""temperature"": 30.0, ""humidity"": 78.0}",-38.0,-1.0,0,Normal
2026-08-18 20:20:17,H:78% T:30C,Temp & Humidity,"{""temperature"": 30.0, ""humidity"": 78.0}",-47.5,-0.5,1,Isolation Forest ML Anomaly
2026-08-18 20:20:18,H:78% T:30C,Temp & Humidity,"{""temperature"": 30.0, ""humidity"": 78.0}",-38.75,-0.75,1,Isolation Forest ML Anomaly
2026-08-18 20:20:19,H:78% T:30C,Temp & Humidity,"{""temperature"": 30.0, ""humidity"": 78.0}",-40.0,0.25,1,Isolation Forest ML Anomaly
2026-08-18 20:20:20,H:78% T:30C,Temp & Humidity,"{""temperature"": 30.0, ""humidity"": 78.0}",-42.0,9.25,0,Normal
2026-08-18 20:20:21,H:78% T:30C,Temp & Humidity,"{""temperature"": 30.0, ""humidity"": 78.0}",-41.0,8.75,0,Normal
2026-08-18 20:20:22,H:78% T:30C,Temp & Humidity,"{""temperature"": 30.0, ""humidity"": 78.0}",-41.0,9.0,0,Normal
2026-08-18 20:20:23,H:78% T:30C,Temp & Humidity,"{""temperature"": 30.0, ""humidity"": 78.0}",-46.0,8.75,1,Isolation Forest ML Anomaly
2026-08-18 20:20:24,H:78% T:30C,Temp & Humidity,"{""temperature"": 30.0, ""humidity"": 78.0}",-41.0,10.0,1,Isolation Forest ML Anomaly
2026-08-18 20:20:25,H:78% T:30C,Temp & Humidity,"{""temperature"": 30.0, ""humidity"": 78.0}",-41.0,9.25,1,Isolation Forest ML Anomaly
2026-08-18 20:20:26,H:78% T:30C,Temp & Humidity,"{""temperature"": 30.0, ""humidity"": 78.0}",-41.0,9.25,1,Isolation Forest ML Anomaly
2026-08-18 20:20:28,H:78% T:30C,Temp & Humidity,"{""temperature"": 30.0, ""humidity"": 78.0}",-41.0,8.75,0,Normal
2026-08-18 20:20:29,H:78% T:30C,Temp & Humidity,"{""temperature"": 30.0, ""humidity"": 78.0}",-41.0,9.25,0,Normal
2026-08-18 20:20:30,H:78% T:30C,Temp & Humidity,"{""temperature"": 30.0, ""humidity"": 78.0}",-41.0,9.0,0,Normal
2026-08-18 20:20:31,H:78% T:30C,Temp & Humidity,"{""temperature"": 30.0, ""humidity"": 78.0}",-46.0,8.75,1,Isolation Forest ML Anomaly
2026-08-18 20:20:32,H:78% T:30C,Temp & Humidity,"{""temperature"": 30.0, ""humidity"": 78.0}",-41.0,9.0,0,Normal
2026-08-18 20:20:33,H:78% T:30C,Temp & Humidity,"{""temperature"": 30.0, ""humidity"": 78.0}",-46.0,9.0,1,Isolation Forest ML Anomaly
2026-08-18 20:20:34,H:78% T:30C,Temp & Humidity,"{""temperature"": 30.0, ""humidity"": 78.0}",-41.0,9.0,0,Normal
2026-08-18 20:20:35,H:78% T:30C,Temp & Humidity,"{""temperature"": 30.0, ""humidity"": 78.0}",-41.0,9.25,0,Normal
2026-08-18 20:20:36,H:78% T:30C,Temp & Humidity,"{""temperature"": 30.0, ""humidity"": 78.0}",-41.0,9.0,0,Normal
2026-08-18 20:20:37,H:78% T:30C,Temp & Humidity,"{""temperature"": 30.0, ""humidity"": 78.0}",-41.0,9.0,0,Normal
2026-08-18 20:20:38,H:78% T:30C,Temp & Humidity,"{""temperature"": 30.0, ""humidity"": 78.0}",-41.0,9.0,0,Normal
2026-08-18 20:20:39,H:78% T:30C,Temp & Humidity,"{""temperature"": 30.0, ""humidity"": 78.0}",-41.0,9.0,0,Normal
2026-08-18 20:20:40,H:78% T:30C,Temp & Humidity,"{""temperature"": 30.0, ""humidity"": 78.0}",-41.0,9.0,0,Normal
2026-08-18 20:20:42,H:78% T:30C,Temp & Humidity,"{""temperature"": 30.0, ""humidity"": 78.0}",-41.0,9.25,0,Normal
2026-08-18 20:20:43,H:78% T:30C,Temp & Humidity,"{""temperature"": 30.0, ""humidity"": 78.0}",-41.0,9.25,0,Normal
2026-08-18 20:20:44,H:78% T:30C,Temp & Humidity,"{""temperature"": 30.0, ""humidity"": 78.0}",-41.0,8.75,0,Normal
2026-08-18 20:20:45,H:78% T:30C,Temp & Humidity,"{""temperature"": 30.0, ""humidity"": 78.0}",-41.0,9.0,0,Normal
2026-08-18 20:20:46,H:78% T:30C,Temp & Humidity,"{""temperature"": 30.0, ""humidity"": 78.0}",-41.0,8.75,0,Normal
2026-08-18 20:20:47,H:78% T:30C,Temp & Humidity,"{""temperature"": 30.0, ""humidity"": 78.0}",-41.0,8.75,0,Normal
2026-08-18 20:20:48,H:78% T:30C,Temp & Humidity,"{""temperature"": 30.0, ""humidity"": 78.0}",-41.0,9.0,0,Normal
2026-08-18 20:20:49,H:78% T:30C,Temp & Humidity,"{""temperature"": 30.0, ""humidity"": 78.0}",-41.0,8.5,0,Normal
2026-08-18 20:20:50,H:78% T:30C,Temp & Humidity,"{""temperature"": 30.0, ""humidity"": 78.0}",-41.0,9.0,0,Normal
2026-08-18 20:20:51,H:78% T:30C,Temp & Humidity,"{""temperature"": 30.0, ""humidity"": 78.0}",-41.0,9.0,0,Normal
2026-08-18 20:20:52,H:78% T:30C,Temp & Humidity,"{""temperature"": 30.0, ""humidity"": 78.0}",-41.0,9.0,0,Normal
2026-08-18 20:20:53,H:78% T:30C,Temp & Humidity,"{""temperature"": 30.0, ""humidity"": 78.0}",-41.0,9.0,0,Normal
2026-08-18 20:20:54,H:78% T:30C,Temp & Humidity,"{""temperature"": 30.0, ""humidity"": 78.0}",-41.0,9.25,0,Normal
2026-08-18 20:20:55,H:78% T:30C,Temp & Humidity,"{""temperature"": 30.0, ""humidity"": 78.0}",-41.0,9.0,0,Normal
2026-08-18 20:20:57,H:78% T:30C,Temp & Humidity,"{""temperature"": 30.0, ""humidity"": 78.0}",-41.0,8.75,0,Normal
2026-08-18 20:20:58,H:78% T:30C,Temp & Humidity,"{""temperature"": 30.0, ""humidity"": 78.0}",-41.0,9.0,0,Normal
2026-08-18 20:20:59,H:78% T:30C,Temp & Humidity,"{""temperature"": 30.0, ""humidity"": 78.0}",-42.0,9.0,0,Normal
2026-08-18 20:21:00,H:78% T:30C,Temp & Humidity,"{""temperature"": 30.0, ""humidity"": 78.0}",-41.0,8.75,0,Normal
2026-08-18 20:21:01,H:78% T:30C,Temp & Humidity,"{""temperature"": 30.0, ""humidity"": 78.0}",-41.0,9.25,0,Normal
2026-08-18 20:21:02,H:78% T:30C,Temp & Humidity,"{""temperature"": 30.0, ""humidity"": 78.0}",-41.0,9.25,0,Normal
2026-08-18 20:21:03,H:78% T:30C,Temp & Humidity,"{""temperature"": 30.0, ""humidity"": 78.0}",-41.0,9.25,0,Normal
2026-08-18 20:21:04,H:78% T:30C,Temp & Humidity,"{""temperature"": 30.0, ""humidity"": 78.0}",-47.0,10.0,1,Isolation Forest ML Anomaly
2026-08-18 20:21:05,H:78% T:30C,Temp & Humidity,"{""temperature"": 30.0, ""humidity"": 78.0}",-41.0,9.75,0,Normal
2026-08-18 20:21:06,H:78% T:30C,Temp & Humidity,"{""temperature"": 30.0, ""humidity"": 78.0}",-41.0,8.75,0,Normal
2026-08-18 20:21:07,H:78% T:30C,Temp & Humidity,"{""temperature"": 30.0, ""humidity"": 78.0}",-41.0,8.5,0,Normal
2026-08-18 20:21:08,H:78% T:30C,Temp & Humidity,"{""temperature"": 30.0, ""humidity"": 78.0}",-41.0,9.0,0,Normal
2026-08-18 20:21:09,H:78% T:30C,Temp & Humidity,"{""temperature"": 30.0, ""humidity"": 78.0}",-46.0,8.75,1,Isolation Forest ML Anomaly
2026-08-18 20:21:11,H:78% T:30C,Temp & Humidity,"{""temperature"": 30.0, ""humidity"": 78.0}",-41.0,9.25,0,Normal
2026-08-18 20:21:12,H:78% T:30C,Temp & Humidity,"{""temperature"": 30.0, ""humidity"": 78.0}",-41.0,9.0,0,Normal
2026-08-18 20:21:13,H:78% T:30C,Temp & Humidity,"{""temperature"": 30.0, ""humidity"": 78.0}",-41.0,9.0,0,Normal
2026-08-18 20:21:14,H:78% T:30C,Temp & Humidity,"{""temperature"": 30.0, ""humidity"": 78.0}",-41.0,9.0,0,Normal
2026-08-18 20:21:15,H:78% T:30C,Temp & Humidity,"{""temperature"": 30.0, ""humidity"": 78.0}",-42.0,8.75,0,Normal
2026-08-18 20:21:16,H:78% T:30C,Temp & Humidity,"{""temperature"": 30.0, ""humidity"": 78.0}",-41.0,9.0,0,Normal
2026-08-18 20:21:17,H:78% T:30C,Temp & Humidity,"{""temperature"": 30.0, ""humidity"": 78.0}",-41.0,8.75,0,Normal
2026-08-18 20:21:18,H:78% T:30C,Temp & Humidity,"{""temperature"": 30.0, ""humidity"": 78.0}",-40.0,8.75,0,Normal
2026-08-18 20:21:19,H:78% T:30C,Temp & Humidity,"{""temperature"": 30.0, ""humidity"": 78.0}",-41.0,9.25,0,Normal
2026-08-18 20:21:20,H:78% T:30C,Temp & Humidity,"{""temperature"": 30.0, ""humidity"": 78.0}",-41.0,9.0,0,Normal
2026-08-18 20:21:21,H:78% T:30C,Temp & Humidity,"{""temperature"": 30.0, ""humidity"": 78.0}",-41.0,9.0,0,Normal
2026-08-18 20:21:22,H:78% T:30C,Temp & Humidity,"{""temperature"": 30.0, ""humidity"": 78.0}",-41.0,9.0,0,Normal
2026-08-18 20:21:23,H:78% T:30C,Temp & Humidity,"{""temperature"": 30.0, ""humidity"": 78.0}",-41.0,9.0,0,Normal
2026-08-18 20:21:25,H:78% T:30C,Temp & Humidity,"{""temperature"": 30.0, ""humidity"": 78.0}",-41.0,9.25,0,Normal
2026-08-18 20:21:26,H:78% T:30C,Temp & Humidity,"{""temperature"": 30.0, ""humidity"": 78.0}",-41.0,9.25,0,Normal
2026-08-18 20:21:27,H:78% T:30C,Temp & Humidity,"{""temperature"": 30.0, ""humidity"": 78.0}",-41.0,9.25,0,Normal
2026-08-18 20:21:28,H:78% T:30C,Temp & Humidity,"{""temperature"": 30.0, ""humidity"": 78.0}",-41.0,9.25,0,Normal
2026-08-18 20:21:29,H:78% T:30C,Temp & Humidity,"{""temperature"": 30.0, ""humidity"": 78.0}",-46.0,9.0,1,Isolation Forest ML Anomaly
2026-08-18 20:21:30,H:78% T:30C,Temp & Humidity,"{""temperature"": 30.0, ""humidity"": 78.0}",-41.0,9.0,0,Normal
2026-08-18 20:21:31,H:78% T:30C,Temp & Humidity,"{""temperature"": 30.0, ""humidity"": 78.0}",-41.0,9.0,0,Normal
2026-08-18 20:21:32,H:78% T:30C,Temp & Humidity,"{""temperature"": 30.0, ""humidity"": 78.0}",-41.0,9.0,0,Normal
2026-08-18 20:21:33,H:78% T:30C,Temp & Humidity,"{""temperature"": 30.0, ""humidity"": 78.0}",-41.0,9.0,0,Normal
2026-08-18 20:21:34,H:78% T:30C,Temp & Humidity,"{""temperature"": 30.0, ""humidity"": 78.0}",-41.0,8.75,0,Normal
2026-08-18 20:21:35,H:78% T:30C,Temp & Humidity,"{""temperature"": 30.0, ""humidity"": 78.0}",-46.0,9.0,1,Isolation Forest ML Anomaly
2026-08-18 20:21:36,H:78% T:30C,Temp & Humidity,"{""temperature"": 30.0, ""humidity"": 78.0}",-41.0,9.0,0,Normal
2026-08-18 20:21:37,H:78% T:30C,Temp & Humidity,"{""temperature"": 30.0, ""humidity"": 78.0}",-41.0,8.75,0,Normal
2026-08-18 20:21:39,H:78% T:30C,Temp & Humidity,"{""temperature"": 30.0, ""humidity"": 78.0}",-41.0,9.0,0,Normal
2026-08-18 20:21:40,H:78% T:30C,Temp & Humidity,"{""temperature"": 30.0, ""humidity"": 78.0}",-41.0,9.0,0,Normal
2026-08-18 20:21:41,H:78% T:30C,Temp & Humidity,"{""temperature"": 30.0, ""humidity"": 78.0}",-41.0,8.75,0,Normal
2026-08-18 20:21:42,H:78% T:30C,Temp & Humidity,"{""temperature"": 30.0, ""humidity"": 78.0}",-41.0,9.0,0,Normal
2026-08-18 20:21:43,H:78% T:30C,Temp & Humidity,"{""temperature"": 30.0, ""humidity"": 78.0}",-41.0,9.0,0,Normal
2026-08-18 20:21:44,H:78% T:30C,Temp & Humidity,"{""temperature"": 30.0, ""humidity"": 78.0}",-41.0,9.0,0,Normal
2026-08-18 20:21:45,H:78% T:30C,Temp & Humidity,"{""temperature"": 30.0, ""humidity"": 78.0}",-41.0,9.25,0,Normal
2026-08-18 20:21:46,H:78% T:30C,Temp & Humidity,"{""temperature"": 30.0, ""humidity"": 78.0}",-41.0,9.0,0,Normal
2026-08-18 20:21:47,H:78% T:30C,Temp & Humidity,"{""temperature"": 30.0, ""humidity"": 78.0}",-41.0,9.0,0,Normal
2026-08-18 20:21:48,H:78% T:30C,Temp & Humidity,"{""temperature"": 30.0, ""humidity"": 78.0}",-41.0,9.0,0,Normal
2026-08-18 20:21:49,H:78% T:30C,Temp & Humidity,"{""temperature"": 30.0, ""humidity"": 78.0}",-41.0,9.25,0,Normal
2026-08-18 20:21:50,H:79% T:30C,Temp & Humidity,"{""temperature"": 30.0, ""humidity"": 79.0}",-41.0,9.5,0,Normal
2026-08-18 20:21:51,H:78% T:30C,Temp & Humidity,"{""temperature"": 30.0, ""humidity"": 78.0}",-41.0,8.75,0,Normal
2026-08-18 20:21:53,H:79% T:30C,Temp & Humidity,"{""temperature"": 30.0, ""humidity"": 79.0}",-41.0,9.0,0,Normal
2026-08-18 20:21:54,H:79% T:30C,Temp & Humidity,"{""temperature"": 30.0, ""humidity"": 79.0}",-42.0,9.0,1,Isolation Forest ML Anomaly
2026-08-18 20:21:55,H:79% T:30C,Temp & Humidity,"{""temperature"": 30.0, ""humidity"": 79.0}",-41.0,9.25,0,Normal
2026-08-18 20:21:56,H:79% T:30C,Temp & Humidity,"{""temperature"": 30.0, ""humidity"": 79.0}",-41.0,8.5,0,Normal
2026-08-18 20:21:57,H:79% T:30C,Temp & Humidity,"{""temperature"": 30.0, ""humidity"": 79.0}",-41.0,9.0,0,Normal
2026-08-18 20:21:58,H:79% T:30C,Temp & Humidity,"{""temperature"": 30.0, ""humidity"": 79.0}",-36.0,9.0,0,Normal
2026-08-18 20:21:59,H:79% T:30C,Temp & Humidity,"{""temperature"": 30.0, ""humidity"": 79.0}",-38.0,9.5,0,Normal
2026-08-18 20:22:00,H:78% T:30C,Temp & Humidity,"{""temperature"": 30.0, ""humidity"": 78.0}",-41.0,8.75,0,Normal
2026-08-18 20:22:01,H:78% T:30C,Temp & Humidity,"{""temperature"": 30.0, ""humidity"": 78.0}",-41.0,8.75,0,Normal
2026-08-18 20:22:02,H:78% T:30C,Temp & Humidity,"{""temperature"": 30.0, ""humidity"": 78.0}",-41.0,9.0,0,Normal
2026-08-18 20:22:03,H:78% T:30C,Temp & Humidity,"{""temperature"": 30.0, ""humidity"": 78.0}",-41.0,9.25,0,Normal
2026-08-18 20:22:04,H:78% T:30C,Temp & Humidity,"{""temperature"": 30.0, ""humidity"": 78.0}",-41.0,9.25,0,Normal
2026-08-18 20:22:05,H:78% T:30C,Temp & Humidity,"{""temperature"": 30.0, ""humidity"": 78.0}",-41.0,9.25,0,Normal
2026-08-18 20:22:07,H:78% T:30C,Temp & Humidity,"{""temperature"": 30.0, ""humidity"": 78.0}",-41.0,9.0,0,Normal
2026-08-18 20:22:08,H:79% T:30C,Temp & Humidity,"{""temperature"": 30.0, ""humidity"": 79.0}",-41.0,9.25,0,Normal
2026-08-18 20:22:09,H:78% T:30C,Temp & Humidity,"{""temperature"": 30.0, ""humidity"": 78.0}",-41.0,9.25,0,Normal
2026-08-18 20:22:10,H:78% T:30C,Temp & Humidity,"{""temperature"": 30.0, ""humidity"": 78.0}",-41.0,9.0,0,Normal
2026-08-18 20:22:11,H:79% T:30C,Temp & Humidity,"{""temperature"": 30.0, ""humidity"": 79.0}",-41.0,9.25,0,Normal
2026-08-18 20:22:12,H:79% T:30C,Temp & Humidity,"{""temperature"": 30.0, ""humidity"": 79.0}",-41.0,9.25,0,Normal
2026-08-18 20:22:13,H:79% T:30C,Temp & Humidity,"{""temperature"": 30.0, ""humidity"": 79.0}",-41.0,9.0,0,Normal
2026-08-18 20:22:14,H:79% T:30C,Temp & Humidity,"{""temperature"": 30.0, ""humidity"": 79.0}",-41.0,9.0,0,Normal
2026-08-18 20:22:15,H:79% T:30C,Temp & Humidity,"{""temperature"": 30.0, ""humidity"": 79.0}",-41.0,9.0,0,Normal
2026-08-18 20:22:16,H:79% T:30C,Temp & Humidity,"{""temperature"": 30.0, ""humidity"": 79.0}",-41.0,9.0,0,Normal
2026-08-18 20:22:17,H:79% T:30C,Temp & Humidity,"{""temperature"": 30.0, ""humidity"": 79.0}",-41.0,8.75,0,Normal
2026-08-18 20:22:18,H:79% T:30C,Temp & Humidity,"{""temperature"": 30.0, ""humidity"": 79.0}",-41.0,9.25,0,Normal
2026-08-18 20:22:19,H:79% T:30C,Temp & Humidity,"{""temperature"": 30.0, ""humidity"": 79.0}",-46.0,9.0,1,Isolation Forest ML Anomaly
2026-08-18 20:22:21,H:79% T:30C,Temp & Humidity,"{""temperature"": 30.0, ""humidity"": 79.0}",-41.0,9.25,0,Normal
2026-08-18 20:22:22,H:79% T:30C,Temp & Humidity,"{""temperature"": 30.0, ""humidity"": 79.0}",-41.0,8.75,0,Normal
2026-08-18 20:22:23,H:79% T:30C,Temp & Humidity,"{""temperature"": 30.0, ""humidity"": 79.0}",-41.0,8.75,0,Normal
2026-08-18 20:22:24,H:79% T:30C,Temp & Humidity,"{""temperature"": 30.0, ""humidity"": 79.0}",-41.0,8.75,0,Normal
2026-08-18 20:22:25,H:79% T:30C,Temp & Humidity,"{""temperature"": 30.0, ""humidity"": 79.0}",-41.0,9.25,0,Normal
2026-08-18 20:22:26,H:79% T:30C,Temp & Humidity,"{""temperature"": 30.0, ""humidity"": 79.0}",-42.0,9.0,1,Isolation Forest ML Anomaly
2026-08-18 20:22:27,H:79% T:30C,Temp & Humidity,"{""temperature"": 30.0, ""humidity"": 79.0}",-41.0,9.0,0,Normal
2026-08-18 20:22:28,H:79% T:30C,Temp & Humidity,"{""temperature"": 30.0, ""humidity"": 79.0}",-42.0,9.25,1,Isolation Forest ML Anomaly
2026-08-18 20:22:29,H:79% T:30C,Temp & Humidity,"{""temperature"": 30.0, ""humidity"": 79.0}",-42.0,9.0,1,Isolation Forest ML Anomaly
2026-08-18 20:22:30,H:79% T:30C,Temp & Humidity,"{""temperature"": 30.0, ""humidity"": 79.0}",-42.0,9.25,1,Isolation Forest ML Anomaly
2026-08-18 20:22:31,H:79% T:30C,Temp & Humidity,"{""temperature"": 30.0, ""humidity"": 79.0}",-42.0,9.25,1,Isolation Forest ML Anomaly
2026-08-18 20:22:32,H:79% T:30C,Temp & Humidity,"{""temperature"": 30.0, ""humidity"": 79.0}",-42.0,9.25,1,Isolation Forest ML Anomaly
2026-08-18 20:22:33,H:79% T:30C,Temp & Humidity,"{""temperature"": 30.0, ""humidity"": 79.0}",-42.0,9.0,1,Isolation Forest ML Anomaly
2026-08-18 20:22:35,H:79% T:30C,Temp & Humidity,"{""temperature"": 30.0, ""humidity"": 79.0}",-42.0,9.25,1,Isolation Forest ML Anomaly
2026-08-18 20:22:36,H:79% T:30C,Temp & Humidity,"{""temperature"": 30.0, ""humidity"": 79.0}",-42.0,9.25,1,Isolation Forest ML Anomaly
2026-08-18 20:22:37,H:79% T:30C,Temp & Humidity,"{""temperature"": 30.0, ""humidity"": 79.0}",-42.0,9.0,1,Isolation Forest ML Anomaly
2026-08-18 20:22:38,H:79% T:30C,Temp & Humidity,"{""temperature"": 30.0, ""humidity"": 79.0}",-42.0,9.25,1,Isolation Forest ML Anomaly
2026-08-18 20:22:39,H:79% T:30C,Temp & Humidity,"{""temperature"": 30.0, ""humidity"": 79.0}",-42.0,9.25,1,Isolation Forest ML Anomaly
2026-08-18 20:22:40,H:79% T:30C,Temp & Humidity,"{""temperature"": 30.0, ""humidity"": 79.0}",-42.0,9.0,1,Isolation Forest ML Anomaly
2026-08-18 20:22:41,H:79% T:30C,Temp & Humidity,"{""temperature"": 30.0, ""humidity"": 79.0}",-42.0,9.0,1,Isolation Forest ML Anomaly
2026-08-18 20:22:42,H:79% T:30C,Temp & Humidity,"{""temperature"": 30.0, ""humidity"": 79.0}",-42.0,9.0,0,Normal
2026-08-18 20:22:43,H:79% T:30C,Temp & Humidity,"{""temperature"": 30.0, ""humidity"": 79.0}",-42.0,9.25,0,Normal
2026-08-18 20:22:44,H:79% T:30C,Temp & Humidity,"{""temperature"": 30.0, ""humidity"": 79.0}",-41.0,9.0,0,Normal
2026-08-18 20:22:45,H:79% T:30C,Temp & Humidity,"{""temperature"": 30.0, ""humidity"": 79.0}",-42.0,9.25,0,Normal
2026-08-18 20:22:46,H:79% T:30C,Temp & Humidity,"{""temperature"": 30.0, ""humidity"": 79.0}",-42.0,9.25,0,Normal
2026-08-18 20:22:47,H:79% T:30C,Temp & Humidity,"{""temperature"": 30.0, ""humidity"": 79.0}",-42.0,9.5,0,Normal
2026-08-18 20:22:48,H:79% T:30C,Temp & Humidity,"{""temperature"": 30.0, ""humidity"": 79.0}",-42.0,9.25,0,Normal
2026-08-18 20:22:50,H:79% T:30C,Temp & Humidity,"{""temperature"": 30.0, ""humidity"": 79.0}",-42.0,9.25,0,Normal
2026-08-18 20:22:51,H:79% T:30C,Temp & Humidity,"{""temperature"": 30.0, ""humidity"": 79.0}",-42.0,9.0,0,Normal
2026-08-18 20:22:52,H:79% T:30C,Temp & Humidity,"{""temperature"": 30.0, ""humidity"": 79.0}",-41.0,9.25,0,Normal
2026-08-18 20:22:53,H:79% T:30C,Temp & Humidity,"{""temperature"": 30.0, ""humidity"": 79.0}",-41.0,8.75,0,Normal
2026-08-18 20:22:54,H:79% T:30C,Temp & Humidity,"{""temperature"": 30.0, ""humidity"": 79.0}",-41.0,8.75,0,Normal
2026-08-18 20:22:55,H:79% T:30C,Temp & Humidity,"{""temperature"": 30.0, ""humidity"": 79.0}",-41.0,9.0,0,Normal
2026-08-18 20:22:56,H:79% T:30C,Temp & Humidity,"{""temperature"": 30.0, ""humidity"": 79.0}",-41.0,9.25,0,Normal
2026-08-18 20:22:57,H:79% T:30C,Temp & Humidity,"{""temperature"": 30.0, ""humidity"": 79.0}",-41.0,8.75,0,Normal
2026-08-18 20:22:58,H:79% T:30C,Temp & Humidity,"{""temperature"": 30.0, ""humidity"": 79.0}",-41.0,9.0,0,Normal
2026-08-18 20:22:59,H:79% T:30C,Temp & Humidity,"{""temperature"": 30.0, ""humidity"": 79.0}",-41.0,9.0,0,Normal
2026-08-18 20:23:00,H:79% T:30C,Temp & Humidity,"{""temperature"": 30.0, ""humidity"": 79.0}",-42.0,9.5,0,Normal
2026-08-18 20:23:01,H:79% T:30C,Temp & Humidity,"{""temperature"": 30.0, ""humidity"": 79.0}",-42.0,9.25,0,Normal
2026-08-18 20:23:02,H:79% T:30C,Temp & Humidity,"{""temperature"": 30.0, ""humidity"": 79.0}",-41.0,9.0,0,Normal
2026-08-18 20:23:04,H:79% T:30C,Temp & Humidity,"{""temperature"": 30.0, ""humidity"": 79.0}",-41.0,9.0,0,Normal
2026-08-18 20:23:05,H:79% T:30C,Temp & Humidity,"{""temperature"": 30.0, ""humidity"": 79.0}",-41.0,9.0,0,Normal
2026-08-18 20:23:06,H:79% T:30C,Temp & Humidity,"{""temperature"": 30.0, ""humidity"": 79.0}",-41.0,9.0,0,Normal
2026-08-18 20:23:07,H:79% T:30C,Temp & Humidity,"{""temperature"": 30.0, ""humidity"": 79.0}",-41.0,8.75,0,Normal
2026-08-18 20:23:08,H:79% T:30C,Temp & Humidity,"{""temperature"": 30.0, ""humidity"": 79.0}",-46.0,8.75,1,Isolation Forest ML Anomaly
2026-08-18 20:23:09,H:79% T:30C,Temp & Humidity,"{""temperature"": 30.0, ""humidity"": 79.0}",-41.0,9.25,0,Normal
2026-08-18 20:23:10,H:79% T:30C,Temp & Humidity,"{""temperature"": 30.0, ""humidity"": 79.0}",-41.0,9.0,0,Normal
2026-08-18 20:23:11,H:79% T:30C,Temp & Humidity,"{""temperature"": 30.0, ""humidity"": 79.0}",-41.0,9.0,0,Normal
2026-08-18 20:23:12,H:79% T:30C,Temp & Humidity,"{""temperature"": 30.0, ""humidity"": 79.0}",-41.0,9.0,0,Normal
2026-08-18 20:23:13,H:79% T:30C,Temp & Humidity,"{""temperature"": 30.0, ""humidity"": 79.0}",-41.0,9.25,0,Normal
2026-08-18 20:23:14,H:79% T:30C,Temp & Humidity,"{""temperature"": 30.0, ""humidity"": 79.0}",-41.0,9.0,0,Normal
2026-08-18 20:23:15,H:79% T:30C,Temp & Humidity,"{""temperature"": 30.0, ""humidity"": 79.0}",-42.0,9.0,0,Normal
2026-08-18 20:23:16,H:79% T:30C,Temp & Humidity,"{""temperature"": 30.0, ""humidity"": 79.0}",-42.0,9.0,0,Normal
2026-08-18 20:23:18,H:79% T:30C,Temp & Humidity,"{""temperature"": 30.0, ""humidity"": 79.0}",-41.0,9.25,0,Normal
2026-08-18 20:23:19,H:79% T:30C,Temp & Humidity,"{""temperature"": 30.0, ""humidity"": 79.0}",-41.0,9.25,0,Normal
2026-08-18 20:23:20,H:79% T:30C,Temp & Humidity,"{""temperature"": 30.0, ""humidity"": 79.0}",-41.0,9.0,0,Normal
2026-08-18 20:23:21,H:79% T:30C,Temp & Humidity,"{""temperature"": 30.0, ""humidity"": 79.0}",-41.0,9.0,0,Normal
2026-08-18 20:23:22,H:79% T:30C,Temp & Humidity,"{""temperature"": 30.0, ""humidity"": 79.0}",-41.0,9.5,0,Normal
2026-08-18 20:23:23,H:79% T:30C,Temp & Humidity,"{""temperature"": 30.0, ""humidity"": 79.0}",-41.0,9.25,0,Normal
2026-08-18 20:23:24,H:79% T:30C,Temp & Humidity,"{""temperature"": 30.0, ""humidity"": 79.0}",-41.0,9.0,0,Normal
2026-08-18 20:23:25,H:79% T:30C,Temp & Humidity,"{""temperature"": 30.0, ""humidity"": 79.0}",-41.0,9.0,0,Normal
2026-08-18 20:23:26,H:79% T:30C,Temp & Humidity,"{""temperature"": 30.0, ""humidity"": 79.0}",-41.0,8.75,0,Normal
2026-08-18 20:23:27,H:79% T:30C,Temp & Humidity,"{""temperature"": 30.0, ""humidity"": 79.0}",-41.0,9.0,0,Normal
2026-08-18 20:23:28,H:79% T:30C,Temp & Humidity,"{""temperature"": 30.0, ""humidity"": 79.0}",-41.0,9.0,0,Normal
2026-08-18 20:23:29,H:79% T:30C,Temp & Humidity,"{""temperature"": 30.0, ""humidity"": 79.0}",-41.0,9.25,0,Normal
2026-08-18 20:23:30,H:79% T:30C,Temp & Humidity,"{""temperature"": 30.0, ""humidity"": 79.0}",-42.0,9.0,0,Normal
2026-08-18 20:23:32,H:79% T:30C,Temp & Humidity,"{""temperature"": 30.0, ""humidity"": 79.0}",-42.0,9.0,0,Normal
2026-08-18 20:23:33,H:79% T:30C,Temp & Humidity,"{""temperature"": 30.0, ""humidity"": 79.0}",-42.0,9.25,0,Normal
2026-08-18 20:23:34,H:79% T:30C,Temp & Humidity,"{""temperature"": 30.0, ""humidity"": 79.0}",-42.0,9.25,0,Normal
2026-08-18 20:23:35,H:79% T:30C,Temp & Humidity,"{""temperature"": 30.0, ""humidity"": 79.0}",-42.0,9.0,0,Normal
2026-08-18 20:23:36,H:79% T:30C,Temp & Humidity,"{""temperature"": 30.0, ""humidity"": 79.0}",-42.0,9.0,0,Normal
2026-08-18 20:23:37,H:79% T:30C,Temp & Humidity,"{""temperature"": 30.0, ""humidity"": 79.0}",-42.0,9.25,0,Normal
2026-08-18 20:23:38,H:79% T:30C,Temp & Humidity,"{""temperature"": 30.0, ""humidity"": 79.0}",-42.0,9.25,0,Normal
2026-08-18 20:23:39,H:79% T:30C,Temp & Humidity,"{""temperature"": 30.0, ""humidity"": 79.0}",-42.0,9.0,0,Normal
2026-08-18 20:23:40,H:79% T:30C,Temp & Humidity,"{""temperature"": 30.0, ""humidity"": 79.0}",-42.0,9.25,0,Normal
2026-08-18 20:23:41,H:79% T:30C,Temp & Humidity,"{""temperature"": 30.0, ""humidity"": 79.0}",-42.0,9.25,0,Normal
2026-08-18 20:23:42,H:79% T:30C,Temp & Humidity,"{""temperature"": 30.0, ""humidity"": 79.0}",-42.0,9.5,0,Normal
2026-08-18 20:23:43,H:79% T:30C,Temp & Humidity,"{""temperature"": 30.0, ""humidity"": 79.0}",-42.0,9.5,0,Normal
2026-08-18 20:23:44,H:79% T:30C,Temp & Humidity,"{""temperature"": 30.0, ""humidity"": 79.0}",-42.0,9.25,0,Normal
2026-08-18 20:23:46,H:79% T:30C,Temp & Humidity,"{""temperature"": 30.0, ""humidity"": 79.0}",-41.0,9.25,0,Normal
2026-08-18 20:23:47,H:79% T:30C,Temp & Humidity,"{""temperature"": 30.0, ""humidity"": 79.0}",-41.0,9.25,0,Normal
2026-08-18 20:23:48,H:79% T:30C,Temp & Humidity,"{""temperature"": 30.0, ""humidity"": 79.0}",-42.0,9.0,0,Normal
2026-08-18 20:23:49,H:79% T:30C,Temp & Humidity,"{""temperature"": 30.0, ""humidity"": 79.0}",-42.0,9.5,0,Normal
2026-08-18 20:23:50,H:79% T:30C,Temp & Humidity,"{""temperature"": 30.0, ""humidity"": 79.0}",-42.0,9.0,0,Normal
2026-08-18 20:23:51,H:79% T:30C,Temp & Humidity,"{""temperature"": 30.0, ""humidity"": 79.0}",-42.0,9.25,0,Normal
2026-08-18 20:23:52,H:79% T:30C,Temp & Humidity,"{""temperature"": 30.0, ""humidity"": 79.0}",-47.0,9.25,1,Isolation Forest ML Anomaly
2026-08-18 20:23:53,H:79% T:30C,Temp & Humidity,"{""temperature"": 30.0, ""humidity"": 79.0}",-47.0,9.0,1,Isolation Forest ML Anomaly
2026-08-18 20:23:54,H:79% T:30C,Temp & Humidity,"{""temperature"": 30.0, ""humidity"": 79.0}",-42.0,9.25,0,Normal
2026-08-18 20:23:55,H:79% T:30C,Temp & Humidity,"{""temperature"": 30.0, ""humidity"": 79.0}",-42.0,9.25,0,Normal
2026-08-18 20:23:56,H:79% T:30C,Temp & Humidity,"{""temperature"": 30.0, ""humidity"": 79.0}",-42.0,9.25,0,Normal
2026-08-18 20:23:57,H:79% T:30C,Temp & Humidity,"{""temperature"": 30.0, ""humidity"": 79.0}",-42.0,9.25,0,Normal
2026-08-18 20:23:58,H:79% T:30C,Temp & Humidity,"{""temperature"": 30.0, ""humidity"": 79.0}",-42.0,9.5,0,Normal
2026-08-18 20:24:00,H:79% T:30C,Temp & Humidity,"{""temperature"": 30.0, ""humidity"": 79.0}",-42.0,9.0,0,Normal
2026-08-18 20:24:01,H:79% T:30C,Temp & Humidity,"{""temperature"": 30.0, ""humidity"": 79.0}",-42.0,9.25,0,Normal
2026-08-18 20:24:02,H:79% T:30C,Temp & Humidity,"{""temperature"": 30.0, ""humidity"": 79.0}",-42.0,9.25,0,Normal
2026-08-18 20:24:03,H:79% T:30C,Temp & Humidity,"{""temperature"": 30.0, ""humidity"": 79.0}",-42.0,9.0,0,Normal
2026-08-18 20:24:04,H:79% T:30C,Temp & Humidity,"{""temperature"": 30.0, ""humidity"": 79.0}",-42.0,9.5,0,Normal
2026-08-18 20:24:05,H:79% T:30C,Temp & Humidity,"{""temperature"": 30.0, ""humidity"": 79.0}",-41.0,9.25,0,Normal
2026-08-18 20:24:06,H:79% T:30C,Temp & Humidity,"{""temperature"": 30.0, ""humidity"": 79.0}",-47.0,9.25,1,Isolation Forest ML Anomaly
2026-08-18 20:24:07,H:79% T:30C,Temp & Humidity,"{""temperature"": 30.0, ""humidity"": 79.0}",-42.0,9.0,0,Normal
2026-08-18 20:24:08,H:79% T:30C,Temp & Humidity,"{""temperature"": 30.0, ""humidity"": 79.0}",-47.0,9.25,1,Isolation Forest ML Anomaly
2026-08-18 20:24:09,H:79% T:30C,Temp & Humidity,"{""temperature"": 30.0, ""humidity"": 79.0}",-42.0,9.25,0,Normal
2026-08-18 20:24:10,H:79% T:30C,Temp & Humidity,"{""temperature"": 30.0, ""humidity"": 79.0}",-42.0,9.25,0,Normal
2026-08-18 20:24:11,H:79% T:30C,Temp & Humidity,"{""temperature"": 30.0, ""humidity"": 79.0}",-41.0,9.5,0,Normal
2026-08-18 20:24:12,H:79% T:30C,Temp & Humidity,"{""temperature"": 30.0, ""humidity"": 79.0}",-49.0,0.25,1,Isolation Forest ML Anomaly
2026-08-18 20:24:14,H:79% T:30C,Temp & Humidity,"{""temperature"": 30.0, ""humidity"": 79.0}",-43.0,0.0,0,Normal
2026-08-18 20:24:15,H:79% T:30C,Temp & Humidity,"{""temperature"": 30.0, ""humidity"": 79.0}",-42.0,8.25,0,Normal
2026-08-18 20:24:16,H:79% T:30C,Temp & Humidity,"{""temperature"": 30.0, ""humidity"": 79.0}",-43.0,5.0,0,Normal
2026-08-18 20:24:17,H:79% T:30C,Temp & Humidity,"{""temperature"": 30.0, ""humidity"": 79.0}",-42.0,1.75,0,Normal
2026-08-18 20:24:18,H:79% T:30C,Temp & Humidity,"{""temperature"": 30.0, ""humidity"": 79.0}",-45.0,1.75,1,Isolation Forest ML Anomaly
2026-08-18 20:24:19,H:79% T:30C,Temp & Humidity,"{""temperature"": 30.0, ""humidity"": 79.0}",-43.0,4.5,0,Normal
2026-08-18 20:24:20,H:79% T:30C,Temp & Humidity,"{""temperature"": 30.0, ""humidity"": 79.0}",-42.0,3.75,0,Normal
2026-08-18 20:24:21,H:79% T:30C,Temp & Humidity,"{""temperature"": 30.0, ""humidity"": 79.0}",-44.0,3.5,1,Isolation Forest ML Anomaly
2026-08-18 20:24:22,H:79% T:30C,Temp & Humidity,"{""temperature"": 30.0, ""humidity"": 79.0}",-42.0,3.0,0,Normal
2026-08-18 20:24:23,H:79% T:30C,Temp & Humidity,"{""temperature"": 30.0, ""humidity"": 79.0}",-42.0,9.5,0,Normal
2026-08-18 20:24:24,H:79% T:30C,Temp & Humidity,"{""temperature"": 30.0, ""humidity"": 79.0}",-42.0,9.5,0,Normal
2026-08-18 20:24:25,H:79% T:30C,Temp & Humidity,"{""temperature"": 30.0, ""humidity"": 79.0}",-42.0,9.0,0,Normal
2026-08-18 20:24:26,H:79% T:30C,Temp & Humidity,"{""temperature"": 30.0, ""humidity"": 79.0}",-42.0,9.25,0,Normal
2026-08-18 20:24:27,H:79% T:30C,Temp & Humidity,"{""temperature"": 30.0, ""humidity"": 79.0}",-42.0,9.25,0,Normal
2026-08-18 20:24:29,H:79% T:30C,Temp & Humidity,"{""temperature"": 30.0, ""humidity"": 79.0}",-42.0,9.5,0,Normal
2026-08-18 20:24:30,H:79% T:30C,Temp & Humidity,"{""temperature"": 30.0, ""humidity"": 79.0}",-42.0,9.25,0,Normal
2026-08-18 20:24:31,H:79% T:30C,Temp & Humidity,"{""temperature"": 30.0, ""humidity"": 79.0}",-41.0,9.25,0,Normal
2026-08-18 20:24:32,H:79% T:30C,Temp & Humidity,"{""temperature"": 30.0, ""humidity"": 79.0}",-42.0,9.25,0,Normal
2026-08-18 20:24:33,H:79% T:30C,Temp & Humidity,"{""temperature"": 30.0, ""humidity"": 79.0}",-41.0,9.5,0,Normal
2026-08-18 20:24:34,H:79% T:30C,Temp & Humidity,"{""temperature"": 30.0, ""humidity"": 79.0}",-42.0,9.0,0,Normal
2026-08-18 20:24:35,H:79% T:30C,Temp & Humidity,"{""temperature"": 30.0, ""humidity"": 79.0}",-42.0,8.75,0,Normal
2026-08-18 20:24:36,H:79% T:30C,Temp & Humidity,"{""temperature"": 30.0, ""humidity"": 79.0}",-42.0,9.0,0,Normal
2026-08-18 20:24:37,H:79% T:30C,Temp & Humidity,"{""temperature"": 30.0, ""humidity"": 79.0}",-41.0,9.0,0,Normal
2026-08-18 20:24:38,H:79% T:30C,Temp & Humidity,"{""temperature"": 30.0, ""humidity"": 79.0}",-42.0,12.0,0,Normal
2026-08-18 20:24:39,H:79% T:30C,Temp & Humidity,"{""temperature"": 30.0, ""humidity"": 79.0}",-42.0,9.5,0,Normal
2026-08-18 20:24:40,H:79% T:30C,Temp & Humidity,"{""temperature"": 30.0, ""humidity"": 79.0}",-42.0,9.25,0,Normal
2026-08-18 20:24:42,H:79% T:30C,Temp & Humidity,"{""temperature"": 30.0, ""humidity"": 79.0}",-42.0,9.5,0,Normal
2026-08-18 20:24:43,H:79% T:30C,Temp & Humidity,"{""temperature"": 30.0, ""humidity"": 79.0}",-42.0,9.5,0,Normal
2026-08-18 20:24:44,H:79% T:30C,Temp & Humidity,"{""temperature"": 30.0, ""humidity"": 79.0}",-42.0,9.75,0,Normal
2026-08-18 20:24:45,H:79% T:30C,Temp & Humidity,"{""temperature"": 30.0, ""humidity"": 79.0}",-42.0,9.0,0,Normal
2026-08-18 20:24:46,H:79% T:30C,Temp & Humidity,"{""temperature"": 30.0, ""humidity"": 79.0}",-42.0,9.25,0,Normal
2026-08-18 20:24:47,H:79% T:30C,Temp & Humidity,"{""temperature"": 30.0, ""humidity"": 79.0}",-42.0,9.0,0,Normal
2026-08-18 20:24:48,H:79% T:30C,Temp & Humidity,"{""temperature"": 30.0, ""humidity"": 79.0}",-42.0,9.25,0,Normal
2026-08-18 20:24:49,H:79% T:30C,Temp & Humidity,"{""temperature"": 30.0, ""humidity"": 79.0}",-42.0,9.25,0,Normal
2026-08-18 20:24:50,H:79% T:30C,Temp & Humidity,"{""temperature"": 30.0, ""humidity"": 79.0}",-41.0,9.25,0,Normal
2026-08-18 20:24:51,H:79% T:30C,Temp & Humidity,"{""temperature"": 30.0, ""humidity"": 79.0}",-42.0,9.0,0,Normal
2026-08-18 20:24:52,H:79% T:30C,Temp & Humidity,"{""temperature"": 30.0, ""humidity"": 79.0}",-43.0,9.25,0,Normal
2026-08-18 20:24:53,H:79% T:30C,Temp & Humidity,"{""temperature"": 30.0, ""humidity"": 79.0}",-42.0,9.25,0,Normal
2026-08-18 20:24:54,H:79% T:30C,Temp & Humidity,"{""temperature"": 30.0, ""humidity"": 79.0}",-46.0,9.0,1,Isolation Forest ML Anomaly
2026-08-18 20:24:55,H:79% T:30C,Temp & Humidity,"{""temperature"": 30.0, ""humidity"": 79.0}",-42.0,9.5,0,Normal
2026-08-18 20:24:57,H:79% T:30C,Temp & Humidity,"{""temperature"": 30.0, ""humidity"": 79.0}",-42.0,9.25,0,Normal
2026-08-18 20:24:59,H:79% T:30C,Temp & Humidity,"{""temperature"": 30.0, ""humidity"": 79.0}",-43.0,9.5,0,Normal
2026-08-18 20:25:00,H:79% T:30C,Temp & Humidity,"{""temperature"": 30.0, ""humidity"": 79.0}",-42.0,9.5,0,Normal
2026-08-18 20:25:01,H:79% T:30C,Temp & Humidity,"{""temperature"": 30.0, ""humidity"": 79.0}",-41.0,9.25,0,Normal
2026-08-18 20:25:02,H:79% T:30C,Temp & Humidity,"{""temperature"": 30.0, ""humidity"": 79.0}",-41.0,9.5,0,Normal
2026-08-18 20:25:03,H:79% T:30C,Temp & Humidity,"{""temperature"": 30.0, ""humidity"": 79.0}",-41.0,9.25,0,Normal
2026-08-18 20:25:04,H:79% T:30C,Temp & Humidity,"{""temperature"": 30.0, ""humidity"": 79.0}",-41.0,9.0,0,Normal
2026-08-18 20:25:05,H:79% T:30C,Temp & Humidity,"{""temperature"": 30.0, ""humidity"": 79.0}",-42.0,9.25,0,Normal
2026-08-18 20:25:06,H:79% T:30C,Temp & Humidity,"{""temperature"": 30.0, ""humidity"": 79.0}",-41.0,9.25,0,Normal
2026-08-18 20:25:07,H:79% T:30C,Temp & Humidity,"{""temperature"": 30.0, ""humidity"": 79.0}",-41.0,9.0,0,Normal
2026-08-18 20:25:08,H:79% T:30C,Temp & Humidity,"{""temperature"": 30.0, ""humidity"": 79.0}",-41.0,9.5,0,Normal
2026-08-18 20:25:09,H:79% T:30C,Temp & Humidity,"{""temperature"": 30.0, ""humidity"": 79.0}",-42.0,9.25,0,Normal
2026-08-18 20:25:11,H:79% T:30C,Temp & Humidity,"{""temperature"": 30.0, ""humidity"": 79.0}",-42.0,9.25,0,Normal
2026-08-18 20:25:12,H:79% T:30C,Temp & Humidity,"{""temperature"": 30.0, ""humidity"": 79.0}",-41.0,9.0,0,Normal
2026-08-18 20:25:13,H:79% T:30C,Temp & Humidity,"{""temperature"": 30.0, ""humidity"": 79.0}",-42.0,9.25,0,Normal
2026-08-18 20:25:14,H:79% T:30C,Temp & Humidity,"{""temperature"": 30.0, ""humidity"": 79.0}",-42.0,9.0,0,Normal
2026-08-18 20:25:15,H:79% T:30C,Temp & Humidity,"{""temperature"": 30.0, ""humidity"": 79.0}",-42.0,9.25,0,Normal
2026-08-18 20:25:16,H:79% T:30C,Temp & Humidity,"{""temperature"": 30.0, ""humidity"": 79.0}",-42.0,9.25,0,Normal
2026-08-18 20:25:17,H:79% T:30C,Temp & Humidity,"{""temperature"": 30.0, ""humidity"": 79.0}",-42.0,9.25,0,Normal
2026-08-18 20:25:18,H:79% T:30C,Temp & Humidity,"{""temperature"": 30.0, ""humidity"": 79.0}",-42.0,9.25,0,Normal
2026-08-18 20:25:19,H:79% T:30C,Temp & Humidity,"{""temperature"": 30.0, ""humidity"": 79.0}",-41.0,9.5,0,Normal
2026-08-18 20:25:20,H:79% T:30C,Temp & Humidity,"{""temperature"": 30.0, ""humidity"": 79.0}",-42.0,9.5,0,Normal
2026-08-18 20:25:21,H:79% T:30C,Temp & Humidity,"{""temperature"": 30.0, ""humidity"": 79.0}",-41.0,9.25,0,Normal
2026-08-18 20:25:22,H:79% T:30C,Temp & Humidity,"{""temperature"": 30.0, ""humidity"": 79.0}",-42.0,9.25,0,Normal
2026-08-18 20:25:23,H:79% T:30C,Temp & Humidity,"{""temperature"": 30.0, ""humidity"": 79.0}",-41.0,9.25,0,Normal
2026-08-18 20:25:25,H:79% T:30C,Temp & Humidity,"{""temperature"": 30.0, ""humidity"": 79.0}",-42.0,9.25,0,Normal
2026-08-18 20:25:26,H:79% T:30C,Temp & Humidity,"{""temperature"": 30.0, ""humidity"": 79.0}",-42.0,9.5,0,Normal
2026-08-18 20:25:27,H:79% T:30C,Temp & Humidity,"{""temperature"": 30.0, ""humidity"": 79.0}",-41.0,9.0,0,Normal
2026-08-18 20:25:28,H:79% T:30C,Temp & Humidity,"{""temperature"": 30.0, ""humidity"": 79.0}",-41.0,9.25,0,Normal
2026-08-18 20:25:29,H:79% T:30C,Temp & Humidity,"{""temperature"": 30.0, ""humidity"": 79.0}",-41.0,8.75,0,Normal
2026-08-18 20:25:30,H:79% T:30C,Temp & Humidity,"{""temperature"": 30.0, ""humidity"": 79.0}",-42.0,9.25,0,Normal
2026-08-18 20:25:31,H:79% T:30C,Temp & Humidity,"{""temperature"": 30.0, ""humidity"": 79.0}",-41.0,9.25,0,Normal
2026-08-18 20:25:32,H:79% T:30C,Temp & Humidity,"{""temperature"": 30.0, ""humidity"": 79.0}",-41.0,9.25,0,Normal
2026-08-18 20:25:33,H:79% T:30C,Temp & Humidity,"{""temperature"": 30.0, ""humidity"": 79.0}",-42.0,9.25,0,Normal
2026-08-18 20:25:34,H:79% T:30C,Temp & Humidity,"{""temperature"": 30.0, ""humidity"": 79.0}",-42.0,9.25,0,Normal
2026-08-18 20:25:35,H:79% T:30C,Temp & Humidity,"{""temperature"": 30.0, ""humidity"": 79.0}",-42.0,9.0,0,Normal
2026-08-18 20:25:36,H:79% T:30C,Temp & Humidity,"{""temperature"": 30.0, ""humidity"": 79.0}",-42.0,9.5,0,Normal
2026-08-18 20:25:37,H:79% T:30C,Temp & Humidity,"{""temperature"": 30.0, ""humidity"": 79.0}",-41.0,9.5,0,Normal
2026-08-18 20:25:39,H:79% T:30C,Temp & Humidity,"{""temperature"": 30.0, ""humidity"": 79.0}",-41.0,9.25,0,Normal
2026-08-18 20:25:40,H:79% T:30C,Temp & Humidity,"{""temperature"": 30.0, ""humidity"": 79.0}",-41.0,9.5,0,Normal
2026-08-18 20:25:41,H:79% T:30C,Temp & Humidity,"{""temperature"": 30.0, ""humidity"": 79.0}",-41.0,9.5,0,Normal
2026-08-18 20:25:42,H:79% T:30C,Temp & Humidity,"{""temperature"": 30.0, ""humidity"": 79.0}",-42.0,9.25,0,Normal
2026-08-18 20:25:43,H:79% T:30C,Temp & Humidity,"{""temperature"": 30.0, ""humidity"": 79.0}",-42.0,9.0,0,Normal
2026-08-18 20:25:44,H:79% T:30C,Temp & Humidity,"{""temperature"": 30.0, ""humidity"": 79.0}",-42.0,9.25,0,Normal
2026-08-18 20:25:45,H:79% T:30C,Temp & Humidity,"{""temperature"": 30.0, ""humidity"": 79.0}",-42.0,9.5,0,Normal
2026-08-18 20:25:46,H:79% T:30C,Temp & Humidity,"{""temperature"": 30.0, ""humidity"": 79.0}",-42.0,9.5,0,Normal
2026-08-18 20:25:47,H:79% T:30C,Temp & Humidity,"{""temperature"": 30.0, ""humidity"": 79.0}",-42.0,9.25,0,Normal
2026-08-18 20:25:48,H:79% T:30C,Temp & Humidity,"{""temperature"": 30.0, ""humidity"": 79.0}",-41.0,8.75,0,Normal
2026-08-18 20:25:49,H:79% T:30C,Temp & Humidity,"{""temperature"": 30.0, ""humidity"": 79.0}",-42.0,9.25,0,Normal
2026-08-18 20:25:50,H:79% T:30C,Temp & Humidity,"{""temperature"": 30.0, ""humidity"": 79.0}",-42.0,9.5,0,Normal
2026-08-18 20:25:51,H:79% T:30C,Temp & Humidity,"{""temperature"": 30.0, ""humidity"": 79.0}",-42.0,9.0,0,Normal
2026-08-18 20:25:53,H:79% T:30C,Temp & Humidity,"{""temperature"": 30.0, ""humidity"": 79.0}",-41.0,9.25,0,Normal
2026-08-18 20:25:54,H:79% T:30C,Temp & Humidity,"{""temperature"": 30.0, ""humidity"": 79.0}",-42.0,9.5,0,Normal
2026-08-18 20:25:55,H:79% T:30C,Temp & Humidity,"{""temperature"": 30.0, ""humidity"": 79.0}",-42.0,9.5,0,Normal
2026-08-18 20:25:56,H:79% T:30C,Temp & Humidity,"{""temperature"": 30.0, ""humidity"": 79.0}",-42.0,9.0,0,Normal
2026-08-18 20:25:57,H:79% T:30C,Temp & Humidity,"{""temperature"": 30.0, ""humidity"": 79.0}",-42.0,9.25,0,Normal
2026-08-18 20:25:58,H:79% T:30C,Temp & Humidity,"{""temperature"": 30.0, ""humidity"": 79.0}",-42.0,9.5,0,Normal
2026-08-18 20:25:59,H:79% T:30C,Temp & Humidity,"{""temperature"": 30.0, ""humidity"": 79.0}",-47.0,8.75,1,Isolation Forest ML Anomaly
2026-08-18 20:26:00,H:79% T:30C,Temp & Humidity,"{""temperature"": 30.0, ""humidity"": 79.0}",-41.0,9.25,0,Normal
2026-08-18 20:26:01,H:79% T:30C,Temp & Humidity,"{""temperature"": 30.0, ""humidity"": 79.0}",-43.0,4.75,0,Normal
2026-08-18 20:26:02,H:79% T:30C,Temp & Humidity,"{""temperature"": 30.0, ""humidity"": 79.0}",-46.0,0.0,1,Isolation Forest ML Anomaly
2026-08-18 20:26:03,H:79% T:30C,Temp & Humidity,"{""temperature"": 30.0, ""humidity"": 79.0}",-42.0,9.25,0,Normal
2026-08-18 20:26:04,H:79% T:30C,Temp & Humidity,"{""temperature"": 30.0, ""humidity"": 79.0}",-42.0,9.0,0,Normal
2026-08-18 20:26:05,H:79% T:30C,Temp & Humidity,"{""temperature"": 30.0, ""humidity"": 79.0}",-41.0,9.0,0,Normal
2026-08-18 20:26:07,H:79% T:30C,Temp & Humidity,"{""temperature"": 30.0, ""humidity"": 79.0}",-42.0,9.5,0,Normal
2026-08-18 20:26:08,H:79% T:30C,Temp & Humidity,"{""temperature"": 30.0, ""humidity"": 79.0}",-42.0,9.25,0,Normal
2026-08-18 20:26:09,H:79% T:30C,Temp & Humidity,"{""temperature"": 30.0, ""humidity"": 79.0}",-42.0,9.25,0,Normal
2026-08-18 20:26:10,H:79% T:30C,Temp & Humidity,"{""temperature"": 30.0, ""humidity"": 79.0}",-42.0,9.25,0,Normal
2026-08-18 20:26:11,H:79% T:30C,Temp & Humidity,"{""temperature"": 30.0, ""humidity"": 79.0}",-42.0,9.5,0,Normal
2026-08-18 20:26:12,H:79% T:30C,Temp & Humidity,"{""temperature"": 30.0, ""humidity"": 79.0}",-42.0,9.25,0,Normal
2026-08-18 20:26:13,H:79% T:30C,Temp & Humidity,"{""temperature"": 30.0, ""humidity"": 79.0}",-42.0,9.25,0,Normal
2026-08-18 20:26:14,H:79% T:30C,Temp & Humidity,"{""temperature"": 30.0, ""humidity"": 79.0}",-42.0,9.25,0,Normal
2026-08-18 20:26:15,H:79% T:30C,Temp & Humidity,"{""temperature"": 30.0, ""humidity"": 79.0}",-47.0,9.25,1,Isolation Forest ML Anomaly
2026-08-18 20:26:17,H:79% T:30C,Temp & Humidity,"{""temperature"": 30.0, ""humidity"": 79.0}",-44.0,8.75,0,Normal
2026-08-18 20:26:18,H:79% T:30C,Temp & Humidity,"{""temperature"": 30.0, ""humidity"": 79.0}",-42.0,9.25,0,Normal
2026-08-18 20:26:19,H:79% T:30C,Temp & Humidity,"{""temperature"": 30.0, ""humidity"": 79.0}",-42.0,9.25,0,Normal
2026-08-18 20:26:21,H:79% T:30C,Temp & Humidity,"{""temperature"": 30.0, ""humidity"": 79.0}",-42.0,9.25,0,Normal
2026-08-18 20:26:22,H:79% T:30C,Temp & Humidity,"{""temperature"": 30.0, ""humidity"": 79.0}",-42.0,9.25,0,Normal
2026-08-18 20:26:23,H:79% T:30C,Temp & Humidity,"{""temperature"": 30.0, ""humidity"": 79.0}",-47.0,9.0,1,Isolation Forest ML Anomaly
2026-08-18 20:26:24,H:79% T:30C,Temp & Humidity,"{""temperature"": 30.0, ""humidity"": 79.0}",-42.0,9.25,0,Normal
2026-08-18 20:26:25,H:79% T:30C,Temp & Humidity,"{""temperature"": 30.0, ""humidity"": 79.0}",-42.0,9.0,0,Normal
2026-08-18 20:26:26,H:79% T:30C,Temp & Humidity,"{""temperature"": 30.0, ""humidity"": 79.0}",-42.0,9.75,0,Normal
2026-08-18 20:26:27,H:79% T:30C,Temp & Humidity,"{""temperature"": 30.0, ""humidity"": 79.0}",-42.0,9.25,0,Normal
2026-08-18 20:26:28,H:79% T:30C,Temp & Humidity,"{""temperature"": 30.0, ""humidity"": 79.0}",-42.0,9.25,0,Normal
2026-08-18 20:26:29,H:79% T:30C,Temp & Humidity,"{""temperature"": 30.0, ""humidity"": 79.0}",-42.0,9.0,0,Normal
2026-08-18 20:26:30,H:79% T:30C,Temp & Humidity,"{""temperature"": 30.0, ""humidity"": 79.0}",-42.0,9.5,0,Normal
2026-08-18 20:26:31,H:79% T:30C,Temp & Humidity,"{""temperature"": 30.0, ""humidity"": 79.0}",-42.0,9.25,0,Normal
2026-08-18 20:26:32,H:79% T:30C,Temp & Humidity,"{""temperature"": 30.0, ""humidity"": 79.0}",-42.0,9.0,0,Normal
2026-08-18 20:26:33,H:79% T:30C,Temp & Humidity,"{""temperature"": 30.0, ""humidity"": 79.0}",-47.0,9.0,1,Isolation Forest ML Anomaly
2026-08-18 20:26:35,H:79% T:30C,Temp & Humidity,"{""temperature"": 30.0, ""humidity"": 79.0}",-42.0,9.25,0,Normal
2026-08-18 20:26:36,H:79% T:30C,Temp & Humidity,"{""temperature"": 30.0, ""humidity"": 79.0}",-42.0,9.25,0,Normal
2026-08-18 20:26:37,H:79% T:30C,Temp & Humidity,"{""temperature"": 30.0, ""humidity"": 79.0}",-42.0,9.0,0,Normal
2026-08-18 20:26:38,H:79% T:30C,Temp & Humidity,"{""temperature"": 30.0, ""humidity"": 79.0}",-42.0,9.25,0,Normal
2026-08-18 20:26:39,H:79% T:30C,Temp & Humidity,"{""temperature"": 30.0, ""humidity"": 79.0}",-42.0,9.5,0,Normal
2026-08-18 20:26:40,H:79% T:30C,Temp & Humidity,"{""temperature"": 30.0, ""humidity"": 79.0}",-42.0,9.25,0,Normal
2026-08-18 20:26:41,H:79% T:30C,Temp & Humidity,"{""temperature"": 30.0, ""humidity"": 79.0}",-42.0,9.0,0,Normal
2026-08-18 20:26:42,H:79% T:30C,Temp & Humidity,"{""temperature"": 30.0, ""humidity"": 79.0}",-42.0,9.25,0,Normal
2026-08-18 20:26:43,H:79% T:30C,Temp & Humidity,"{""temperature"": 30.0, ""humidity"": 79.0}",-41.0,9.0,0,Normal
2026-08-18 20:26:44,H:79% T:30C,Temp & Humidity,"{""temperature"": 30.0, ""humidity"": 79.0}",-42.0,9.25,0,Normal
2026-08-18 20:26:45,H:79% T:30C,Temp & Humidity,"{""temperature"": 30.0, ""humidity"": 79.0}",-42.0,9.25,0,Normal
2026-08-18 20:26:46,H:79% T:30C,Temp & Humidity,"{""temperature"": 30.0, ""humidity"": 79.0}",-42.0,9.5,0,Normal
2026-08-18 20:26:47,H:79% T:30C,Temp & Humidity,"{""temperature"": 30.0, ""humidity"": 79.0}",-42.0,9.25,0,Normal
2026-08-18 20:26:48,H:79% T:30C,Temp & Humidity,"{""temperature"": 30.0, ""humidity"": 79.0}",-42.0,9.0,0,Normal
2026-08-18 20:26:50,H:79% T:30C,Temp & Humidity,"{""temperature"": 30.0, ""humidity"": 79.0}",-42.0,9.25,0,Normal
2026-08-18 20:26:51,H:79% T:30C,Temp & Humidity,"{""temperature"": 30.0, ""humidity"": 79.0}",-41.0,9.0,0,Normal
2026-08-18 20:26:52,H:79% T:30C,Temp & Humidity,"{""temperature"": 30.0, ""humidity"": 79.0}",-41.0,9.0,0,Normal
2026-08-18 20:26:53,H:79% T:30C,Temp & Humidity,"{""temperature"": 30.0, ""humidity"": 79.0}",-41.0,9.25,0,Normal
2026-08-18 20:26:54,H:79% T:30C,Temp & Humidity,"{""temperature"": 30.0, ""humidity"": 79.0}",-41.0,9.0,0,Normal
2026-08-18 20:26:55,H:79% T:30C,Temp & Humidity,"{""temperature"": 30.0, ""humidity"": 79.0}",-42.0,9.0,0,Normal
2026-08-18 20:26:56,H:79% T:30C,Temp & Humidity,"{""temperature"": 30.0, ""humidity"": 79.0}",-41.0,9.0,0,Normal
2026-08-18 20:26:57,H:79% T:30C,Temp & Humidity,"{""temperature"": 30.0, ""humidity"": 79.0}",-41.0,9.0,0,Normal
2026-08-18 20:26:58,H:79% T:30C,Temp & Humidity,"{""temperature"": 30.0, ""humidity"": 79.0}",-41.0,9.0,0,Normal
2026-08-18 20:26:59,H:79% T:30C,Temp & Humidity,"{""temperature"": 30.0, ""humidity"": 79.0}",-41.0,8.75,0,Normal
2026-08-18 20:27:00,H:79% T:30C,Temp & Humidity,"{""temperature"": 30.0, ""humidity"": 79.0}",-41.0,9.25,0,Normal
2026-08-18 20:27:01,H:79% T:30C,Temp & Humidity,"{""temperature"": 30.0, ""humidity"": 79.0}",-44.0,3.0,0,Normal
2026-08-18 20:27:02,H:79% T:30C,Temp & Humidity,"{""temperature"": 30.0, ""humidity"": 79.0}",-40.0,0.25,0,Normal
2026-08-18 20:27:04,H:79% T:30C,Temp & Humidity,"{""temperature"": 30.0, ""humidity"": 79.0}",-41.0,0.25,0,Normal
2026-08-18 20:27:05,H:79% T:30C,Temp & Humidity,"{""temperature"": 30.0, ""humidity"": 79.0}",-48.0,0.25,1,Isolation Forest ML Anomaly
2026-08-18 20:27:06,H:79% T:30C,Temp & Humidity,"{""temperature"": 30.0, ""humidity"": 79.0}",-46.0,0.5,0,Normal
2026-08-18 20:27:07,H:79% T:30C,Temp & Humidity,"{""temperature"": 30.0, ""humidity"": 79.0}",-41.0,0.0,0,Normal
2026-08-18 20:27:08,H:79% T:30C,Temp & Humidity,"{""temperature"": 30.0, ""humidity"": 79.0}",-41.0,9.0,0,Normal
2026-08-18 20:27:09,H:79% T:30C,Temp & Humidity,"{""temperature"": 30.0, ""humidity"": 79.0}",-41.0,10.5,0,Normal
2026-08-18 20:27:10,H:79% T:30C,Temp & Humidity,"{""temperature"": 30.0, ""humidity"": 79.0}",-41.0,9.0,0,Normal
2026-08-18 20:27:11,H:79% T:30C,Temp & Humidity,"{""temperature"": 30.0, ""humidity"": 79.0}",-41.0,9.25,0,Normal
2026-08-18 20:27:12,H:79% T:30C,Temp & Humidity,"{""temperature"": 30.0, ""humidity"": 79.0}",-41.0,9.25,0,Normal
2026-08-18 20:27:13,H:79% T:30C,Temp & Humidity,"{""temperature"": 30.0, ""humidity"": 79.0}",-41.0,8.75,0,Normal
2026-08-18 20:27:14,H:79% T:30C,Temp & Humidity,"{""temperature"": 30.0, ""humidity"": 79.0}",-41.0,9.0,0,Normal
2026-08-18 20:27:15,H:79% T:30C,Temp & Humidity,"{""temperature"": 30.0, ""humidity"": 79.0}",-41.0,9.0,0,Normal
2026-08-18 20:27:16,H:79% T:30C,Temp & Humidity,"{""temperature"": 30.0, ""humidity"": 79.0}",-41.0,9.25,0,Normal
2026-08-18 20:27:18,H:79% T:30C,Temp & Humidity,"{""temperature"": 30.0, ""humidity"": 79.0}",-41.0,9.0,0,Normal
2026-08-18 20:27:19,H:79% T:30C,Temp & Humidity,"{""temperature"": 30.0, ""humidity"": 79.0}",-41.0,8.75,0,Normal
2026-08-18 20:27:20,H:79% T:30C,Temp & Humidity,"{""temperature"": 30.0, ""humidity"": 79.0}",-41.0,9.25,0,Normal
2026-08-18 20:27:21,H:79% T:30C,Temp & Humidity,"{""temperature"": 30.0, ""humidity"": 79.0}",-41.0,8.5,0,Normal
2026-08-18 20:27:22,H:79% T:30C,Temp & Humidity,"{""temperature"": 30.0, ""humidity"": 79.0}",-42.0,9.25,0,Normal
2026-08-18 20:27:23,H:79% T:30C,Temp & Humidity,"{""temperature"": 30.0, ""humidity"": 79.0}",-41.0,9.0,0,Normal
2026-08-18 20:27:24,H:79% T:30C,Temp & Humidity,"{""temperature"": 30.0, ""humidity"": 79.0}",-41.0,12.0,0,Normal
2026-08-18 20:27:25,H:78% T:30C,Temp & Humidity,"{""temperature"": 30.0, ""humidity"": 78.0}",-41.0,9.0,0,Normal
2026-08-18 20:27:26,H:78% T:30C,Temp & Humidity,"{""temperature"": 30.0, ""humidity"": 78.0}",-46.0,8.75,1,Isolation Forest ML Anomaly
2026-08-18 20:27:27,H:78% T:30C,Temp & Humidity,"{""temperature"": 30.0, ""humidity"": 78.0}",-41.0,9.0,0,Normal
2026-08-18 20:27:28,H:78% T:30C,Temp & Humidity,"{""temperature"": 30.0, ""humidity"": 78.0}",-42.0,9.25,0,Normal
2026-08-18 20:27:29,H:78% T:30C,Temp & Humidity,"{""temperature"": 30.0, ""humidity"": 78.0}",-41.0,9.25,0,Normal
2026-08-18 20:27:30,H:78% T:30C,Temp & Humidity,"{""temperature"": 30.0, ""humidity"": 78.0}",-42.0,9.25,0,Normal
2026-08-18 20:27:32,H:78% T:30C,Temp & Humidity,"{""temperature"": 30.0, ""humidity"": 78.0}",-42.0,9.25,0,Normal
2026-08-18 20:27:33,H:78% T:30C,Temp & Humidity,"{""temperature"": 30.0, ""humidity"": 78.0}",-42.0,9.25,0,Normal
2026-08-18 20:27:34,H:78% T:30C,Temp & Humidity,"{""temperature"": 30.0, ""humidity"": 78.0}",-41.0,9.0,0,Normal
2026-08-18 20:27:35,H:78% T:30C,Temp & Humidity,"{""temperature"": 30.0, ""humidity"": 78.0}",-42.0,9.0,0,Normal
2026-08-18 20:27:36,H:78% T:30C,Temp & Humidity,"{""temperature"": 30.0, ""humidity"": 78.0}",-41.0,9.25,0,Normal
2026-08-18 20:27:37,H:78% T:30C,Temp & Humidity,"{""temperature"": 30.0, ""humidity"": 78.0}",-42.0,9.25,0,Normal
2026-08-18 20:27:38,H:78% T:30C,Temp & Humidity,"{""temperature"": 30.0, ""humidity"": 78.0}",-42.0,9.75,0,Normal
2026-08-18 20:27:39,H:78% T:30C,Temp & Humidity,"{""temperature"": 30.0, ""humidity"": 78.0}",-47.0,9.25,1,Isolation Forest ML Anomaly
2026-08-18 20:27:40,H:78% T:30C,Temp & Humidity,"{""temperature"": 30.0, ""humidity"": 78.0}",-41.0,9.5,0,Normal
2026-08-18 20:27:41,H:78% T:30C,Temp & Humidity,"{""temperature"": 30.0, ""humidity"": 78.0}",-41.0,9.75,0,Normal
2026-08-18 20:27:42,H:78% T:30C,Temp & Humidity,"{""temperature"": 30.0, ""humidity"": 78.0}",-41.0,9.25,0,Normal
2026-08-18 20:27:43,H:78% T:30C,Temp & Humidity,"{""temperature"": 30.0, ""humidity"": 78.0}",-47.0,9.0,1,Isolation Forest ML Anomaly
2026-08-18 20:27:44,H:78% T:30C,Temp & Humidity,"{""temperature"": 30.0, ""humidity"": 78.0}",-42.0,8.75,0,Normal
2026-08-18 20:27:46,H:78% T:30C,Temp & Humidity,"{""temperature"": 30.0, ""humidity"": 78.0}",-41.0,9.0,0,Normal
2026-08-18 20:27:47,H:78% T:30C,Temp & Humidity,"{""temperature"": 30.0, ""humidity"": 78.0}",-41.0,9.0,0,Normal
2026-08-18 20:27:48,H:79% T:30C,Temp & Humidity,"{""temperature"": 30.0, ""humidity"": 79.0}",-42.0,9.5,0,Normal
2026-08-18 20:27:49,H:79% T:30C,Temp & Humidity,"{""temperature"": 30.0, ""humidity"": 79.0}",-42.0,9.25,0,Normal
2026-08-18 20:27:50,H:79% T:30C,Temp & Humidity,"{""temperature"": 30.0, ""humidity"": 79.0}",-41.0,5.0,0,Normal
2026-08-18 20:27:51,H:79% T:30C,Temp & Humidity,"{""temperature"": 30.0, ""humidity"": 79.0}",-43.0,1.25,0,Normal
2026-08-18 20:27:52,H:79% T:30C,Temp & Humidity,"{""temperature"": 30.0, ""humidity"": 79.0}",-42.0,6.25,0,Normal
2026-08-18 20:27:53,H:79% T:30C,Temp & Humidity,"{""temperature"": 30.0, ""humidity"": 79.0}",-44.0,3.5,0,Normal
2026-08-18 20:27:54,H:79% T:30C,Temp & Humidity,"{""temperature"": 30.0, ""humidity"": 79.0}",-49.0,4.0,1,Isolation Forest ML Anomaly
2026-08-18 20:27:55,H:79% T:30C,Temp & Humidity,"{""temperature"": 30.0, ""humidity"": 79.0}",-43.0,2.5,0,Normal
2026-08-18 20:27:56,H:79% T:30C,Temp & Humidity,"{""temperature"": 30.0, ""humidity"": 79.0}",-42.0,1.75,0,Normal
2026-08-18 20:27:57,H:79% T:30C,Temp & Humidity,"{""temperature"": 30.0, ""humidity"": 79.0}",-40.0,1.75,0,Normal
2026-08-18 20:27:58,H:78% T:30C,Temp & Humidity,"{""temperature"": 30.0, ""humidity"": 78.0}",-42.0,2.25,0,Normal
2026-08-18 20:28:00,H:78% T:30C,Temp & Humidity,"{""temperature"": 30.0, ""humidity"": 78.0}",-42.0,3.0,0,Normal
2026-08-18 20:28:01,H:79% T:30C,Temp & Humidity,"{""temperature"": 30.0, ""humidity"": 79.0}",-42.0,4.0,0,Normal
2026-08-18 20:28:02,H:78% T:30C,Temp & Humidity,"{""temperature"": 30.0, ""humidity"": 78.0}",-47.0,2.5,1,Isolation Forest ML Anomaly
2026-08-18 20:28:03,H:78% T:30C,Temp & Humidity,"{""temperature"": 30.0, ""humidity"": 78.0}",-41.0,3.0,0,Normal
2026-08-18 20:28:04,H:79% T:30C,Temp & Humidity,"{""temperature"": 30.0, ""humidity"": 79.0}",-43.0,2.0,0,Normal
2026-08-18 20:28:05,H:79% T:30C,Temp & Humidity,"{""temperature"": 30.0, ""humidity"": 79.0}",-43.0,1.75,0,Normal
2026-08-18 20:28:06,H:79% T:30C,Temp & Humidity,"{""temperature"": 30.0, ""humidity"": 79.0}",-42.0,1.75,0,Normal
2026-08-18 20:28:07,H:78% T:30C,Temp & Humidity,"{""temperature"": 30.0, ""humidity"": 78.0}",-41.0,1.75,0,Normal
2026-08-18 20:28:08,H:79% T:30C,Temp & Humidity,"{""temperature"": 30.0, ""humidity"": 79.0}",-43.0,2.75,0,Normal
2026-08-18 20:28:09,H:78% T:30C,Temp & Humidity,"{""temperature"": 30.0, ""humidity"": 78.0}",-42.0,3.75,0,Normal
2026-08-18 20:28:10,H:78% T:30C,Temp & Humidity,"{""temperature"": 30.0, ""humidity"": 78.0}",-50.0,2.5,1,Isolation Forest ML Anomaly
2026-08-18 20:28:11,H:78% T:30C,Temp & Humidity,"{""temperature"": 30.0, ""humidity"": 78.0}",-43.0,2.5,0,Normal
2026-08-18 20:28:12,H:78% T:30C,Temp & Humidity,"{""temperature"": 30.0, ""humidity"": 78.0}",-40.0,2.5,0,Normal
2026-08-18 20:28:14,H:79% T:30C,Temp & Humidity,"{""temperature"": 30.0, ""humidity"": 79.0}",-43.0,2.75,0,Normal
2026-08-18 20:28:15,H:79% T:30C,Temp & Humidity,"{""temperature"": 30.0, ""humidity"": 79.0}",-47.0,1.75,0,Normal
2026-08-18 20:28:16,H:79% T:30C,Temp & Humidity,"{""temperature"": 30.0, ""humidity"": 79.0}",-41.0,2.75,0,Normal
2026-08-18 20:28:17,H:78% T:30C,Temp & Humidity,"{""temperature"": 30.0, ""humidity"": 78.0}",-41.0,1.75,0,Normal
2026-08-18 20:28:18,H:78% T:30C,Temp & Humidity,"{""temperature"": 30.0, ""humidity"": 78.0}",-42.0,2.0,0,Normal
2026-08-18 20:28:19,H:78% T:30C,Temp & Humidity,"{""temperature"": 30.0, ""humidity"": 78.0}",-42.0,2.75,0,Normal
2026-08-18 20:28:20,H:79% T:30C,Temp & Humidity,"{""temperature"": 30.0, ""humidity"": 79.0}",-41.0,2.5,0,Normal
2026-08-18 20:28:21,H:79% T:30C,Temp & Humidity,"{""temperature"": 30.0, ""humidity"": 79.0}",-48.0,5.25,1,Isolation Forest ML Anomaly
2026-08-18 20:28:22,H:79% T:30C,Temp & Humidity,"{""temperature"": 30.0, ""humidity"": 79.0}",-42.0,9.5,0,Normal
2026-08-18 20:28:23,H:79% T:30C,Temp & Humidity,"{""temperature"": 30.0, ""humidity"": 79.0}",-42.0,9.0,0,Normal
2026-08-18 20:28:24,H:78% T:30C,Temp & Humidity,"{""temperature"": 30.0, ""humidity"": 78.0}",-42.0,8.75,0,Normal
2026-08-18 20:28:25,H:78% T:30C,Temp & Humidity,"{""temperature"": 30.0, ""humidity"": 78.0}",-42.0,9.0,0,Normal
2026-08-18 20:28:26,H:78% T:30C,Temp & Humidity,"{""temperature"": 30.0, ""humidity"": 78.0}",-42.0,9.0,0,Normal
2026-08-18 20:28:28,H:79% T:30C,Temp & Humidity,"{""temperature"": 30.0, ""humidity"": 79.0}",-42.0,9.0,0,Normal
2026-08-18 20:28:29,H:78% T:30C,Temp & Humidity,"{""temperature"": 30.0, ""humidity"": 78.0}",-42.0,9.25,0,Normal
2026-08-18 20:28:30,H:78% T:30C,Temp & Humidity,"{""temperature"": 30.0, ""humidity"": 78.0}",-42.0,9.25,0,Normal
2026-08-18 20:28:31,H:79% T:30C,Temp & Humidity,"{""temperature"": 30.0, ""humidity"": 79.0}",-42.0,9.25,0,Normal
2026-08-18 20:28:32,H:79% T:30C,Temp & Humidity,"{""temperature"": 30.0, ""humidity"": 79.0}",-43.0,9.75,0,Normal
2026-08-18 20:28:33,H:79% T:30C,Temp & Humidity,"{""temperature"": 30.0, ""humidity"": 79.0}",-42.0,9.25,0,Normal
2026-08-18 20:28:34,H:79% T:30C,Temp & Humidity,"{""temperature"": 30.0, ""humidity"": 79.0}",-42.0,9.5,0,Normal
2026-08-18 20:28:35,H:79% T:30C,Temp & Humidity,"{""temperature"": 30.0, ""humidity"": 79.0}",-41.0,9.0,0,Normal
2026-08-18 20:28:36,H:79% T:30C,Temp & Humidity,"{""temperature"": 30.0, ""humidity"": 79.0}",-42.0,8.5,0,Normal
2026-08-18 20:28:37,H:79% T:30C,Temp & Humidity,"{""temperature"": 30.0, ""humidity"": 79.0}",-46.0,9.0,0,Normal
2026-08-18 20:28:38,H:79% T:30C,Temp & Humidity,"{""temperature"": 30.0, ""humidity"": 79.0}",-43.0,9.0,0,Normal
2026-08-18 20:28:39,H:79% T:30C,Temp & Humidity,"{""temperature"": 30.0, ""humidity"": 79.0}",-42.0,9.0,0,Normal
2026-08-18 20:28:40,H:79% T:30C,Temp & Humidity,"{""temperature"": 30.0, ""humidity"": 79.0}",-42.0,9.25,0,Normal
2026-08-18 20:28:42,H:79% T:30C,Temp & Humidity,"{""temperature"": 30.0, ""humidity"": 79.0}",-40.0,0.0,0,Normal
2026-08-18 20:28:43,H:79% T:30C,Temp & Humidity,"{""temperature"": 30.0, ""humidity"": 79.0}",-46.0,0.25,0,Normal
2026-08-18 20:28:44,H:79% T:30C,Temp & Humidity,"{""temperature"": 30.0, ""humidity"": 79.0}",-43.0,9.25,0,Normal
2026-08-18 20:28:45,H:79% T:30C,Temp & Humidity,"{""temperature"": 30.0, ""humidity"": 79.0}",-43.0,9.75,0,Normal
2026-08-18 20:28:46,H:79% T:30C,Temp & Humidity,"{""temperature"": 30.0, ""humidity"": 79.0}",-42.0,9.25,0,Normal
2026-08-18 20:28:47,H:81% T:30C,Temp & Humidity,"{""temperature"": 30.0, ""humidity"": 81.0}",-41.0,9.0,0,Normal
2026-08-18 20:28:48,H:88% T:30C,Temp & Humidity,"{""temperature"": 30.0, ""humidity"": 88.0}",-41.0,9.25,0,Normal
2026-08-18 20:28:49,H:90% T:31C,Temp & Humidity,"{""temperature"": 31.0, ""humidity"": 90.0}",-46.0,9.0,1,Isolation Forest ML Anomaly
2026-08-18 20:28:50,H:91% T:31C,Temp & Humidity,"{""temperature"": 31.0, ""humidity"": 91.0}",-41.0,9.0,0,Normal
2026-08-18 20:28:51,H:92% T:31C,Temp & Humidity,"{""temperature"": 31.0, ""humidity"": 92.0}",-41.0,9.25,0,Normal
2026-08-18 20:28:52,H:92% T:31C,Temp & Humidity,"{""temperature"": 31.0, ""humidity"": 92.0}",-41.0,9.25,0,Normal
2026-08-18 20:28:53,H:92% T:32C,Temp & Humidity,"{""temperature"": 32.0, ""humidity"": 92.0}",-41.0,9.25,0,Normal
2026-08-18 20:28:54,H:92% T:32C,Temp & Humidity,"{""temperature"": 32.0, ""humidity"": 92.0}",-41.0,9.25,0,Normal
2026-08-18 20:28:55,H:93% T:32C,Temp & Humidity,"{""temperature"": 32.0, ""humidity"": 93.0}",-41.0,9.0,0,Normal
2026-08-18 20:28:57,H:93% T:32C,Temp & Humidity,"{""temperature"": 32.0, ""humidity"": 93.0}",-41.0,9.0,0,Normal
2026-08-18 20:28:58,H:93% T:32C,Temp & Humidity,"{""temperature"": 32.0, ""humidity"": 93.0}",-40.0,9.0,1,Isolation Forest ML Anomaly
2026-08-18 20:28:59,H:93% T:32C,Temp & Humidity,"{""temperature"": 32.0, ""humidity"": 93.0}",-42.0,8.25,0,Normal
2026-08-18 20:29:00,H:93% T:32C,Temp & Humidity,"{""temperature"": 32.0, ""humidity"": 93.0}",-41.0,8.75,1,Isolation Forest ML Anomaly
2026-08-18 20:29:01,H:93% T:32C,Temp & Humidity,"{""temperature"": 32.0, ""humidity"": 93.0}",-42.0,9.25,1,Isolation Forest ML Anomaly
2026-08-18 20:29:02,H:93% T:32C,Temp & Humidity,"{""temperature"": 32.0, ""humidity"": 93.0}",-42.0,9.5,1,Isolation Forest ML Anomaly
2026-08-18 20:29:03,H:93% T:32C,Temp & Humidity,"{""temperature"": 32.0, ""humidity"": 93.0}",-42.0,9.75,1,Isolation Forest ML Anomaly
2026-08-18 20:29:04,H:93% T:32C,Temp & Humidity,"{""temperature"": 32.0, ""humidity"": 93.0}",-43.0,9.0,1,Isolation Forest ML Anomaly
2026-08-18 20:29:05,H:93% T:32C,Temp & Humidity,"{""temperature"": 32.0, ""humidity"": 93.0}",-42.0,9.5,1,Isolation Forest ML Anomaly
2026-08-18 20:29:06,H:93% T:32C,Temp & Humidity,"{""temperature"": 32.0, ""humidity"": 93.0}",-42.0,9.25,1,Isolation Forest ML Anomaly
2026-08-18 20:29:07,H:93% T:32C,Temp & Humidity,"{""temperature"": 32.0, ""humidity"": 93.0}",-42.0,9.25,1,Isolation Forest ML Anomaly
2026-08-18 20:29:08,H:93% T:32C,Temp & Humidity,"{""temperature"": 32.0, ""humidity"": 93.0}",-43.0,12.75,1,Isolation Forest ML Anomaly
2026-08-18 20:29:09,H:93% T:32C,Temp & Humidity,"{""temperature"": 32.0, ""humidity"": 93.0}",-43.0,9.5,1,Isolation Forest ML Anomaly
2026-08-18 20:29:11,H:93% T:32C,Temp & Humidity,"{""temperature"": 32.0, ""humidity"": 93.0}",-43.0,9.25,1,Isolation Forest ML Anomaly
2026-08-18 20:29:12,H:93% T:32C,Temp & Humidity,"{""temperature"": 32.0, ""humidity"": 93.0}",-42.0,9.25,1,Isolation Forest ML Anomaly
2026-08-18 20:29:13,H:93% T:32C,Temp & Humidity,"{""temperature"": 32.0, ""humidity"": 93.0}",-42.0,9.25,1,Isolation Forest ML Anomaly
2026-08-18 20:29:14,H:93% T:32C,Temp & Humidity,"{""temperature"": 32.0, ""humidity"": 93.0}",-42.0,9.25,1,Isolation Forest ML Anomaly
2026-08-18 20:29:15,H:93% T:32C,Temp & Humidity,"{""temperature"": 32.0, ""humidity"": 93.0}",-43.0,9.5,1,Isolation Forest ML Anomaly
2026-08-18 20:29:16,H:93% T:32C,Temp & Humidity,"{""temperature"": 32.0, ""humidity"": 93.0}",-42.0,9.25,1,Isolation Forest ML Anomaly
2026-08-18 20:29:17,H:93% T:32C,Temp & Humidity,"{""temperature"": 32.0, ""humidity"": 93.0}",-43.0,9.5,1,Isolation Forest ML Anomaly
2026-08-18 20:29:18,H:93% T:32C,Temp & Humidity,"{""temperature"": 32.0, ""humidity"": 93.0}",-42.0,9.25,1,Isolation Forest ML Anomaly
2026-08-18 20:29:19,H:93% T:32C,Temp & Humidity,"{""temperature"": 32.0, ""humidity"": 93.0}",-42.0,9.25,1,Isolation Forest ML Anomaly
2026-08-18 20:29:20,H:93% T:32C,Temp & Humidity,"{""temperature"": 32.0, ""humidity"": 93.0}",-42.0,9.0,1,Isolation Forest ML Anomaly
2026-08-18 20:29:21,H:93% T:32C,Temp & Humidity,"{""temperature"": 32.0, ""humidity"": 93.0}",-42.0,9.0,1,Isolation Forest ML Anomaly
2026-08-18 20:29:22,H:93% T:32C,Temp & Humidity,"{""temperature"": 32.0, ""humidity"": 93.0}",-42.0,9.5,1,Isolation Forest ML Anomaly
2026-08-18 20:29:23,H:93% T:31C,Temp & Humidity,"{""temperature"": 31.0, ""humidity"": 93.0}",-42.0,9.25,1,Isolation Forest ML Anomaly
2026-08-18 20:29:25,H:93% T:31C,Temp & Humidity,"{""temperature"": 31.0, ""humidity"": 93.0}",-42.0,9.5,1,Isolation Forest ML Anomaly
2026-08-18 20:29:26,H:93% T:31C,Temp & Humidity,"{""temperature"": 31.0, ""humidity"": 93.0}",-42.0,9.5,1,Isolation Forest ML Anomaly
2026-08-18 20:29:27,H:93% T:31C,Temp & Humidity,"{""temperature"": 31.0, ""humidity"": 93.0}",-42.0,9.25,1,Isolation Forest ML Anomaly
2026-08-18 20:29:28,H:93% T:31C,Temp & Humidity,"{""temperature"": 31.0, ""humidity"": 93.0}",-42.0,9.25,1,Isolation Forest ML Anomaly
2026-08-18 20:29:29,H:93% T:31C,Temp & Humidity,"{""temperature"": 31.0, ""humidity"": 93.0}",-43.0,9.5,1,Isolation Forest ML Anomaly
2026-08-18 20:29:30,H:93% T:31C,Temp & Humidity,"{""temperature"": 31.0, ""humidity"": 93.0}",-42.0,9.5,1,Isolation Forest ML Anomaly
2026-08-18 20:29:31,H:93% T:31C,Temp & Humidity,"{""temperature"": 31.0, ""humidity"": 93.0}",-42.0,9.0,1,Isolation Forest ML Anomaly
2026-08-18 20:29:32,H:93% T:31C,Temp & Humidity,"{""temperature"": 31.0, ""humidity"": 93.0}",-42.0,9.5,1,Isolation Forest ML Anomaly
2026-08-18 20:29:33,H:93% T:31C,Temp & Humidity,"{""temperature"": 31.0, ""humidity"": 93.0}",-42.0,9.25,1,Isolation Forest ML Anomaly
2026-08-18 20:29:34,H:93% T:31C,Temp & Humidity,"{""temperature"": 31.0, ""humidity"": 93.0}",-42.0,5.0,1,Isolation Forest ML Anomaly
2026-08-18 20:29:35,H:93% T:31C,Temp & Humidity,"{""temperature"": 31.0, ""humidity"": 93.0}",-40.0,0.75,1,Isolation Forest ML Anomaly
2026-08-18 20:29:36,H:93% T:31C,Temp & Humidity,"{""temperature"": 31.0, ""humidity"": 93.0}",-41.0,0.25,1,Isolation Forest ML Anomaly
2026-08-18 20:29:37,H:92% T:31C,Temp & Humidity,"{""temperature"": 31.0, ""humidity"": 92.0}",-42.0,0.25,1,Isolation Forest ML Anomaly
2026-08-18 20:29:39,H:93% T:31C,Temp & Humidity,"{""temperature"": 31.0, ""humidity"": 93.0}",-43.0,1.25,1,Isolation Forest ML Anomaly
2026-08-18 20:29:40,H:92% T:31C,Temp & Humidity,"{""temperature"": 31.0, ""humidity"": 92.0}",-47.0,2.0,1,Isolation Forest ML Anomaly
2026-08-18 20:29:41,H:92% T:31C,Temp & Humidity,"{""temperature"": 31.0, ""humidity"": 92.0}",-47.0,2.25,1,Isolation Forest ML Anomaly
2026-08-18 20:29:42,H:92% T:31C,Temp & Humidity,"{""temperature"": 31.0, ""humidity"": 92.0}",-42.0,2.75,1,Isolation Forest ML Anomaly
2026-08-18 20:29:43,H:92% T:31C,Temp & Humidity,"{""temperature"": 31.0, ""humidity"": 92.0}",-42.0,1.0,1,Isolation Forest ML Anomaly
2026-08-18 20:29:44,H:92% T:31C,Temp & Humidity,"{""temperature"": 31.0, ""humidity"": 92.0}",-42.0,3.75,1,Isolation Forest ML Anomaly
2026-08-18 20:29:45,H:92% T:31C,Temp & Humidity,"{""temperature"": 31.0, ""humidity"": 92.0}",-42.0,4.5,1,Isolation Forest ML Anomaly
2026-08-18 20:29:46,H:92% T:31C,Temp & Humidity,"{""temperature"": 31.0, ""humidity"": 92.0}",-43.0,1.5,1,Isolation Forest ML Anomaly
2026-08-18 20:29:47,H:92% T:31C,Temp & Humidity,"{""temperature"": 31.0, ""humidity"": 92.0}",-40.0,0.5,1,Isolation Forest ML Anomaly
2026-08-18 20:29:48,H:92% T:31C,Temp & Humidity,"{""temperature"": 31.0, ""humidity"": 92.0}",-43.0,1.0,1,Isolation Forest ML Anomaly
2026-08-18 20:29:49,H:92% T:31C,Temp & Humidity,"{""temperature"": 31.0, ""humidity"": 92.0}",-50.0,1.0,1,Isolation Forest ML Anomaly
2026-08-18 20:29:50,H:92% T:31C,Temp & Humidity,"{""temperature"": 31.0, ""humidity"": 92.0}",-42.0,2.75,1,Isolation Forest ML Anomaly
2026-08-18 20:29:51,H:92% T:31C,Temp & Humidity,"{""temperature"": 31.0, ""humidity"": 92.0}",-42.0,2.75,1,Isolation Forest ML Anomaly
2026-08-18 20:29:53,H:92% T:31C,Temp & Humidity,"{""temperature"": 31.0, ""humidity"": 92.0}",-40.0,0.5,1,Isolation Forest ML Anomaly
2026-08-18 20:29:54,H:92% T:31C,Temp & Humidity,"{""temperature"": 31.0, ""humidity"": 92.0}",-48.0,1.0,1,Isolation Forest ML Anomaly
2026-08-18 20:29:55,H:92% T:31C,Temp & Humidity,"{""temperature"": 31.0, ""humidity"": 92.0}",-41.0,1.75,1,Isolation Forest ML Anomaly
2026-08-18 20:29:56,H:92% T:31C,Temp & Humidity,"{""temperature"": 31.0, ""humidity"": 92.0}",-40.0,0.25,1,Isolation Forest ML Anomaly
2026-08-18 20:29:57,H:92% T:31C,Temp & Humidity,"{""temperature"": 31.0, ""humidity"": 92.0}",-43.0,2.0,1,Isolation Forest ML Anomaly
2026-08-18 20:29:58,H:92% T:31C,Temp & Humidity,"{""temperature"": 31.0, ""humidity"": 92.0}",-47.0,0.5,1,Isolation Forest ML Anomaly
2026-08-18 20:29:59,H:92% T:31C,Temp & Humidity,"{""temperature"": 31.0, ""humidity"": 92.0}",-39.0,0.5,1,Isolation Forest ML Anomaly
2026-08-18 20:30:00,H:92% T:31C,Temp & Humidity,"{""temperature"": 31.0, ""humidity"": 92.0}",-47.0,4.0,1,Isolation Forest ML Anomaly
2026-08-18 20:30:01,H:92% T:31C,Temp & Humidity,"{""temperature"": 31.0, ""humidity"": 92.0}",-40.0,1.0,1,Isolation Forest ML Anomaly
2026-08-18 20:30:02,H:92% T:31C,Temp & Humidity,"{""temperature"": 31.0, ""humidity"": 92.0}",-41.0,1.25,1,Isolation Forest ML Anomaly
2026-08-18 20:30:03,H:92% T:31C,Temp & Humidity,"{""temperature"": 31.0, ""humidity"": 92.0}",-47.0,3.5,1,Isolation Forest ML Anomaly
2026-08-18 20:30:04,H:92% T:31C,Temp & Humidity,"{""temperature"": 31.0, ""humidity"": 92.0}",-42.0,4.75,0,Normal
2026-08-18 20:30:05,H:92% T:31C,Temp & Humidity,"{""temperature"": 31.0, ""humidity"": 92.0}",-42.0,0.75,0,Normal
2026-08-18 20:30:07,H:91% T:31C,Temp & Humidity,"{""temperature"": 31.0, ""humidity"": 91.0}",-44.0,0.5,1,Isolation Forest ML Anomaly
2026-08-18 20:30:08,H:91% T:31C,Temp & Humidity,"{""temperature"": 31.0, ""humidity"": 91.0}",-44.0,2.25,1,Isolation Forest ML Anomaly
2026-08-18 20:30:09,H:91% T:31C,Temp & Humidity,"{""temperature"": 31.0, ""humidity"": 91.0}",-47.0,0.5,1,Isolation Forest ML Anomaly
2026-08-18 20:30:10,H:91% T:31C,Temp & Humidity,"{""temperature"": 31.0, ""humidity"": 91.0}",-41.0,0.75,1,Isolation Forest ML Anomaly
2026-08-18 20:30:11,H:91% T:31C,Temp & Humidity,"{""temperature"": 31.0, ""humidity"": 91.0}",-48.0,0.5,1,Isolation Forest ML Anomaly
2026-08-18 20:30:12,H:91% T:31C,Temp & Humidity,"{""temperature"": 31.0, ""humidity"": 91.0}",-44.0,1.5,1,Isolation Forest ML Anomaly
2026-08-18 20:30:13,H:91% T:31C,Temp & Humidity,"{""temperature"": 31.0, ""humidity"": 91.0}",-40.0,0.75,1,Isolation Forest ML Anomaly
2026-08-18 20:30:14,H:91% T:31C,Temp & Humidity,"{""temperature"": 31.0, ""humidity"": 91.0}",-40.0,0.25,1,Isolation Forest ML Anomaly
2026-08-18 20:30:15,H:91% T:31C,Temp & Humidity,"{""temperature"": 31.0, ""humidity"": 91.0}",-43.0,2.0,1,Isolation Forest ML Anomaly
2026-08-18 20:30:16,H:91% T:31C,Temp & Humidity,"{""temperature"": 31.0, ""humidity"": 91.0}",-40.0,0.75,1,Isolation Forest ML Anomaly
2026-08-18 20:30:17,H:91% T:31C,Temp & Humidity,"{""temperature"": 31.0, ""humidity"": 91.0}",-42.0,0.75,1,Isolation Forest ML Anomaly
2026-08-18 20:30:18,H:91% T:31C,Temp & Humidity,"{""temperature"": 31.0, ""humidity"": 91.0}",-40.0,0.5,1,Isolation Forest ML Anomaly
2026-08-18 20:30:19,H:90% T:31C,Temp & Humidity,"{""temperature"": 31.0, ""humidity"": 90.0}",-42.0,0.75,1,Isolation Forest ML Anomaly
2026-08-18 20:30:21,H:90% T:31C,Temp & Humidity,"{""temperature"": 31.0, ""humidity"": 90.0}",-41.0,0.25,1,Isolation Forest ML Anomaly
2026-08-18 20:30:22,H:90% T:31C,Temp & Humidity,"{""temperature"": 31.0, ""humidity"": 90.0}",-41.0,0.25,1,Isolation Forest ML Anomaly
2026-08-18 20:30:23,H:90% T:31C,Temp & Humidity,"{""temperature"": 31.0, ""humidity"": 90.0}",-47.0,0.0,1,Isolation Forest ML Anomaly
2026-08-18 20:30:24,H:90% T:31C,Temp & Humidity,"{""temperature"": 31.0, ""humidity"": 90.0}",-41.0,0.75,1,Isolation Forest ML Anomaly
2026-08-18 20:30:25,H:90% T:31C,Temp & Humidity,"{""temperature"": 31.0, ""humidity"": 90.0}",-40.0,0.5,1,Isolation Forest ML Anomaly
2026-08-18 20:30:26,H:90% T:31C,Temp & Humidity,"{""temperature"": 31.0, ""humidity"": 90.0}",-40.0,0.25,1,Isolation Forest ML Anomaly
2026-08-18 20:30:27,H:90% T:31C,Temp & Humidity,"{""temperature"": 31.0, ""humidity"": 90.0}",-40.0,3.0,1,Isolation Forest ML Anomaly
2026-08-18 20:30:28,H:90% T:31C,Temp & Humidity,"{""temperature"": 31.0, ""humidity"": 90.0}",-39.0,0.25,1,Isolation Forest ML Anomaly
2026-08-18 20:30:29,H:90% T:31C,Temp & Humidity,"{""temperature"": 31.0, ""humidity"": 90.0}",-46.0,0.25,1,Isolation Forest ML Anomaly
2026-08-18 20:30:30,H:90% T:30C,Temp & Humidity,"{""temperature"": 30.0, ""humidity"": 90.0}",-49.0,1.25,1,Isolation Forest ML Anomaly
2026-08-18 20:30:31,H:90% T:30C,Temp & Humidity,"{""temperature"": 30.0, ""humidity"": 90.0}",-41.0,0.25,0,Normal
2026-08-18 20:30:32,H:90% T:30C,Temp & Humidity,"{""temperature"": 30.0, ""humidity"": 90.0}",-41.0,1.0,0,Normal
2026-08-18 20:30:33,H:90% T:30C,Temp & Humidity,"{""temperature"": 30.0, ""humidity"": 90.0}",-41.0,0.75,0,Normal
2026-08-18 20:30:35,H:90% T:30C,Temp & Humidity,"{""temperature"": 30.0, ""humidity"": 90.0}",-42.0,0.75,0,Normal
2026-08-18 20:30:36,H:90% T:30C,Temp & Humidity,"{""temperature"": 30.0, ""humidity"": 90.0}",-43.0,0.5,0,Normal
2026-08-18 20:30:37,H:89% T:30C,Temp & Humidity,"{""temperature"": 30.0, ""humidity"": 89.0}",-47.0,0.25,1,Isolation Forest ML Anomaly
2026-08-18 20:30:38,H:89% T:30C,Temp & Humidity,"{""temperature"": 30.0, ""humidity"": 89.0}",-41.0,0.5,0,Normal
2026-08-18 20:30:39,H:89% T:30C,Temp & Humidity,"{""temperature"": 30.0, ""humidity"": 89.0}",-42.0,0.25,0,Normal
2026-08-18 20:30:40,H:89% T:30C,Temp & Humidity,"{""temperature"": 30.0, ""humidity"": 89.0}",-41.0,0.75,0,Normal
2026-08-18 20:30:41,H:89% T:30C,Temp & Humidity,"{""temperature"": 30.0, ""humidity"": 89.0}",-48.0,0.5,1,Isolation Forest ML Anomaly
2026-08-18 20:30:42,H:89% T:30C,Temp & Humidity,"{""temperature"": 30.0, ""humidity"": 89.0}",-48.0,0.75,1,Isolation Forest ML Anomaly
2026-08-18 20:30:43,H:89% T:30C,Temp & Humidity,"{""temperature"": 30.0, ""humidity"": 89.0}",-47.0,0.0,1,Isolation Forest ML Anomaly
2026-08-18 20:30:44,H:89% T:30C,Temp & Humidity,"{""temperature"": 30.0, ""humidity"": 89.0}",-42.0,0.0,1,Isolation Forest ML Anomaly
2026-08-18 20:30:45,H:89% T:30C,Temp & Humidity,"{""temperature"": 30.0, ""humidity"": 89.0}",-40.0,0.5,1,Isolation Forest ML Anomaly
2026-08-18 20:30:46,H:89% T:30C,Temp & Humidity,"{""temperature"": 30.0, ""humidity"": 89.0}",-38.0,0.5,0,Normal
2026-08-18 20:30:47,H:89% T:30C,Temp & Humidity,"{""temperature"": 30.0, ""humidity"": 89.0}",-40.0,0.0,1,Isolation Forest ML Anomaly
2026-08-18 20:30:48,H:89% T:30C,Temp & Humidity,"{""temperature"": 30.0, ""humidity"": 89.0}",-47.0,0.25,1,Isolation Forest ML Anomaly
2026-08-18 20:30:50,H:88% T:30C,Temp & Humidity,"{""temperature"": 30.0, ""humidity"": 88.0}",-41.0,1.0,0,Normal
2026-08-18 20:30:51,H:88% T:30C,Temp & Humidity,"{""temperature"": 30.0, ""humidity"": 88.0}",-37.25,-0.25,0,Normal
2026-08-18 20:30:52,H:88% T:30C,Temp & Humidity,"{""temperature"": 30.0, ""humidity"": 88.0}",-39.0,0.75,1,Isolation Forest ML Anomaly
2026-08-18 20:30:53,H:88% T:30C,Temp & Humidity,"{""temperature"": 30.0, ""humidity"": 88.0}",-42.0,9.5,0,Normal
2026-08-18 20:30:54,H:88% T:30C,Temp & Humidity,"{""temperature"": 30.0, ""humidity"": 88.0}",-42.0,9.5,0,Normal
2026-08-18 20:30:55,H:88% T:30C,Temp & Humidity,"{""temperature"": 30.0, ""humidity"": 88.0}",-42.0,9.75,0,Normal
2026-08-18 20:30:56,H:88% T:30C,Temp & Humidity,"{""temperature"": 30.0, ""humidity"": 88.0}",-43.0,9.0,0,Normal
2026-08-18 20:30:57,H:88% T:30C,Temp & Humidity,"{""temperature"": 30.0, ""humidity"": 88.0}",-43.0,9.0,0,Normal
2026-08-18 20:30:58,H:88% T:30C,Temp & Humidity,"{""temperature"": 30.0, ""humidity"": 88.0}",-43.0,9.25,0,Normal
2026-08-18 20:30:59,H:87% T:30C,Temp & Humidity,"{""temperature"": 30.0, ""humidity"": 87.0}",-43.0,9.25,0,Normal
2026-08-18 20:31:00,H:87% T:30C,Temp & Humidity,"{""temperature"": 30.0, ""humidity"": 87.0}",-43.0,9.25,0,Normal
2026-08-18 20:31:01,H:87% T:30C,Temp & Humidity,"{""temperature"": 30.0, ""humidity"": 87.0}",-43.0,9.5,0,Normal
2026-08-18 20:31:02,H:87% T:30C,Temp & Humidity,"{""temperature"": 30.0, ""humidity"": 87.0}",-43.0,9.5,0,Normal
2026-08-18 20:31:04,H:87% T:30C,Temp & Humidity,"{""temperature"": 30.0, ""humidity"": 87.0}",-43.0,9.5,0,Normal
2026-08-18 20:31:05,H:87% T:30C,Temp & Humidity,"{""temperature"": 30.0, ""humidity"": 87.0}",-43.0,9.25,0,Normal
2026-08-18 20:31:06,H:87% T:30C,Temp & Humidity,"{""temperature"": 30.0, ""humidity"": 87.0}",-48.0,9.5,1,Isolation Forest ML Anomaly
2026-08-18 20:31:07,H:87% T:30C,Temp & Humidity,"{""temperature"": 30.0, ""humidity"": 87.0}",-48.0,9.25,1,Isolation Forest ML Anomaly
2026-08-18 20:31:08,H:87% T:30C,Temp & Humidity,"{""temperature"": 30.0, ""humidity"": 87.0}",-43.0,9.25,0,Normal
2026-08-18 20:31:09,H:86% T:30C,Temp & Humidity,"{""temperature"": 30.0, ""humidity"": 86.0}",-43.0,9.25,0,Normal
2026-08-18 20:31:10,H:86% T:30C,Temp & Humidity,"{""temperature"": 30.0, ""humidity"": 86.0}",-43.0,9.25,0,Normal
2026-08-18 20:31:11,H:86% T:30C,Temp & Humidity,"{""temperature"": 30.0, ""humidity"": 86.0}",-43.0,9.25,0,Normal
2026-08-18 20:31:12,H:86% T:30C,Temp & Humidity,"{""temperature"": 30.0, ""humidity"": 86.0}",-43.0,9.25,0,Normal
2026-08-18 20:31:13,H:86% T:30C,Temp & Humidity,"{""temperature"": 30.0, ""humidity"": 86.0}",-43.0,9.5,0,Normal
2026-08-18 20:31:14,H:86% T:30C,Temp & Humidity,"{""temperature"": 30.0, ""humidity"": 86.0}",-43.0,9.25,0,Normal
2026-08-18 20:31:15,H:86% T:30C,Temp & Humidity,"{""temperature"": 30.0, ""humidity"": 86.0}",-43.0,9.5,0,Normal
2026-08-18 20:31:16,H:86% T:30C,Temp & Humidity,"{""temperature"": 30.0, ""humidity"": 86.0}",-43.0,9.5,0,Normal
2026-08-18 20:31:18,H:86% T:30C,Temp & Humidity,"{""temperature"": 30.0, ""humidity"": 86.0}",-43.0,9.5,0,Normal
2026-08-18 20:31:19,H:86% T:30C,Temp & Humidity,"{""temperature"": 30.0, ""humidity"": 86.0}",-43.0,9.0,0,Normal
2026-08-18 20:31:20,H:86% T:30C,Temp & Humidity,"{""temperature"": 30.0, ""humidity"": 86.0}",-48.0,9.25,1,Isolation Forest ML Anomaly
2026-08-18 20:31:21,H:85% T:30C,Temp & Humidity,"{""temperature"": 30.0, ""humidity"": 85.0}",-44.75,-0.75,1,Isolation Forest ML Anomaly
2026-08-18 20:31:22,H:85% T:30C,Temp & Humidity,"{""temperature"": 30.0, ""humidity"": 85.0}",-38.25,-0.25,0,Normal
2026-08-18 20:31:23,H:85% T:30C,Temp & Humidity,"{""temperature"": 30.0, ""humidity"": 85.0}",-44.0,0.0,1,Isolation Forest ML Anomaly
2026-08-18 20:31:24,H:85% T:30C,Temp & Humidity,"{""temperature"": 30.0, ""humidity"": 85.0}",-38.5,-0.5,0,Normal
2026-08-18 20:31:25,H:85% T:30C,Temp & Humidity,"{""temperature"": 30.0, ""humidity"": 85.0}",-42.25,-0.25,0,Normal
2026-08-18 20:31:26,H:85% T:30C,Temp & Humidity,"{""temperature"": 30.0, ""humidity"": 85.0}",-38.25,-0.25,0,Normal
2026-08-18 20:31:27,H:85% T:30C,Temp & Humidity,"{""temperature"": 30.0, ""humidity"": 85.0}",-38.5,-0.5,0,Normal
2026-08-18 20:31:28,H:85% T:30C,Temp & Humidity,"{""temperature"": 30.0, ""humidity"": 85.0}",-45.5,-0.5,1,Isolation Forest ML Anomaly
2026-08-18 20:31:29,H:85% T:30C,Temp & Humidity,"{""temperature"": 30.0, ""humidity"": 85.0}",-39.5,-0.5,1,Isolation Forest ML Anomaly
2026-08-18 20:31:30,H:85% T:30C,Temp & Humidity,"{""temperature"": 30.0, ""humidity"": 85.0}",-36.75,-0.75,1,Isolation Forest ML Anomaly
2026-08-18 20:31:32,H:85% T:30C,Temp & Humidity,"{""temperature"": 30.0, ""humidity"": 85.0}",-47.5,-0.5,1,Isolation Forest ML Anomaly
2026-08-18 20:31:33,H:85% T:30C,Temp & Humidity,"{""temperature"": 30.0, ""humidity"": 85.0}",-48.5,-0.5,1,Isolation Forest ML Anomaly
2026-08-18 20:31:34,H:85% T:30C,Temp & Humidity,"{""temperature"": 30.0, ""humidity"": 85.0}",-44.25,-1.25,0,Normal
2026-08-18 20:31:35,H:85% T:30C,Temp & Humidity,"{""temperature"": 30.0, ""humidity"": 85.0}",-45.5,-0.5,0,Normal
2026-08-18 20:31:36,H:85% T:30C,Temp & Humidity,"{""temperature"": 30.0, ""humidity"": 85.0}",-46.5,-0.5,0,Normal
2026-08-18 20:31:37,H:85% T:30C,Temp & Humidity,"{""temperature"": 30.0, ""humidity"": 85.0}",-39.75,-0.75,0,Normal
2026-08-18 20:31:38,H:85% T:30C,Temp & Humidity,"{""temperature"": 30.0, ""humidity"": 85.0}",-43.0,0.5,0,Normal
2026-08-18 20:31:39,H:85% T:30C,Temp & Humidity,"{""temperature"": 30.0, ""humidity"": 85.0}",-40.0,0.0,0,Normal
2026-08-18 20:31:40,H:84% T:30C,Temp & Humidity,"{""temperature"": 30.0, ""humidity"": 84.0}",-46.5,-0.5,0,Normal
2026-08-18 20:31:41,H:84% T:30C,Temp & Humidity,"{""temperature"": 30.0, ""humidity"": 84.0}",-39.0,0.0,0,Normal
2026-08-18 20:31:42,H:84% T:30C,Temp & Humidity,"{""temperature"": 30.0, ""humidity"": 84.0}",-39.0,0.0,0,Normal
2026-08-18 20:31:43,H:84% T:30C,Temp & Humidity,"{""temperature"": 30.0, ""humidity"": 84.0}",-45.0,0.0,0,Normal
2026-08-18 20:31:44,H:84% T:30C,Temp & Humidity,"{""temperature"": 30.0, ""humidity"": 84.0}",-40.5,-0.5,0,Normal
2026-08-18 20:31:46,H:84% T:30C,Temp & Humidity,"{""temperature"": 30.0, ""humidity"": 84.0}",-46.75,-0.75,0,Normal
2026-08-18 20:31:47,H:84% T:30C,Temp & Humidity,"{""temperature"": 30.0, ""humidity"": 84.0}",-38.75,-0.75,0,Normal
2026-08-18 20:31:48,H:84% T:30C,Temp & Humidity,"{""temperature"": 30.0, ""humidity"": 84.0}",-42.75,-0.75,0,Normal
2026-08-18 20:31:49,H:84% T:30C,Temp & Humidity,"{""temperature"": 30.0, ""humidity"": 84.0}",-40.25,-1.25,0,Normal
2026-08-18 20:31:50,H:84% T:30C,Temp & Humidity,"{""temperature"": 30.0, ""humidity"": 84.0}",-48.0,-1.0,1,Isolation Forest ML Anomaly
2026-08-18 20:31:51,H:84% T:30C,Temp & Humidity,"{""temperature"": 30.0, ""humidity"": 84.0}",-40.25,-1.25,0,Normal
2026-08-18 20:31:52,H:84% T:30C,Temp & Humidity,"{""temperature"": 30.0, ""humidity"": 84.0}",-39.0,-1.0,0,Normal
2026-08-18 20:31:53,H:84% T:30C,Temp & Humidity,"{""temperature"": 30.0, ""humidity"": 84.0}",-44.25,-0.25,0,Normal
2026-08-18 20:31:54,H:84% T:30C,Temp & Humidity,"{""temperature"": 30.0, ""humidity"": 84.0}",-43.25,-0.25,0,Normal
2026-08-18 20:31:55,H:84% T:30C,Temp & Humidity,"{""temperature"": 30.0, ""humidity"": 84.0}",-47.0,0.0,0,Normal
2026-08-18 20:31:56,H:84% T:30C,Temp & Humidity,"{""temperature"": 30.0, ""humidity"": 84.0}",-45.5,-0.5,0,Normal
2026-08-18 20:31:57,H:84% T:30C,Temp & Humidity,"{""temperature"": 30.0, ""humidity"": 84.0}",-39.25,-0.25,0,Normal
2026-08-18 20:31:58,H:84% T:30C,Temp & Humidity,"{""temperature"": 30.0, ""humidity"": 84.0}",-41.5,-0.5,0,Normal
2026-08-18 20:32:00,H:84% T:30C,Temp & Humidity,"{""temperature"": 30.0, ""humidity"": 84.0}",-39.0,0.25,0,Normal
2026-08-18 20:32:01,H:84% T:30C,Temp & Humidity,"{""temperature"": 30.0, ""humidity"": 84.0}",-40.0,-1.0,0,Normal
2026-08-18 20:32:02,H:84% T:30C,Temp & Humidity,"{""temperature"": 30.0, ""humidity"": 84.0}",-41.0,1.0,0,Normal
2026-08-18 20:32:03,H:83% T:30C,Temp & Humidity,"{""temperature"": 30.0, ""humidity"": 83.0}",-42.0,0.25,0,Normal
2026-08-18 20:32:04,H:83% T:30C,Temp & Humidity,"{""temperature"": 30.0, ""humidity"": 83.0}",-40.0,0.25,0,Normal
2026-08-18 20:32:05,H:83% T:30C,Temp & Humidity,"{""temperature"": 30.0, ""humidity"": 83.0}",-41.0,0.5,0,Normal
2026-08-18 20:32:06,H:83% T:30C,Temp & Humidity,"{""temperature"": 30.0, ""humidity"": 83.0}",-44.0,0.25,0,Normal
2026-08-18 20:32:07,H:83% T:30C,Temp & Humidity,"{""temperature"": 30.0, ""humidity"": 83.0}",-45.25,-0.25,0,Normal
2026-08-18 20:32:08,H:83% T:30C,Temp & Humidity,"{""temperature"": 30.0, ""humidity"": 83.0}",-40.0,0.25,0,Normal
2026-08-18 20:32:09,H:83% T:30C,Temp & Humidity,"{""temperature"": 30.0, ""humidity"": 83.0}",-39.5,-0.5,0,Normal
2026-08-18 20:32:10,H:83% T:30C,Temp & Humidity,"{""temperature"": 30.0, ""humidity"": 83.0}",-42.5,-0.5,0,Normal
2026-08-18 20:32:11,H:83% T:30C,Temp & Humidity,"{""temperature"": 30.0, ""humidity"": 83.0}",-37.75,-0.75,0,Normal
2026-08-18 20:32:12,H:83% T:30C,Temp & Humidity,"{""temperature"": 30.0, ""humidity"": 83.0}",-44.0,0.25,0,Normal
2026-08-18 20:32:14,H:83% T:30C,Temp & Humidity,"{""temperature"": 30.0, ""humidity"": 83.0}",-47.0,0.75,0,Normal
2026-08-18 20:32:15,H:83% T:30C,Temp & Humidity,"{""temperature"": 30.0, ""humidity"": 83.0}",-44.0,2.5,0,Normal
2026-08-18 20:32:16,H:83% T:30C,Temp & Humidity,"{""temperature"": 30.0, ""humidity"": 83.0}",-43.0,9.25,0,Normal
2026-08-18 20:32:17,H:83% T:30C,Temp & Humidity,"{""temperature"": 30.0, ""humidity"": 83.0}",-43.0,9.75,0,Normal
2026-08-18 20:32:18,H:83% T:30C,Temp & Humidity,"{""temperature"": 30.0, ""humidity"": 83.0}",-43.0,9.5,0,Normal
2026-08-18 20:32:19,H:83% T:30C,Temp & Humidity,"{""temperature"": 30.0, ""humidity"": 83.0}",-42.0,9.75,0,Normal
2026-08-18 20:32:20,H:83% T:30C,Temp & Humidity,"{""temperature"": 30.0, ""humidity"": 83.0}",-42.0,8.75,0,Normal
2026-08-18 20:32:21,H:82% T:30C,Temp & Humidity,"{""temperature"": 30.0, ""humidity"": 82.0}",-43.0,9.25,0,Normal
2026-08-18 20:32:22,H:82% T:30C,Temp & Humidity,"{""temperature"": 30.0, ""humidity"": 82.0}",-43.0,9.5,0,Normal
2026-08-18 20:32:23,H:82% T:30C,Temp & Humidity,"{""temperature"": 30.0, ""humidity"": 82.0}",-43.0,9.0,0,Normal
2026-08-18 20:32:24,H:82% T:30C,Temp & Humidity,"{""temperature"": 30.0, ""humidity"": 82.0}",-42.0,9.25,0,Normal
2026-08-18 20:32:25,H:82% T:30C,Temp & Humidity,"{""temperature"": 30.0, ""humidity"": 82.0}",-43.0,9.0,0,Normal
2026-08-18 20:32:26,H:82% T:30C,Temp & Humidity,"{""temperature"": 30.0, ""humidity"": 82.0}",-40.0,6.75,0,Normal
2026-08-18 20:32:27,H:82% T:30C,Temp & Humidity,"{""temperature"": 30.0, ""humidity"": 82.0}",-43.0,9.25,0,Normal
2026-08-18 20:32:29,H:82% T:30C,Temp & Humidity,"{""temperature"": 30.0, ""humidity"": 82.0}",-40.0,2.25,0,Normal
2026-08-18 20:32:30,H:82% T:30C,Temp & Humidity,"{""temperature"": 30.0, ""humidity"": 82.0}",-40.0,1.0,0,Normal
2026-08-18 20:32:31,H:82% T:30C,Temp & Humidity,"{""temperature"": 30.0, ""humidity"": 82.0}",-42.0,0.75,0,Normal
2026-08-18 20:32:32,H:82% T:30C,Temp & Humidity,"{""temperature"": 30.0, ""humidity"": 82.0}",-41.0,0.5,0,Normal
2026-08-18 20:32:33,H:82% T:30C,Temp & Humidity,"{""temperature"": 30.0, ""humidity"": 82.0}",-43.0,5.0,0,Normal
2026-08-18 20:32:34,H:82% T:30C,Temp & Humidity,"{""temperature"": 30.0, ""humidity"": 82.0}",-42.0,1.5,0,Normal
2026-08-18 20:32:35,H:82% T:30C,Temp & Humidity,"{""temperature"": 30.0, ""humidity"": 82.0}",-43.0,1.25,0,Normal
2026-08-18 20:32:36,H:82% T:30C,Temp & Humidity,"{""temperature"": 30.0, ""humidity"": 82.0}",-38.0,0.5,0,Normal
2026-08-18 20:32:37,H:82% T:30C,Temp & Humidity,"{""temperature"": 30.0, ""humidity"": 82.0}",-41.0,0.5,0,Normal
2026-08-18 20:32:38,H:82% T:30C,Temp & Humidity,"{""temperature"": 30.0, ""humidity"": 82.0}",-42.0,1.75,0,Normal
2026-08-18 20:32:39,H:82% T:30C,Temp & Humidity,"{""temperature"": 30.0, ""humidity"": 82.0}",-47.0,3.5,0,Normal
2026-08-18 20:32:40,H:82% T:30C,Temp & Humidity,"{""temperature"": 30.0, ""humidity"": 82.0}",-40.0,2.25,0,Normal
2026-08-18 20:32:41,H:82% T:30C,Temp & Humidity,"{""temperature"": 30.0, ""humidity"": 82.0}",-42.0,5.25,0,Normal
2026-08-18 20:32:43,H:82% T:30C,Temp & Humidity,"{""temperature"": 30.0, ""humidity"": 82.0}",-43.0,6.75,0,Normal
2026-08-18 20:32:44,H:82% T:30C,Temp & Humidity,"{""temperature"": 30.0, ""humidity"": 82.0}",-43.0,6.0,0,Normal
2026-08-18 20:32:45,H:82% T:30C,Temp & Humidity,"{""temperature"": 30.0, ""humidity"": 82.0}",-41.0,3.25,0,Normal
2026-08-18 20:32:46,H:82% T:30C,Temp & Humidity,"{""temperature"": 30.0, ""humidity"": 82.0}",-41.0,8.25,0,Normal
2026-08-18 20:32:47,H:82% T:30C,Temp & Humidity,"{""temperature"": 30.0, ""humidity"": 82.0}",-41.0,4.0,0,Normal
2026-08-18 20:32:48,H:82% T:30C,Temp & Humidity,"{""temperature"": 30.0, ""humidity"": 82.0}",-43.0,0.25,0,Normal
2026-08-18 20:32:49,H:82% T:30C,Temp & Humidity,"{""temperature"": 30.0, ""humidity"": 82.0}",-42.0,0.75,0,Normal
2026-08-18 20:32:50,H:82% T:30C,Temp & Humidity,"{""temperature"": 30.0, ""humidity"": 82.0}",-41.0,0.0,0,Normal
2026-08-18 20:32:51,H:82% T:30C,Temp & Humidity,"{""temperature"": 30.0, ""humidity"": 82.0}",-42.0,0.5,0,Normal
2026-08-18 20:32:52,H:82% T:30C,Temp & Humidity,"{""temperature"": 30.0, ""humidity"": 82.0}",-45.0,0.0,0,Normal
2026-08-18 20:32:53,H:82% T:30C,Temp & Humidity,"{""temperature"": 30.0, ""humidity"": 82.0}",-44.0,0.75,0,Normal
2026-08-18 20:32:54,H:82% T:30C,Temp & Humidity,"{""temperature"": 30.0, ""humidity"": 82.0}",-41.0,0.0,0,Normal
2026-08-18 20:32:55,H:82% T:30C,Temp & Humidity,"{""temperature"": 30.0, ""humidity"": 82.0}",-43.0,0.25,0,Normal
2026-08-18 20:32:57,H:82% T:30C,Temp & Humidity,"{""temperature"": 30.0, ""humidity"": 82.0}",-40.0,0.75,0,Normal
2026-08-18 20:32:58,H:82% T:30C,Temp & Humidity,"{""temperature"": 30.0, ""humidity"": 82.0}",-42.0,4.5,0,Normal
2026-08-18 20:32:59,H:82% T:30C,Temp & Humidity,"{""temperature"": 30.0, ""humidity"": 82.0}",-50.0,2.0,1,Isolation Forest ML Anomaly
2026-08-18 20:33:00,H:82% T:30C,Temp & Humidity,"{""temperature"": 30.0, ""humidity"": 82.0}",-41.0,1.25,0,Normal
2026-08-18 20:33:01,H:82% T:30C,Temp & Humidity,"{""temperature"": 30.0, ""humidity"": 82.0}",-46.0,2.0,0,Normal
2026-08-18 20:33:02,H:82% T:30C,Temp & Humidity,"{""temperature"": 30.0, ""humidity"": 82.0}",-42.0,1.25,0,Normal
2026-08-18 20:33:03,H:82% T:30C,Temp & Humidity,"{""temperature"": 30.0, ""humidity"": 82.0}",-43.0,1.75,0,Normal
2026-08-18 20:33:04,H:82% T:30C,Temp & Humidity,"{""temperature"": 30.0, ""humidity"": 82.0}",-43.0,2.75,0,Normal
2026-08-18 20:33:05,H:82% T:30C,Temp & Humidity,"{""temperature"": 30.0, ""humidity"": 82.0}",-49.0,2.0,1,Isolation Forest ML Anomaly
2026-08-18 20:33:06,H:81% T:30C,Temp & Humidity,"{""temperature"": 30.0, ""humidity"": 81.0}",-42.0,8.25,0,Normal
2026-08-18 20:33:07,H:81% T:30C,Temp & Humidity,"{""temperature"": 30.0, ""humidity"": 81.0}",-41.0,3.5,0,Normal
2026-08-18 20:33:08,H:82% T:30C,Temp & Humidity,"{""temperature"": 30.0, ""humidity"": 82.0}",-42.0,2.5,0,Normal
2026-08-18 20:33:09,H:81% T:30C,Temp & Humidity,"{""temperature"": 30.0, ""humidity"": 81.0}",-41.0,1.5,0,Normal
2026-08-18 20:33:11,H:81% T:30C,Temp & Humidity,"{""temperature"": 30.0, ""humidity"": 81.0}",-42.0,1.0,0,Normal
2026-08-18 20:33:12,H:82% T:30C,Temp & Humidity,"{""temperature"": 30.0, ""humidity"": 82.0}",-42.0,3.5,0,Normal
2026-08-18 20:33:13,H:82% T:30C,Temp & Humidity,"{""temperature"": 30.0, ""humidity"": 82.0}",-42.0,1.0,0,Normal
2026-08-18 20:33:14,H:81% T:30C,Temp & Humidity,"{""temperature"": 30.0, ""humidity"": 81.0}",-41.0,0.5,0,Normal
2026-08-18 20:33:15,H:82% T:30C,Temp & Humidity,"{""temperature"": 30.0, ""humidity"": 82.0}",-44.0,0.25,0,Normal
2026-08-18 20:33:16,H:81% T:30C,Temp & Humidity,"{""temperature"": 30.0, ""humidity"": 81.0}",-43.0,0.75,0,Normal
2026-08-18 20:33:17,H:82% T:30C,Temp & Humidity,"{""temperature"": 30.0, ""humidity"": 82.0}",-45.0,0.5,0,Normal
2026-08-18 20:33:18,H:82% T:30C,Temp & Humidity,"{""temperature"": 30.0, ""humidity"": 82.0}",-41.0,0.75,0,Normal
2026-08-18 20:33:19,H:82% T:30C,Temp & Humidity,"{""temperature"": 30.0, ""humidity"": 82.0}",-41.0,1.0,0,Normal
2026-08-18 20:33:20,H:81% T:30C,Temp & Humidity,"{""temperature"": 30.0, ""humidity"": 81.0}",-47.0,0.25,0,Normal
2026-08-18 20:33:21,H:81% T:30C,Temp & Humidity,"{""temperature"": 30.0, ""humidity"": 81.0}",-41.0,0.75,0,Normal
2026-08-18 20:33:22,H:81% T:30C,Temp & Humidity,"{""temperature"": 30.0, ""humidity"": 81.0}",-41.0,1.5,0,Normal
2026-08-18 20:33:23,H:81% T:30C,Temp & Humidity,"{""temperature"": 30.0, ""humidity"": 81.0}",-46.0,0.5,0,Normal
2026-08-18 20:33:25,H:81% T:30C,Temp & Humidity,"{""temperature"": 30.0, ""humidity"": 81.0}",-47.0,0.5,0,Normal
2026-08-18 20:33:26,H:81% T:30C,Temp & Humidity,"{""temperature"": 30.0, ""humidity"": 81.0}",-48.0,2.0,1,Isolation Forest ML Anomaly
2026-08-18 20:33:27,H:81% T:30C,Temp & Humidity,"{""temperature"": 30.0, ""humidity"": 81.0}",-41.0,0.5,0,Normal
2026-08-18 20:33:28,H:81% T:30C,Temp & Humidity,"{""temperature"": 30.0, ""humidity"": 81.0}",-43.0,0.75,0,Normal
2026-08-18 20:33:29,H:81% T:30C,Temp & Humidity,"{""temperature"": 30.0, ""humidity"": 81.0}",-44.0,3.25,0,Normal
2026-08-18 20:33:30,H:81% T:30C,Temp & Humidity,"{""temperature"": 30.0, ""humidity"": 81.0}",-42.0,3.0,0,Normal
2026-08-18 20:33:31,H:81% T:30C,Temp & Humidity,"{""temperature"": 30.0, ""humidity"": 81.0}",-40.0,0.75,0,Normal
2026-08-18 20:33:32,H:81% T:30C,Temp & Humidity,"{""temperature"": 30.0, ""humidity"": 81.0}",-41.0,2.75,0,Normal
2026-08-18 20:33:33,H:81% T:30C,Temp & Humidity,"{""temperature"": 30.0, ""humidity"": 81.0}",-41.0,1.5,0,Normal
2026-08-18 20:33:34,H:81% T:30C,Temp & Humidity,"{""temperature"": 30.0, ""humidity"": 81.0}",-42.0,2.5,0,Normal
2026-08-18 20:33:35,H:81% T:30C,Temp & Humidity,"{""temperature"": 30.0, ""humidity"": 81.0}",-41.0,1.5,0,Normal
2026-08-18 20:33:36,H:81% T:30C,Temp & Humidity,"{""temperature"": 30.0, ""humidity"": 81.0}",-41.0,1.0,0,Normal
2026-08-18 20:33:37,H:81% T:30C,Temp & Humidity,"{""temperature"": 30.0, ""humidity"": 81.0}",-42.0,0.5,0,Normal
2026-08-18 20:33:39,H:81% T:30C,Temp & Humidity,"{""temperature"": 30.0, ""humidity"": 81.0}",-47.0,0.75,0,Normal
2026-08-18 20:33:40,H:81% T:30C,Temp & Humidity,"{""temperature"": 30.0, ""humidity"": 81.0}",-47.0,0.5,0,Normal
2026-08-18 20:33:41,H:82% T:30C,Temp & Humidity,"{""temperature"": 30.0, ""humidity"": 82.0}",-38.0,0.25,0,Normal
2026-08-18 20:33:42,H:81% T:30C,Temp & Humidity,"{""temperature"": 30.0, ""humidity"": 81.0}",-45.0,4.0,0,Normal
2026-08-18 20:33:43,H:81% T:30C,Temp & Humidity,"{""temperature"": 30.0, ""humidity"": 81.0}",-47.0,0.75,0,Normal
2026-08-18 20:33:44,H:81% T:30C,Temp & Humidity,"{""temperature"": 30.0, ""humidity"": 81.0}",-47.25,-0.25,0,Normal
2026-08-18 20:33:45,H:81% T:30C,Temp & Humidity,"{""temperature"": 30.0, ""humidity"": 81.0}",-46.25,-1.25,0,Normal
2026-08-18 20:33:46,H:81% T:30C,Temp & Humidity,"{""temperature"": 30.0, ""humidity"": 81.0}",-44.5,-0.5,0,Normal
2026-08-18 20:34:40,H:81% T:30C,Temp & Humidity,"{""temperature"": 30.0, ""humidity"": 81.0}",-44.0,2.5,0,Normal
2026-08-18 20:34:40,H:81% T:30C,Temp & Humidity,"{""temperature"": 30.0, ""humidity"": 81.0}",-41.0,2.75,0,Normal
2026-08-18 20:34:40,H:81% T:30C,Temp & Humidity,"{""temperature"": 30.0, ""humidity"": 81.0}",-43.0,1.75,0,Normal
2026-08-18 20:34:40,H:81% T:30C,Temp & Humidity,"{""temperature"": 30.0, ""humidity"": 81.0}",-40.0,1.5,0,Normal
2026-08-18 20:34:40,H:81% T:30C,Temp & Humidity,"{""temperature"": 30.0, ""humidity"": 81.0}",-42.0,1.25,0,Normal
2026-08-18 20:34:40,H:81% T:30C,Temp & Humidity,"{""temperature"": 30.0, ""humidity"": 81.0}",-42.0,1.0,0,Normal
2026-08-18 20:34:40,H:81% T:30C,Temp & Humidity,"{""temperature"": 30.0, ""humidity"": 81.0}",-47.0,1.25,0,Normal
2026-08-18 20:34:40,H:81% T:30C,Temp & Humidity,"{""temperature"": 30.0, ""humidity"": 81.0}",-41.0,1.5,0,Normal
2026-08-18 20:34:40,H:81% T:30C,Temp & Humidity,"{""temperature"": 30.0, ""humidity"": 81.0}",-41.0,3.0,0,Normal
2026-08-18 20:34:40,H:80% T:30C,Temp & Humidity,"{""temperature"": 30.0, ""humidity"": 80.0}",-42.0,0.75,1,Sudden Humidity Shift (-1000.0%/min)
2026-08-18 20:34:40,H:81% T:30C,Temp & Humidity,"{""temperature"": 30.0, ""humidity"": 81.0}",-48.0,4.0,1,Sudden Humidity Shift (+1000.0%/min)
2026-08-18 20:34:40,H:80% T:30C,Temp & Humidity,"{""temperature"": 30.0, ""humidity"": 80.0}",-42.0,5.25,0,Normal
2026-08-18 20:34:40,H:80% T:30C,Temp & Humidity,"{""temperature"": 30.0, ""humidity"": 80.0}",-41.0,4.75,0,Normal
2026-08-18 20:34:40,H:80% T:30C,Temp & Humidity,"{""temperature"": 30.0, ""humidity"": 80.0}",-46.0,2.75,0,Normal
2026-08-18 20:34:40,H:80% T:30C,Temp & Humidity,"{""temperature"": 30.0, ""humidity"": 80.0}",-41.0,2.0,0,Normal
2026-08-18 20:34:40,H:80% T:30C,Temp & Humidity,"{""temperature"": 30.0, ""humidity"": 80.0}",-47.0,0.75,0,Normal
2026-08-18 20:34:40,H:80% T:30C,Temp & Humidity,"{""temperature"": 30.0, ""humidity"": 80.0}",-42.0,1.0,0,Normal
2026-08-18 20:34:40,H:80% T:30C,Temp & Humidity,"{""temperature"": 30.0, ""humidity"": 80.0}",-40.0,0.5,0,Normal
2026-08-18 20:34:40,H:80% T:30C,Temp & Humidity,"{""temperature"": 30.0, ""humidity"": 80.0}",-38.0,0.25,0,Normal
2026-08-18 20:34:40,H:80% T:30C,Temp & Humidity,"{""temperature"": 30.0, ""humidity"": 80.0}",-41.0,2.25,0,Normal
2026-08-18 20:34:40,H:80% T:30C,Temp & Humidity,"{""temperature"": 30.0, ""humidity"": 80.0}",-43.0,3.25,0,Normal
2026-08-18 20:34:40,H:80% T:30C,Temp & Humidity,"{""temperature"": 30.0, ""humidity"": 80.0}",-40.0,1.0,0,Normal
2026-08-18 20:34:40,H:80% T:30C,Temp & Humidity,"{""temperature"": 30.0, ""humidity"": 80.0}",-43.0,4.5,0,Normal
2026-08-18 20:34:40,H:80% T:30C,Temp & Humidity,"{""temperature"": 30.0, ""humidity"": 80.0}",-42.0,0.75,0,Normal
2026-08-18 20:34:40,H:80% T:30C,Temp & Humidity,"{""temperature"": 30.0, ""humidity"": 80.0}",-40.25,-0.25,0,Normal
2026-08-18 20:34:41,H:80% T:30C,Temp & Humidity,"{""temperature"": 30.0, ""humidity"": 80.0}",-41.0,1.25,0,Normal
2026-08-18 20:34:41,H:80% T:30C,Temp & Humidity,"{""temperature"": 30.0, ""humidity"": 80.0}",-47.25,-1.25,0,Normal
2026-08-18 20:34:41,H:80% T:30C,Temp & Humidity,"{""temperature"": 30.0, ""humidity"": 80.0}",-38.5,-0.5,0,Normal
2026-08-18 20:34:41,H:80% T:30C,Temp & Humidity,"{""temperature"": 30.0, ""humidity"": 80.0}",-40.5,-0.5,0,Normal
2026-08-18 20:34:41,H:80% T:30C,Temp & Humidity,"{""temperature"": 30.0, ""humidity"": 80.0}",-44.75,-0.75,0,Normal
2026-08-18 20:34:41,H:80% T:30C,Temp & Humidity,"{""temperature"": 30.0, ""humidity"": 80.0}",-38.5,-0.5,0,Normal
2026-08-18 20:34:41,H:80% T:30C,Temp & Humidity,"{""temperature"": 30.0, ""humidity"": 80.0}",-45.5,-0.5,0,Normal
2026-08-18 20:34:41,H:80% T:30C,Temp & Humidity,"{""temperature"": 30.0, ""humidity"": 80.0}",-38.75,-0.75,0,Normal
2026-08-18 20:34:41,H:80% T:30C,Temp & Humidity,"{""temperature"": 30.0, ""humidity"": 80.0}",-45.5,-0.5,0,Normal
2026-08-18 20:34:41,H:80% T:30C,Temp & Humidity,"{""temperature"": 30.0, ""humidity"": 80.0}",-44.75,-0.75,0,Normal
2026-08-18 20:34:41,H:80% T:30C,Temp & Humidity,"{""temperature"": 30.0, ""humidity"": 80.0}",-44.25,-0.25,0,Normal
2026-08-18 20:34:41,H:80% T:30C,Temp & Humidity,"{""temperature"": 30.0, ""humidity"": 80.0}",-40.0,1.5,0,Normal
2026-08-18 20:34:41,H:80% T:30C,Temp & Humidity,"{""temperature"": 30.0, ""humidity"": 80.0}",-42.0,0.5,0,Normal
2026-08-18 20:34:41,H:80% T:30C,Temp & Humidity,"{""temperature"": 30.0, ""humidity"": 80.0}",-49.0,0.25,1,Isolation Forest ML Outlier
2026-08-18 20:34:41,H:80% T:30C,Temp & Humidity,"{""temperature"": 30.0, ""humidity"": 80.0}",-41.0,0.0,0,Normal
2026-08-18 20:34:41,H:80% T:30C,Temp & Humidity,"{""temperature"": 30.0, ""humidity"": 80.0}",-41.0,0.25,0,Normal
2026-08-18 20:34:41,H:80% T:30C,Temp & Humidity,"{""temperature"": 30.0, ""humidity"": 80.0}",-45.0,0.0,0,Normal
2026-08-18 20:34:41,H:80% T:30C,Temp & Humidity,"{""temperature"": 30.0, ""humidity"": 80.0}",-38.0,0.25,0,Normal
2026-08-18 20:34:41,H:80% T:30C,Temp & Humidity,"{""temperature"": 30.0, ""humidity"": 80.0}",-40.0,0.75,0,Normal
2026-08-18 20:34:41,H:80% T:30C,Temp & Humidity,"{""temperature"": 30.0, ""humidity"": 80.0}",-43.0,1.0,0,Normal
2026-08-18 20:34:41,H:80% T:30C,Temp & Humidity,"{""temperature"": 30.0, ""humidity"": 80.0}",-40.0,0.75,0,Normal
2026-08-18 20:34:41,H:80% T:30C,Temp & Humidity,"{""temperature"": 30.0, ""humidity"": 80.0}",-41.0,1.25,0,Normal
2026-08-18 20:34:42,H:80% T:30C,Temp & Humidity,"{""temperature"": 30.0, ""humidity"": 80.0}",-39.0,0.5,0,Normal
2026-08-18 20:34:43,H:80% T:30C,Temp & Humidity,"{""temperature"": 30.0, ""humidity"": 80.0}",-45.0,0.5,0,Normal
2026-08-18 20:34:44,H:80% T:30C,Temp & Humidity,"{""temperature"": 30.0, ""humidity"": 80.0}",-40.0,0.75,0,Normal
2026-08-18 20:34:45,H:80% T:30C,Temp & Humidity,"{""temperature"": 30.0, ""humidity"": 80.0}",-39.0,0.25,0,Normal
2026-08-18 20:34:46,H:80% T:30C,Temp & Humidity,"{""temperature"": 30.0, ""humidity"": 80.0}",-47.0,0.5,0,Normal
2026-08-18 20:34:47,H:80% T:30C,Temp & Humidity,"{""temperature"": 30.0, ""humidity"": 80.0}",-37.75,-0.75,0,Normal
2026-08-18 20:34:48,H:80% T:30C,Temp & Humidity,"{""temperature"": 30.0, ""humidity"": 80.0}",-40.0,0.25,0,Normal
2026-08-18 20:34:50,H:80% T:30C,Temp & Humidity,"{""temperature"": 30.0, ""humidity"": 80.0}",-40.0,0.25,0,Normal
2026-08-18 20:34:51,H:80% T:30C,Temp & Humidity,"{""temperature"": 30.0, ""humidity"": 80.0}",-41.0,0.25,0,Normal
2026-08-18 20:34:52,H:80% T:30C,Temp & Humidity,"{""temperature"": 30.0, ""humidity"": 80.0}",-40.75,-0.75,0,Normal
2026-08-18 20:34:53,H:80% T:30C,Temp & Humidity,"{""temperature"": 30.0, ""humidity"": 80.0}",-39.0,0.5,0,Normal
2026-08-18 20:34:54,H:80% T:30C,Temp & Humidity,"{""temperature"": 30.0, ""humidity"": 80.0}",-42.0,0.5,0,Normal
2026-08-18 20:34:55,H:80% T:30C,Temp & Humidity,"{""temperature"": 30.0, ""humidity"": 80.0}",-42.0,0.25,0,Normal
2026-08-18 20:34:56,H:80% T:30C,Temp & Humidity,"{""temperature"": 30.0, ""humidity"": 80.0}",-38.0,0.0,0,Normal
2026-08-18 20:34:57,H:80% T:30C,Temp & Humidity,"{""temperature"": 30.0, ""humidity"": 80.0}",-44.0,0.5,0,Normal
2026-08-18 20:34:58,H:80% T:30C,Temp & Humidity,"{""temperature"": 30.0, ""humidity"": 80.0}",-41.0,1.0,0,Normal
2026-08-18 20:34:59,H:80% T:30C,Temp & Humidity,"{""temperature"": 30.0, ""humidity"": 80.0}",-42.0,0.25,0,Normal
2026-08-18 20:35:00,H:80% T:30C,Temp & Humidity,"{""temperature"": 30.0, ""humidity"": 80.0}",-43.0,0.75,0,Normal
2026-08-18 20:35:01,H:80% T:30C,Temp & Humidity,"{""temperature"": 30.0, ""humidity"": 80.0}",-40.0,0.75,0,Normal
2026-08-18 20:35:02,H:80% T:30C,Temp & Humidity,"{""temperature"": 30.0, ""humidity"": 80.0}",-49.0,0.5,1,Isolation Forest ML Outlier
2026-08-18 20:35:04,H:80% T:30C,Temp & Humidity,"{""temperature"": 30.0, ""humidity"": 80.0}",-40.0,1.75,0,Normal
2026-08-18 20:35:05,H:80% T:30C,Temp & Humidity,"{""temperature"": 30.0, ""humidity"": 80.0}",-42.0,0.75,0,Normal
2026-08-18 20:35:06,H:80% T:30C,Temp & Humidity,"{""temperature"": 30.0, ""humidity"": 80.0}",-40.0,0.25,0,Normal
2026-08-18 20:35:07,H:80% T:30C,Temp & Humidity,"{""temperature"": 30.0, ""humidity"": 80.0}",-46.0,0.25,0,Normal
2026-08-18 20:35:08,H:80% T:30C,Temp & Humidity,"{""temperature"": 30.0, ""humidity"": 80.0}",-38.75,-0.75,0,Normal
2026-08-18 20:35:09,H:80% T:30C,Temp & Humidity,"{""temperature"": 30.0, ""humidity"": 80.0}",-38.5,-0.5,0,Normal
2026-08-18 20:35:10,H:80% T:30C,Temp & Humidity,"{""temperature"": 30.0, ""humidity"": 80.0}",-38.25,-1.25,0,Normal
2026-08-18 20:35:11,H:80% T:30C,Temp & Humidity,"{""temperature"": 30.0, ""humidity"": 80.0}",-47.0,0.0,0,Normal
2026-08-18 20:35:12,H:80% T:30C,Temp & Humidity,"{""temperature"": 30.0, ""humidity"": 80.0}",-47.0,0.25,0,Normal
2026-08-18 20:35:13,H:80% T:30C,Temp & Humidity,"{""temperature"": 30.0, ""humidity"": 80.0}",-46.0,0.0,0,Normal
2026-08-18 20:35:14,H:80% T:30C,Temp & Humidity,"{""temperature"": 30.0, ""humidity"": 80.0}",-40.25,-0.25,0,Normal
2026-08-18 20:35:15,H:80% T:30C,Temp & Humidity,"{""temperature"": 30.0, ""humidity"": 80.0}",-43.0,9.25,0,Normal
2026-08-18 20:35:16,H:80% T:30C,Temp & Humidity,"{""temperature"": 30.0, ""humidity"": 80.0}",-41.0,2.5,0,Normal
2026-08-18 20:35:18,H:80% T:30C,Temp & Humidity,"{""temperature"": 30.0, ""humidity"": 80.0}",-42.0,1.75,0,Normal
2026-08-18 20:35:19,H:80% T:30C,Temp & Humidity,"{""temperature"": 30.0, ""humidity"": 80.0}",-42.0,3.75,0,Normal
2026-08-18 20:35:20,H:80% T:30C,Temp & Humidity,"{""temperature"": 30.0, ""humidity"": 80.0}",-41.0,2.5,0,Normal
2026-08-18 20:35:21,H:80% T:30C,Temp & Humidity,"{""temperature"": 30.0, ""humidity"": 80.0}",-47.0,1.5,0,Normal
2026-08-18 20:35:22,H:80% T:30C,Temp & Humidity,"{""temperature"": 30.0, ""humidity"": 80.0}",-52.0,4.0,1,Isolation Forest ML Outlier
2026-08-18 20:35:23,H:80% T:30C,Temp & Humidity,"{""temperature"": 30.0, ""humidity"": 80.0}",-48.0,2.75,0,Normal
2026-08-18 20:35:24,H:80% T:30C,Temp & Humidity,"{""temperature"": 30.0, ""humidity"": 80.0}",-42.0,3.25,0,Normal
2026-08-18 20:35:25,H:80% T:30C,Temp & Humidity,"{""temperature"": 30.0, ""humidity"": 80.0}",-42.0,2.25,0,Normal
2026-08-18 20:35:26,H:80% T:30C,Temp & Humidity,"{""temperature"": 30.0, ""humidity"": 80.0}",-45.0,1.25,0,Normal
2026-08-18 20:35:27,H:80% T:30C,Temp & Humidity,"{""temperature"": 30.0, ""humidity"": 80.0}",-42.0,1.0,0,Normal
2026-08-18 20:35:28,H:80% T:30C,Temp & Humidity,"{""temperature"": 30.0, ""humidity"": 80.0}",-40.0,0.5,0,Normal
2026-08-18 20:36:11,H:79% T:30C,Temp & Humidity,"{""temperature"": 30.0, ""humidity"": 79.0}",-40.0,0.25,0,Normal
2026-08-18 20:36:11,H:79% T:30C,Temp & Humidity,"{""temperature"": 30.0, ""humidity"": 79.0}",-47.0,0.75,0,Normal
2026-08-18 20:36:11,H:79% T:30C,Temp & Humidity,"{""temperature"": 30.0, ""humidity"": 79.0}",-48.0,0.5,0,Normal
2026-08-18 20:36:11,H:79% T:30C,Temp & Humidity,"{""temperature"": 30.0, ""humidity"": 79.0}",-39.0,0.5,0,Normal
2026-08-18 20:36:11,H:79% T:30C,Temp & Humidity,"{""temperature"": 30.0, ""humidity"": 79.0}",-47.0,0.5,0,Normal
2026-08-18 20:36:11,H:79% T:30C,Temp & Humidity,"{""temperature"": 30.0, ""humidity"": 79.0}",-41.0,0.25,0,Normal
2026-08-18 20:36:11,H:79% T:30C,Temp & Humidity,"{""temperature"": 30.0, ""humidity"": 79.0}",-42.0,1.5,0,Normal
2026-08-18 20:36:11,H:79% T:30C,Temp & Humidity,"{""temperature"": 30.0, ""humidity"": 79.0}",-41.0,3.0,0,Normal
2026-08-18 20:36:11,H:79% T:30C,Temp & Humidity,"{""temperature"": 30.0, ""humidity"": 79.0}",-41.0,5.0,0,Normal
2026-08-18 20:36:19,H:79% T:30C,Temp & Humidity,"{""temperature"": 30.0, ""humidity"": 79.0}",-39.25,-0.25,0,Normal
2026-08-18 20:36:20,H:79% T:30C,Temp & Humidity,"{""temperature"": 30.0, ""humidity"": 79.0}",-39.5,-0.5,0,Normal
2026-08-18 20:36:21,H:79% T:30C,Temp & Humidity,"{""temperature"": 30.0, ""humidity"": 79.0}",-47.5,-0.5,0,Normal
2026-08-18 20:36:22,H:79% T:30C,Temp & Humidity,"{""temperature"": 30.0, ""humidity"": 79.0}",-39.5,-0.5,0,Normal
2026-08-18 20:36:23,H:79% T:30C,Temp & Humidity,"{""temperature"": 30.0, ""humidity"": 79.0}",-39.75,-0.75,0,Normal
2026-08-18 20:36:24,H:79% T:30C,Temp & Humidity,"{""temperature"": 30.0, ""humidity"": 79.0}",-38.5,-0.5,0,Normal
2026-08-18 20:36:25,H:79% T:30C,Temp & Humidity,"{""temperature"": 30.0, ""humidity"": 79.0}",-42.75,-0.75,0,Normal
2026-08-18 20:36:26,H:79% T:30C,Temp & Humidity,"{""temperature"": 30.0, ""humidity"": 79.0}",-38.5,-0.5,0,Normal
2026-08-18 20:36:27,H:79% T:30C,Temp & Humidity,"{""temperature"": 30.0, ""humidity"": 79.0}",-45.25,-0.25,0,Normal
2026-08-18 20:36:29,H:79% T:30C,Temp & Humidity,"{""temperature"": 30.0, ""humidity"": 79.0}",-40.0,0.75,0,Normal
2026-08-18 20:36:30,H:79% T:30C,Temp & Humidity,"{""temperature"": 30.0, ""humidity"": 79.0}",-40.0,8.0,0,Normal
2026-08-18 20:36:31,H:79% T:30C,Temp & Humidity,"{""temperature"": 30.0, ""humidity"": 79.0}",-41.0,1.25,0,Normal
2026-08-18 20:36:32,H:79% T:30C,Temp & Humidity,"{""temperature"": 30.0, ""humidity"": 79.0}",-41.0,0.0,0,Normal
2026-08-18 20:36:33,H:79% T:30C,Temp & Humidity,"{""temperature"": 30.0, ""humidity"": 79.0}",-49.0,1.0,0,Normal
2026-08-18 20:36:34,H:79% T:30C,Temp & Humidity,"{""temperature"": 30.0, ""humidity"": 79.0}",-43.0,9.5,0,Normal
2026-08-18 20:36:35,H:79% T:30C,Temp & Humidity,"{""temperature"": 30.0, ""humidity"": 79.0}",-44.0,0.25,0,Normal
2026-08-18 20:36:36,H:79% T:30C,Temp & Humidity,"{""temperature"": 30.0, ""humidity"": 79.0}",-42.0,8.25,0,Normal
2026-08-18 20:36:37,H:79% T:30C,Temp & Humidity,"{""temperature"": 30.0, ""humidity"": 79.0}",-39.25,-0.25,0,Normal
2026-08-18 20:36:38,H:79% T:30C,Temp & Humidity,"{""temperature"": 30.0, ""humidity"": 79.0}",-42.0,0.25,0,Normal
2026-08-18 20:36:39,H:79% T:30C,Temp & Humidity,"{""temperature"": 30.0, ""humidity"": 79.0}",-41.0,0.25,0,Normal
2026-08-18 20:36:40,H:79% T:30C,Temp & Humidity,"{""temperature"": 30.0, ""humidity"": 79.0}",-45.0,0.25,0,Normal
2026-08-18 20:36:41,H:79% T:30C,Temp & Humidity,"{""temperature"": 30.0, ""humidity"": 79.0}",-41.0,0.0,0,Normal
2026-08-18 20:36:43,H:79% T:30C,Temp & Humidity,"{""temperature"": 30.0, ""humidity"": 79.0}",-41.0,0.25,0,Normal
2026-08-18 20:36:44,H:79% T:30C,Temp & Humidity,"{""temperature"": 30.0, ""humidity"": 79.0}",-42.0,0.25,0,Normal
2026-08-18 20:36:45,H:79% T:30C,Temp & Humidity,"{""temperature"": 30.0, ""humidity"": 79.0}",-42.0,0.25,0,Normal
2026-08-18 20:36:46,H:79% T:30C,Temp & Humidity,"{""temperature"": 30.0, ""humidity"": 79.0}",-42.0,2.75,0,Normal
2026-08-18 20:36:47,H:79% T:30C,Temp & Humidity,"{""temperature"": 30.0, ""humidity"": 79.0}",-44.5,-0.5,0,Normal
2026-08-18 20:36:48,H:79% T:30C,Temp & Humidity,"{""temperature"": 30.0, ""humidity"": 79.0}",-47.5,-0.5,0,Normal
2026-08-18 20:36:49,H:79% T:30C,Temp & Humidity,"{""temperature"": 30.0, ""humidity"": 79.0}",-48.0,1.25,0,Normal
2026-08-18 20:36:50,H:79% T:30C,Temp & Humidity,"{""temperature"": 30.0, ""humidity"": 79.0}",-43.0,9.25,0,Normal
2026-08-18 20:36:51,H:79% T:30C,Temp & Humidity,"{""temperature"": 30.0, ""humidity"": 79.0}",-44.75,-0.75,0,Normal
2026-08-18 20:36:52,H:79% T:30C,Temp & Humidity,"{""temperature"": 30.0, ""humidity"": 79.0}",-43.0,-1.0,0,Normal
2026-08-18 20:36:53,H:79% T:30C,Temp & Humidity,"{""temperature"": 30.0, ""humidity"": 79.0}",-45.25,-0.25,0,Normal
2026-08-18 20:36:54,H:79% T:30C,Temp & Humidity,"{""temperature"": 30.0, ""humidity"": 79.0}",-46.0,0.25,0,Normal
2026-08-18 20:36:55,H:79% T:30C,Temp & Humidity,"{""temperature"": 30.0, ""humidity"": 79.0}",-41.0,0.75,0,Normal
2026-08-18 20:36:57,H:79% T:30C,Temp & Humidity,"{""temperature"": 30.0, ""humidity"": 79.0}",-42.0,1.0,0,Normal
2026-08-18 20:36:58,H:79% T:30C,Temp & Humidity,"{""temperature"": 30.0, ""humidity"": 79.0}",-41.0,0.5,0,Normal
2026-08-18 20:36:59,H:79% T:30C,Temp & Humidity,"{""temperature"": 30.0, ""humidity"": 79.0}",-41.0,0.75,0,Normal
2026-08-18 20:37:00,H:79% T:30C,Temp & Humidity,"{""temperature"": 30.0, ""humidity"": 79.0}",-46.0,0.25,0,Normal
2026-08-18 20:37:01,H:79% T:30C,Temp & Humidity,"{""temperature"": 30.0, ""humidity"": 79.0}",-41.0,0.75,0,Normal
2026-08-18 20:37:03,H:79% T:30C,Temp & Humidity,"{""temperature"": 30.0, ""humidity"": 79.0}",-43.0,0.0,0,Normal
2026-08-18 20:37:04,H:79% T:30C,Temp & Humidity,"{""temperature"": 30.0, ""humidity"": 79.0}",-50.0,0.5,1,Isolation Forest ML Outlier
2026-08-18 20:37:05,H:79% T:30C,Temp & Humidity,"{""temperature"": 30.0, ""humidity"": 79.0}",-48.0,1.75,0,Normal
2026-08-18 20:37:06,H:79% T:30C,Temp & Humidity,"{""temperature"": 30.0, ""humidity"": 79.0}",-44.75,-0.75,0,Normal
2026-08-18 20:37:07,H:79% T:30C,Temp & Humidity,"{""temperature"": 30.0, ""humidity"": 79.0}",-41.0,0.75,0,Normal
2026-08-18 20:37:08,H:79% T:30C,Temp & Humidity,"{""temperature"": 30.0, ""humidity"": 79.0}",-43.0,0.75,0,Normal
2026-08-18 20:37:09,H:79% T:30C,Temp & Humidity,"{""temperature"": 30.0, ""humidity"": 79.0}",-41.0,0.5,0,Normal
2026-08-18 20:37:11,H:79% T:30C,Temp & Humidity,"{""temperature"": 30.0, ""humidity"": 79.0}",-47.0,0.0,0,Normal
2026-08-18 20:37:12,H:79% T:30C,Temp & Humidity,"{""temperature"": 30.0, ""humidity"": 79.0}",-40.0,0.5,0,Normal
2026-08-18 20:37:13,H:79% T:30C,Temp & Humidity,"{""temperature"": 30.0, ""humidity"": 79.0}",-40.0,0.0,0,Normal
2026-08-18 20:37:14,H:79% T:30C,Temp & Humidity,"{""temperature"": 30.0, ""humidity"": 79.0}",-37.0,0.0,0,Normal
2026-08-18 20:37:15,H:79% T:30C,Temp & Humidity,"{""temperature"": 30.0, ""humidity"": 79.0}",-42.0,0.0,0,Normal
2026-08-18 20:37:16,H:79% T:30C,Temp & Humidity,"{""temperature"": 30.0, ""humidity"": 79.0}",-38.0,-1.0,0,Normal
2026-08-18 20:37:17,H:79% T:30C,Temp & Humidity,"{""temperature"": 30.0, ""humidity"": 79.0}",-39.0,-1.0,0,Normal
2026-08-18 20:37:18,H:79% T:30C,Temp & Humidity,"{""temperature"": 30.0, ""humidity"": 79.0}",-46.5,-0.5,0,Normal
2026-08-18 20:37:19,H:79% T:30C,Temp & Humidity,"{""temperature"": 30.0, ""humidity"": 79.0}",-44.0,0.25,0,Normal
2026-08-18 20:37:20,H:79% T:30C,Temp & Humidity,"{""temperature"": 30.0, ""humidity"": 79.0}",-40.0,0.0,0,Normal
2026-08-18 20:37:21,H:79% T:30C,Temp & Humidity,"{""temperature"": 30.0, ""humidity"": 79.0}",-41.0,0.0,0,Normal
2026-08-18 20:37:22,H:79% T:30C,Temp & Humidity,"{""temperature"": 30.0, ""humidity"": 79.0}",-39.0,0.0,0,Normal
2026-08-18 20:37:23,H:79% T:30C,Temp & Humidity,"{""temperature"": 30.0, ""humidity"": 79.0}",-39.0,0.0,0,Normal
2026-08-18 20:37:25,H:79% T:30C,Temp & Humidity,"{""temperature"": 30.0, ""humidity"": 79.0}",-36.75,-0.75,0,Normal
2026-08-18 20:37:26,H:79% T:30C,Temp & Humidity,"{""temperature"": 30.0, ""humidity"": 79.0}",-46.5,-0.5,0,Normal
2026-08-18 20:37:27,H:79% T:30C,Temp & Humidity,"{""temperature"": 30.0, ""humidity"": 79.0}",-37.25,-0.25,0,Normal
2026-08-18 20:37:28,H:79% T:30C,Temp & Humidity,"{""temperature"": 30.0, ""humidity"": 79.0}",-39.75,-0.75,0,Normal
2026-08-18 20:37:29,H:79% T:30C,Temp & Humidity,"{""temperature"": 30.0, ""humidity"": 79.0}",-37.75,-0.75,0,Normal
2026-08-18 20:37:30,H:79% T:30C,Temp & Humidity,"{""temperature"": 30.0, ""humidity"": 79.0}",-40.0,0.75,0,Normal
2026-08-18 20:37:31,H:79% T:30C,Temp & Humidity,"{""temperature"": 30.0, ""humidity"": 79.0}",-44.0,0.25,0,Normal
2026-08-18 20:37:32,H:79% T:30C,Temp & Humidity,"{""temperature"": 30.0, ""humidity"": 79.0}",-40.0,0.0,0,Normal
2026-08-18 20:37:33,H:79% T:30C,Temp & Humidity,"{""temperature"": 30.0, ""humidity"": 79.0}",-39.0,0.25,0,Normal
2026-08-18 20:37:34,H:79% T:30C,Temp & Humidity,"{""temperature"": 30.0, ""humidity"": 79.0}",-45.25,-1.25,0,Normal
2026-08-18 20:37:35,H:79% T:30C,Temp & Humidity,"{""temperature"": 30.0, ""humidity"": 79.0}",-40.75,-0.75,0,Normal
2026-08-18 20:37:36,H:79% T:30C,Temp & Humidity,"{""temperature"": 30.0, ""humidity"": 79.0}",-41.25,-0.25,0,Normal
2026-08-18 20:37:37,H:79% T:30C,Temp & Humidity,"{""temperature"": 30.0, ""humidity"": 79.0}",-46.75,-0.75,0,Normal
2026-08-18 20:37:39,H:79% T:30C,Temp & Humidity,"{""temperature"": 30.0, ""humidity"": 79.0}",-47.0,0.0,0,Normal
2026-08-18 20:37:40,H:79% T:30C,Temp & Humidity,"{""temperature"": 30.0, ""humidity"": 79.0}",-37.75,-0.75,0,Normal
2026-08-18 20:37:41,H:79% T:30C,Temp & Humidity,"{""temperature"": 30.0, ""humidity"": 79.0}",-44.0,0.0,0,Normal
2026-08-18 20:37:42,H:79% T:30C,Temp & Humidity,"{""temperature"": 30.0, ""humidity"": 79.0}",-41.5,-0.5,0,Normal
2026-08-18 20:37:43,H:79% T:30C,Temp & Humidity,"{""temperature"": 30.0, ""humidity"": 79.0}",-40.25,-0.25,0,Normal
2026-08-18 20:37:44,H:79% T:30C,Temp & Humidity,"{""temperature"": 30.0, ""humidity"": 79.0}",-40.5,-0.5,0,Normal
2026-08-18 20:37:45,H:79% T:30C,Temp & Humidity,"{""temperature"": 30.0, ""humidity"": 79.0}",-41.5,-0.5,0,Normal
2026-08-18 20:37:46,H:79% T:30C,Temp & Humidity,"{""temperature"": 30.0, ""humidity"": 79.0}",-38.25,-0.25,0,Normal
2026-08-18 20:37:47,H:79% T:30C,Temp & Humidity,"{""temperature"": 30.0, ""humidity"": 79.0}",-39.25,-0.25,0,Normal
2026-08-18 20:37:48,H:79% T:30C,Temp & Humidity,"{""temperature"": 30.0, ""humidity"": 79.0}",-39.25,-0.25,0,Normal
2026-08-18 20:37:49,H:79% T:30C,Temp & Humidity,"{""temperature"": 30.0, ""humidity"": 79.0}",-44.5,-0.5,0,Normal
2026-08-18 20:37:50,H:79% T:30C,Temp & Humidity,"{""temperature"": 30.0, ""humidity"": 79.0}",-36.5,-0.5,0,Normal
2026-08-18 20:37:51,H:79% T:30C,Temp & Humidity,"{""temperature"": 30.0, ""humidity"": 79.0}",-48.0,0.0,0,Normal
2026-08-18 20:37:53,H:79% T:30C,Temp & Humidity,"{""temperature"": 30.0, ""humidity"": 79.0}",-37.5,-0.5,0,Normal
2026-08-18 20:37:54,H:79% T:30C,Temp & Humidity,"{""temperature"": 30.0, ""humidity"": 79.0}",-45.5,-0.5,0,Normal
2026-08-18 20:37:55,H:79% T:30C,Temp & Humidity,"{""temperature"": 30.0, ""humidity"": 79.0}",-45.0,0.0,0,Normal
2026-08-18 20:37:56,H:79% T:30C,Temp & Humidity,"{""temperature"": 30.0, ""humidity"": 79.0}",-38.75,-0.75,0,Normal
2026-08-18 20:37:57,H:79% T:30C,Temp & Humidity,"{""temperature"": 30.0, ""humidity"": 79.0}",-39.5,-0.5,0,Normal
2026-08-18 20:37:58,H:79% T:30C,Temp & Humidity,"{""temperature"": 30.0, ""humidity"": 79.0}",-39.75,-0.75,0,Normal
2026-08-18 20:37:59,H:79% T:30C,Temp & Humidity,"{""temperature"": 30.0, ""humidity"": 79.0}",-40.0,-1.0,0,Normal
2026-08-18 20:38:00,H:79% T:30C,Temp & Humidity,"{""temperature"": 30.0, ""humidity"": 79.0}",-37.25,-1.25,0,Normal
2026-08-18 20:38:01,H:79% T:30C,Temp & Humidity,"{""temperature"": 30.0, ""humidity"": 79.0}",-39.0,-1.0,0,Normal
2026-08-18 20:38:02,H:79% T:30C,Temp & Humidity,"{""temperature"": 30.0, ""humidity"": 79.0}",-40.0,0.25,0,Normal
2026-08-18 20:38:03,H:79% T:30C,Temp & Humidity,"{""temperature"": 30.0, ""humidity"": 79.0}",-45.75,-0.75,0,Normal
2026-08-18 20:38:04,H:79% T:30C,Temp & Humidity,"{""temperature"": 30.0, ""humidity"": 79.0}",-41.0,1.5,0,Normal
2026-08-18 20:38:05,H:79% T:30C,Temp & Humidity,"{""temperature"": 30.0, ""humidity"": 79.0}",-40.0,0.75,0,Normal
2026-08-18 20:38:06,H:79% T:30C,Temp & Humidity,"{""temperature"": 30.0, ""humidity"": 79.0}",-42.0,0.5,0,Normal
2026-08-18 20:38:08,H:79% T:30C,Temp & Humidity,"{""temperature"": 30.0, ""humidity"": 79.0}",-40.0,0.5,0,Normal
2026-08-18 20:38:09,H:79% T:30C,Temp & Humidity,"{""temperature"": 30.0, ""humidity"": 79.0}",-40.0,0.75,0,Normal
2026-08-18 20:38:10,H:79% T:30C,Temp & Humidity,"{""temperature"": 30.0, ""humidity"": 79.0}",-42.0,1.0,0,Normal
2026-08-18 20:38:11,H:79% T:30C,Temp & Humidity,"{""temperature"": 30.0, ""humidity"": 79.0}",-40.0,0.5,0,Normal
2026-08-18 20:38:12,H:79% T:30C,Temp & Humidity,"{""temperature"": 30.0, ""humidity"": 79.0}",-46.0,0.5,0,Normal
2026-08-18 20:38:13,H:79% T:30C,Temp & Humidity,"{""temperature"": 30.0, ""humidity"": 79.0}",-47.0,3.0,0,Normal
2026-08-18 20:38:14,H:79% T:30C,Temp & Humidity,"{""temperature"": 30.0, ""humidity"": 79.0}",-42.0,0.25,0,Normal
2026-08-18 20:38:15,H:79% T:30C,Temp & Humidity,"{""temperature"": 30.0, ""humidity"": 79.0}",-40.0,0.5,0,Normal
2026-08-18 20:38:16,H:79% T:30C,Temp & Humidity,"{""temperature"": 30.0, ""humidity"": 79.0}",-47.0,1.0,0,Normal
2026-08-18 20:38:17,H:79% T:30C,Temp & Humidity,"{""temperature"": 30.0, ""humidity"": 79.0}",-41.0,2.0,0,Normal
2026-08-18 20:38:18,H:79% T:30C,Temp & Humidity,"{""temperature"": 30.0, ""humidity"": 79.0}",-44.0,1.0,0,Normal
2026-08-18 20:38:19,H:79% T:30C,Temp & Humidity,"{""temperature"": 30.0, ""humidity"": 79.0}",-43.0,9.25,0,Normal
2026-08-18 20:38:20,H:79% T:30C,Temp & Humidity,"{""temperature"": 30.0, ""humidity"": 79.0}",-45.0,9.25,0,Normal
2026-08-18 20:38:22,H:79% T:30C,Temp & Humidity,"{""temperature"": 30.0, ""humidity"": 79.0}",-47.0,9.25,0,Normal
2026-08-18 20:38:23,H:79% T:30C,Temp & Humidity,"{""temperature"": 30.0, ""humidity"": 79.0}",-43.0,0.75,0,Normal
2026-08-18 20:38:24,H:79% T:30C,Temp & Humidity,"{""temperature"": 30.0, ""humidity"": 79.0}",-45.0,0.25,0,Normal
2026-08-18 20:38:25,H:79% T:30C,Temp & Humidity,"{""temperature"": 30.0, ""humidity"": 79.0}",-39.0,-1.0,0,Normal
2026-08-18 20:38:26,H:79% T:30C,Temp & Humidity,"{""temperature"": 30.0, ""humidity"": 79.0}",-44.5,-0.5,0,Normal
2026-08-18 20:38:27,H:79% T:30C,Temp & Humidity,"{""temperature"": 30.0, ""humidity"": 79.0}",-47.75,-0.75,0,Normal
2026-08-18 20:38:28,H:79% T:30C,Temp & Humidity,"{""temperature"": 30.0, ""humidity"": 79.0}",-45.5,-0.5,0,Normal
2026-08-18 20:38:29,H:79% T:30C,Temp & Humidity,"{""temperature"": 30.0, ""humidity"": 79.0}",-43.75,-0.75,0,Normal
2026-08-18 20:38:30,H:79% T:30C,Temp & Humidity,"{""temperature"": 30.0, ""humidity"": 79.0}",-41.0,-1.0,0,Normal
2026-08-18 20:38:31,H:79% T:30C,Temp & Humidity,"{""temperature"": 30.0, ""humidity"": 79.0}",-41.0,2.25,0,Normal
2026-08-18 20:38:32,H:79% T:30C,Temp & Humidity,"{""temperature"": 30.0, ""humidity"": 79.0}",-40.0,0.5,0,Normal
2026-08-18 20:38:33,H:79% T:30C,Temp & Humidity,"{""temperature"": 30.0, ""humidity"": 79.0}",-39.0,0.5,0,Normal
2026-08-18 20:38:34,H:79% T:30C,Temp & Humidity,"{""temperature"": 30.0, ""humidity"": 79.0}",-47.0,0.25,0,Normal
2026-08-18 20:38:36,H:79% T:30C,Temp & Humidity,"{""temperature"": 30.0, ""humidity"": 79.0}",-39.0,0.25,0,Normal
2026-08-18 20:38:37,H:79% T:30C,Temp & Humidity,"{""temperature"": 30.0, ""humidity"": 79.0}",-43.0,0.5,0,Normal
2026-08-18 20:38:38,H:79% T:30C,Temp & Humidity,"{""temperature"": 30.0, ""humidity"": 79.0}",-41.0,1.75,0,Normal
2026-08-18 20:38:39,H:79% T:30C,Temp & Humidity,"{""temperature"": 30.0, ""humidity"": 79.0}",-44.0,1.0,0,Normal
2026-08-18 20:38:40,H:79% T:30C,Temp & Humidity,"{""temperature"": 30.0, ""humidity"": 79.0}",-49.0,1.0,0,Normal
2026-08-18 20:38:41,H:79% T:30C,Temp & Humidity,"{""temperature"": 30.0, ""humidity"": 79.0}",-43.0,0.5,0,Normal
2026-08-18 20:38:42,H:79% T:30C,Temp & Humidity,"{""temperature"": 30.0, ""humidity"": 79.0}",-41.0,0.75,0,Normal
2026-08-18 20:38:43,H:79% T:30C,Temp & Humidity,"{""temperature"": 30.0, ""humidity"": 79.0}",-41.0,2.0,0,Normal
2026-08-18 20:38:44,H:79% T:30C,Temp & Humidity,"{""temperature"": 30.0, ""humidity"": 79.0}",-42.0,0.5,0,Normal
2026-08-18 20:38:45,H:79% T:30C,Temp & Humidity,"{""temperature"": 30.0, ""humidity"": 79.0}",-43.0,3.25,0,Normal
2026-08-18 20:38:46,H:79% T:30C,Temp & Humidity,"{""temperature"": 30.0, ""humidity"": 79.0}",-41.0,1.25,0,Normal
2026-08-18 20:38:47,H:79% T:30C,Temp & Humidity,"{""temperature"": 30.0, ""humidity"": 79.0}",-42.0,3.25,0,Normal
2026-08-18 20:38:48,H:79% T:30C,Temp & Humidity,"{""temperature"": 30.0, ""humidity"": 79.0}",-43.0,2.25,0,Normal
2026-08-18 20:38:50,H:79% T:30C,Temp & Humidity,"{""temperature"": 30.0, ""humidity"": 79.0}",-41.0,1.5,0,Normal
2026-08-18 20:38:51,H:79% T:30C,Temp & Humidity,"{""temperature"": 30.0, ""humidity"": 79.0}",-44.0,2.75,0,Normal
2026-08-18 20:38:52,H:79% T:30C,Temp & Humidity,"{""temperature"": 30.0, ""humidity"": 79.0}",-40.0,1.0,0,Normal
2026-08-18 20:38:53,H:79% T:30C,Temp & Humidity,"{""temperature"": 30.0, ""humidity"": 79.0}",-39.0,0.5,0,Normal
2026-08-18 20:38:54,H:79% T:30C,Temp & Humidity,"{""temperature"": 30.0, ""humidity"": 79.0}",-42.0,3.25,0,Normal
2026-08-18 20:38:55,H:79% T:30C,Temp & Humidity,"{""temperature"": 30.0, ""humidity"": 79.0}",-48.0,2.25,0,Normal
2026-08-18 20:38:56,H:79% T:30C,Temp & Humidity,"{""temperature"": 30.0, ""humidity"": 79.0}",-48.0,1.75,0,Normal
2026-08-18 20:38:57,H:79% T:30C,Temp & Humidity,"{""temperature"": 30.0, ""humidity"": 79.0}",-48.0,1.75,0,Normal
2026-08-18 20:38:58,H:79% T:30C,Temp & Humidity,"{""temperature"": 30.0, ""humidity"": 79.0}",-43.0,2.25,0,Normal
2026-08-18 20:38:59,H:79% T:30C,Temp & Humidity,"{""temperature"": 30.0, ""humidity"": 79.0}",-40.0,1.25,0,Normal
2026-08-18 20:39:00,H:79% T:30C,Temp & Humidity,"{""temperature"": 30.0, ""humidity"": 79.0}",-41.0,2.0,0,Normal
2026-08-18 20:39:01,H:79% T:30C,Temp & Humidity,"{""temperature"": 30.0, ""humidity"": 79.0}",-42.0,2.5,0,Normal
2026-08-18 20:39:02,H:79% T:30C,Temp & Humidity,"{""temperature"": 30.0, ""humidity"": 79.0}",-42.0,0.75,0,Normal
2026-08-18 20:39:04,H:79% T:30C,Temp & Humidity,"{""temperature"": 30.0, ""humidity"": 79.0}",-42.0,1.5,0,Normal
2026-08-18 20:39:05,H:79% T:30C,Temp & Humidity,"{""temperature"": 30.0, ""humidity"": 79.0}",-48.0,2.5,0,Normal
2026-08-18 20:39:06,H:79% T:30C,Temp & Humidity,"{""temperature"": 30.0, ""humidity"": 79.0}",-40.0,0.0,0,Normal
2026-08-18 20:39:07,H:79% T:30C,Temp & Humidity,"{""temperature"": 30.0, ""humidity"": 79.0}",-39.0,0.25,0,Normal
2026-08-18 20:39:08,H:79% T:30C,Temp & Humidity,"{""temperature"": 30.0, ""humidity"": 79.0}",-46.0,0.0,0,Normal
2026-08-18 20:39:09,H:79% T:30C,Temp & Humidity,"{""temperature"": 30.0, ""humidity"": 79.0}",-46.25,-0.25,0,Normal
2026-08-18 20:39:10,H:79% T:30C,Temp & Humidity,"{""temperature"": 30.0, ""humidity"": 79.0}",-40.0,0.25,0,Normal
2026-08-18 20:39:11,H:79% T:30C,Temp & Humidity,"{""temperature"": 30.0, ""humidity"": 79.0}",-46.0,-1.0,0,Normal
2026-08-18 20:39:12,H:79% T:30C,Temp & Humidity,"{""temperature"": 30.0, ""humidity"": 79.0}",-44.0,0.5,0,Normal
2026-08-18 20:39:13,H:79% T:30C,Temp & Humidity,"{""temperature"": 30.0, ""humidity"": 79.0}",-42.0,0.25,0,Normal
2026-08-18 20:39:14,H:79% T:30C,Temp & Humidity,"{""temperature"": 30.0, ""humidity"": 79.0}",-39.0,0.25,0,Normal
2026-08-18 20:39:15,H:79% T:30C,Temp & Humidity,"{""temperature"": 30.0, ""humidity"": 79.0}",-43.0,0.75,0,Normal
2026-08-18 20:39:16,H:79% T:30C,Temp & Humidity,"{""temperature"": 30.0, ""humidity"": 79.0}",-49.0,1.0,0,Normal
2026-08-18 20:39:18,H:79% T:30C,Temp & Humidity,"{""temperature"": 30.0, ""humidity"": 79.0}",-41.0,0.75,0,Normal
2026-08-18 20:39:19,H:79% T:30C,Temp & Humidity,"{""temperature"": 30.0, ""humidity"": 79.0}",-40.0,0.75,0,Normal
2026-08-18 20:39:20,H:79% T:30C,Temp & Humidity,"{""temperature"": 30.0, ""humidity"": 79.0}",-47.0,0.5,0,Normal
2026-08-18 20:39:21,H:79% T:30C,Temp & Humidity,"{""temperature"": 30.0, ""humidity"": 79.0}",-48.0,0.25,0,Normal
2026-08-18 20:39:22,H:79% T:30C,Temp & Humidity,"{""temperature"": 30.0, ""humidity"": 79.0}",-44.0,0.25,0,Normal
2026-08-18 20:39:23,H:79% T:30C,Temp & Humidity,"{""temperature"": 30.0, ""humidity"": 79.0}",-47.0,0.25,0,Normal
2026-08-18 20:39:24,H:79% T:30C,Temp & Humidity,"{""temperature"": 30.0, ""humidity"": 79.0}",-40.0,0.25,0,Normal
2026-08-18 20:39:25,H:79% T:30C,Temp & Humidity,"{""temperature"": 30.0, ""humidity"": 79.0}",-42.0,1.0,0,Normal
2026-08-18 20:39:26,H:79% T:30C,Temp & Humidity,"{""temperature"": 30.0, ""humidity"": 79.0}",-41.0,1.75,0,Normal
2026-08-18 20:39:27,H:79% T:30C,Temp & Humidity,"{""temperature"": 30.0, ""humidity"": 79.0}",-42.0,1.5,0,Normal
2026-08-18 20:39:28,H:79% T:30C,Temp & Humidity,"{""temperature"": 30.0, ""humidity"": 79.0}",-41.0,0.75,0,Normal
2026-08-18 20:39:29,H:79% T:30C,Temp & Humidity,"{""temperature"": 30.0, ""humidity"": 79.0}",-40.0,1.0,0,Normal
2026-08-18 20:39:30,H:79% T:30C,Temp & Humidity,"{""temperature"": 30.0, ""humidity"": 79.0}",-40.0,0.5,0,Normal
2026-08-18 20:39:32,H:79% T:30C,Temp & Humidity,"{""temperature"": 30.0, ""humidity"": 79.0}",-42.0,0.75,0,Normal
2026-08-18 20:39:33,H:79% T:30C,Temp & Humidity,"{""temperature"": 30.0, ""humidity"": 79.0}",-42.0,2.25,0,Normal
2026-08-18 20:39:34,H:79% T:30C,Temp & Humidity,"{""temperature"": 30.0, ""humidity"": 79.0}",-41.0,1.75,0,Normal
2026-08-18 20:39:35,H:79% T:30C,Temp & Humidity,"{""temperature"": 30.0, ""humidity"": 79.0}",-42.0,1.75,0,Normal
2026-08-18 20:39:36,H:79% T:30C,Temp & Humidity,"{""temperature"": 30.0, ""humidity"": 79.0}",-41.0,1.5,0,Normal
2026-08-18 20:39:37,H:79% T:30C,Temp & Humidity,"{""temperature"": 30.0, ""humidity"": 79.0}",-42.0,2.0,0,Normal
2026-08-18 20:39:38,H:79% T:30C,Temp & Humidity,"{""temperature"": 30.0, ""humidity"": 79.0}",-41.0,2.0,0,Normal
2026-08-18 20:39:39,H:79% T:30C,Temp & Humidity,"{""temperature"": 30.0, ""humidity"": 79.0}",-42.0,1.0,0,Normal
2026-08-18 20:39:40,H:79% T:30C,Temp & Humidity,"{""temperature"": 30.0, ""humidity"": 79.0}",-40.0,0.25,0,Normal
2026-08-18 20:39:41,H:79% T:30C,Temp & Humidity,"{""temperature"": 30.0, ""humidity"": 79.0}",-42.0,3.25,0,Normal
2026-08-18 20:39:42,H:79% T:30C,Temp & Humidity,"{""temperature"": 30.0, ""humidity"": 79.0}",-40.0,1.0,0,Normal
2026-08-18 20:39:43,H:79% T:30C,Temp & Humidity,"{""temperature"": 30.0, ""humidity"": 79.0}",-41.0,0.25,0,Normal
2026-08-18 20:39:44,H:79% T:30C,Temp & Humidity,"{""temperature"": 30.0, ""humidity"": 79.0}",-42.0,0.75,0,Normal
2026-08-18 20:39:46,H:79% T:30C,Temp & Humidity,"{""temperature"": 30.0, ""humidity"": 79.0}",-41.0,0.75,0,Normal
2026-08-18 20:39:47,H:79% T:30C,Temp & Humidity,"{""temperature"": 30.0, ""humidity"": 79.0}",-43.0,0.5,0,Normal
2026-08-18 20:39:48,H:79% T:30C,Temp & Humidity,"{""temperature"": 30.0, ""humidity"": 79.0}",-41.0,1.5,0,Normal
2026-08-18 20:39:49,H:79% T:30C,Temp & Humidity,"{""temperature"": 30.0, ""humidity"": 79.0}",-48.0,0.5,0,Normal
2026-08-18 20:39:50,H:79% T:30C,Temp & Humidity,"{""temperature"": 30.0, ""humidity"": 79.0}",-37.0,0.25,0,Normal
2026-08-18 20:39:51,H:79% T:30C,Temp & Humidity,"{""temperature"": 30.0, ""humidity"": 79.0}",-41.0,5.75,0,Normal
2026-08-18 20:39:52,H:79% T:30C,Temp & Humidity,"{""temperature"": 30.0, ""humidity"": 79.0}",-45.0,1.5,0,Normal
2026-08-18 20:39:53,H:79% T:30C,Temp & Humidity,"{""temperature"": 30.0, ""humidity"": 79.0}",-38.25,-0.25,0,Normal
2026-08-18 20:39:54,H:79% T:30C,Temp & Humidity,"{""temperature"": 30.0, ""humidity"": 79.0}",-39.0,0.0,0,Normal
2026-08-18 20:39:55,H:79% T:30C,Temp & Humidity,"{""temperature"": 30.0, ""humidity"": 79.0}",-42.0,9.25,0,Normal
2026-08-18 20:39:56,H:79% T:30C,Temp & Humidity,"{""temperature"": 30.0, ""humidity"": 79.0}",-42.0,6.0,0,Normal
2026-08-18 20:39:57,H:79% T:30C,Temp & Humidity,"{""temperature"": 30.0, ""humidity"": 79.0}",-42.0,6.5,0,Normal
2026-08-18 20:39:58,H:79% T:30C,Temp & Humidity,"{""temperature"": 30.0, ""humidity"": 79.0}",-42.0,4.5,0,Normal
2026-08-18 20:40:00,H:79% T:30C,Temp & Humidity,"{""temperature"": 30.0, ""humidity"": 79.0}",-43.0,5.5,0,Normal
2026-08-18 20:40:01,H:79% T:30C,Temp & Humidity,"{""temperature"": 30.0, ""humidity"": 79.0}",-41.0,4.0,0,Normal
2026-08-18 20:40:02,H:79% T:30C,Temp & Humidity,"{""temperature"": 30.0, ""humidity"": 79.0}",-43.0,3.75,0,Normal
2026-08-18 20:40:03,H:79% T:30C,Temp & Humidity,"{""temperature"": 30.0, ""humidity"": 79.0}",-42.0,3.5,0,Normal
2026-08-18 20:40:04,H:79% T:30C,Temp & Humidity,"{""temperature"": 30.0, ""humidity"": 79.0}",-42.0,3.75,0,Normal
2026-08-18 20:40:05,H:79% T:30C,Temp & Humidity,"{""temperature"": 30.0, ""humidity"": 79.0}",-42.0,6.25,0,Normal
2026-08-18 20:40:06,H:79% T:30C,Temp & Humidity,"{""temperature"": 30.0, ""humidity"": 79.0}",-41.0,3.5,0,Normal
2026-08-18 20:40:07,H:79% T:30C,Temp & Humidity,"{""temperature"": 30.0, ""humidity"": 79.0}",-43.0,3.75,0,Normal
2026-08-18 20:40:08,H:79% T:30C,Temp & Humidity,"{""temperature"": 30.0, ""humidity"": 79.0}",-42.0,3.5,0,Normal
2026-08-18 20:40:09,H:79% T:30C,Temp & Humidity,"{""temperature"": 30.0, ""humidity"": 79.0}",-42.0,4.75,0,Normal
2026-08-18 20:40:10,H:79% T:30C,Temp & Humidity,"{""temperature"": 30.0, ""humidity"": 79.0}",-43.0,3.0,0,Normal
2026-08-18 20:40:11,H:79% T:30C,Temp & Humidity,"{""temperature"": 30.0, ""humidity"": 79.0}",-44.0,0.0,0,Normal
2026-08-18 20:40:12,H:79% T:30C,Temp & Humidity,"{""temperature"": 30.0, ""humidity"": 79.0}",-38.25,-0.25,0,Normal
2026-08-18 20:40:14,H:79% T:30C,Temp & Humidity,"{""temperature"": 30.0, ""humidity"": 79.0}",-40.25,-0.25,0,Normal
2026-08-18 20:40:15,H:79% T:30C,Temp & Humidity,"{""temperature"": 30.0, ""humidity"": 79.0}",-37.25,-0.25,0,Normal
2026-08-18 20:40:16,H:79% T:30C,Temp & Humidity,"{""temperature"": 30.0, ""humidity"": 79.0}",-39.0,0.25,0,Normal
2026-08-18 20:40:17,H:79% T:30C,Temp & Humidity,"{""temperature"": 30.0, ""humidity"": 79.0}",-45.0,1.0,0,Normal
2026-08-18 20:40:18,H:79% T:30C,Temp & Humidity,"{""temperature"": 30.0, ""humidity"": 79.0}",-38.25,-0.25,0,Normal
2026-08-18 20:40:19,H:79% T:30C,Temp & Humidity,"{""temperature"": 30.0, ""humidity"": 79.0}",-45.75,-0.75,0,Normal
2026-08-18 20:40:20,H:79% T:30C,Temp & Humidity,"{""temperature"": 30.0, ""humidity"": 79.0}",-41.0,-1.0,0,Normal
2026-08-18 20:40:21,H:79% T:30C,Temp & Humidity,"{""temperature"": 30.0, ""humidity"": 79.0}",-47.0,0.25,0,Normal
2026-08-18 20:40:22,H:79% T:30C,Temp & Humidity,"{""temperature"": 30.0, ""humidity"": 79.0}",-40.75,-0.75,0,Normal
2026-08-18 20:40:23,H:79% T:30C,Temp & Humidity,"{""temperature"": 30.0, ""humidity"": 79.0}",-49.0,0.0,0,Normal
2026-08-18 20:40:24,H:79% T:30C,Temp & Humidity,"{""temperature"": 30.0, ""humidity"": 79.0}",-39.5,-0.5,0,Normal
2026-08-18 20:40:25,H:79% T:30C,Temp & Humidity,"{""temperature"": 30.0, ""humidity"": 79.0}",-46.25,-0.25,0,Normal
2026-08-18 20:40:26,H:79% T:30C,Temp & Humidity,"{""temperature"": 30.0, ""humidity"": 79.0}",-37.5,-0.5,0,Normal
2026-08-18 20:40:28,H:79% T:30C,Temp & Humidity,"{""temperature"": 30.0, ""humidity"": 79.0}",-39.25,-0.25,0,Normal
2026-08-18 20:40:29,H:79% T:30C,Temp & Humidity,"{""temperature"": 30.0, ""humidity"": 79.0}",-49.25,-0.25,1,Isolation Forest ML Outlier
2026-08-18 20:40:30,H:79% T:30C,Temp & Humidity,"{""temperature"": 30.0, ""humidity"": 79.0}",-43.0,9.25,0,Normal
2026-08-18 20:40:31,H:79% T:30C,Temp & Humidity,"{""temperature"": 30.0, ""humidity"": 79.0}",-43.0,9.75,0,Normal
2026-08-18 20:40:32,H:79% T:30C,Temp & Humidity,"{""temperature"": 30.0, ""humidity"": 79.0}",-43.0,9.75,0,Normal
2026-08-18 20:40:33,H:79% T:30C,Temp & Humidity,"{""temperature"": 30.0, ""humidity"": 79.0}",-43.0,9.0,0,Normal
2026-08-18 20:40:34,H:79% T:30C,Temp & Humidity,"{""temperature"": 30.0, ""humidity"": 79.0}",-43.0,9.25,0,Normal
2026-08-18 20:40:35,H:79% T:30C,Temp & Humidity,"{""temperature"": 30.0, ""humidity"": 79.0}",-42.0,9.5,0,Normal
2026-08-18 20:40:36,H:79% T:30C,Temp & Humidity,"{""temperature"": 30.0, ""humidity"": 79.0}",-40.0,-1.0,0,Normal
2026-08-18 20:40:37,H:79% T:30C,Temp & Humidity,"{""temperature"": 30.0, ""humidity"": 79.0}",-37.25,-0.25,0,Normal
2026-08-18 20:40:38,H:79% T:30C,Temp & Humidity,"{""temperature"": 30.0, ""humidity"": 79.0}",-39.0,0.0,0,Normal
2026-08-18 20:40:39,H:79% T:30C,Temp & Humidity,"{""temperature"": 30.0, ""humidity"": 79.0}",-46.0,0.0,0,Normal
2026-08-18 20:40:40,H:79% T:30C,Temp & Humidity,"{""temperature"": 30.0, ""humidity"": 79.0}",-37.0,0.25,0,Normal
2026-08-18 20:40:41,H:79% T:30C,Temp & Humidity,"{""temperature"": 30.0, ""humidity"": 79.0}",-42.0,5.25,0,Normal
2026-08-18 20:40:43,H:79% T:30C,Temp & Humidity,"{""temperature"": 30.0, ""humidity"": 79.0}",-41.0,4.75,0,Normal
2026-08-18 20:40:44,H:79% T:30C,Temp & Humidity,"{""temperature"": 30.0, ""humidity"": 79.0}",-41.0,6.25,0,Normal
2026-08-18 20:40:45,H:79% T:30C,Temp & Humidity,"{""temperature"": 30.0, ""humidity"": 79.0}",-38.25,-0.25,0,Normal
2026-08-18 20:40:46,H:79% T:30C,Temp & Humidity,"{""temperature"": 30.0, ""humidity"": 79.0}",-43.25,-0.25,0,Normal
2026-08-18 20:40:47,H:79% T:30C,Temp & Humidity,"{""temperature"": 30.0, ""humidity"": 79.0}",-42.0,9.25,0,Normal
2026-08-18 20:40:48,H:79% T:30C,Temp & Humidity,"{""temperature"": 30.0, ""humidity"": 79.0}",-39.0,0.0,0,Normal
2026-08-18 20:40:49,H:79% T:30C,Temp & Humidity,"{""temperature"": 30.0, ""humidity"": 79.0}",-46.0,0.25,0,Normal
2026-08-18 20:40:50,H:79% T:30C,Temp & Humidity,"{""temperature"": 30.0, ""humidity"": 79.0}",-41.0,0.0,0,Normal
2026-08-18 20:40:51,H:79% T:30C,Temp & Humidity,"{""temperature"": 30.0, ""humidity"": 79.0}",-43.0,9.5,0,Normal
2026-08-18 20:40:52,H:79% T:30C,Temp & Humidity,"{""temperature"": 30.0, ""humidity"": 79.0}",-43.0,9.5,0,Normal
2026-08-18 20:40:53,H:79% T:30C,Temp & Humidity,"{""temperature"": 30.0, ""humidity"": 79.0}",-43.0,9.25,0,Normal
2026-08-18 20:40:54,H:79% T:30C,Temp & Humidity,"{""temperature"": 30.0, ""humidity"": 79.0}",-43.0,9.5,0,Normal
2026-08-18 20:40:55,H:79% T:30C,Temp & Humidity,"{""temperature"": 30.0, ""humidity"": 79.0}",-43.0,9.0,0,Normal
2026-08-18 20:40:57,H:79% T:30C,Temp & Humidity,"{""temperature"": 30.0, ""humidity"": 79.0}",-43.0,9.5,0,Normal
2026-08-18 20:40:58,H:79% T:30C,Temp & Humidity,"{""temperature"": 30.0, ""humidity"": 79.0}",-43.0,9.25,0,Normal
2026-08-18 20:40:59,H:79% T:30C,Temp & Humidity,"{""temperature"": 30.0, ""humidity"": 79.0}",-43.0,9.5,0,Normal
2026-08-18 20:41:00,H:79% T:30C,Temp & Humidity,"{""temperature"": 30.0, ""humidity"": 79.0}",-43.0,9.25,0,Normal
2026-08-18 20:41:01,H:79% T:30C,Temp & Humidity,"{""temperature"": 30.0, ""humidity"": 79.0}",-48.0,9.0,0,Normal
2026-08-18 20:41:02,H:79% T:30C,Temp & Humidity,"{""temperature"": 30.0, ""humidity"": 79.0}",-48.0,9.25,0,Normal
2026-08-18 20:41:03,H:79% T:30C,Temp & Humidity,"{""temperature"": 30.0, ""humidity"": 79.0}",-42.0,9.25,0,Normal
2026-08-18 20:41:04,H:79% T:30C,Temp & Humidity,"{""temperature"": 30.0, ""humidity"": 79.0}",-43.0,9.75,0,Normal
2026-08-18 20:41:05,H:79% T:30C,Temp & Humidity,"{""temperature"": 30.0, ""humidity"": 79.0}",-43.0,9.5,0,Normal
2026-08-18 20:41:06,H:79% T:30C,Temp & Humidity,"{""temperature"": 30.0, ""humidity"": 79.0}",-43.0,9.0,0,Normal
2026-08-18 20:41:07,H:79% T:30C,Temp & Humidity,"{""temperature"": 30.0, ""humidity"": 79.0}",-43.0,9.25,0,Normal
2026-08-18 20:41:08,H:79% T:30C,Temp & Humidity,"{""temperature"": 30.0, ""humidity"": 79.0}",-43.0,9.25,0,Normal
2026-08-18 20:41:09,H:79% T:30C,Temp & Humidity,"{""temperature"": 30.0, ""humidity"": 79.0}",-42.0,9.5,0,Normal
2026-08-18 20:41:11,H:79% T:30C,Temp & Humidity,"{""temperature"": 30.0, ""humidity"": 79.0}",-42.0,8.5,0,Normal
2026-08-18 20:41:12,H:79% T:30C,Temp & Humidity,"{""temperature"": 30.0, ""humidity"": 79.0}",-43.0,9.25,0,Normal
2026-08-18 20:41:13,H:79% T:30C,Temp & Humidity,"{""temperature"": 30.0, ""humidity"": 79.0}",-47.75,-0.75,0,Normal
2026-08-18 20:41:14,H:79% T:30C,Temp & Humidity,"{""temperature"": 30.0, ""humidity"": 79.0}",-42.0,9.5,0,Normal
2026-08-18 20:41:15,H:79% T:30C,Temp & Humidity,"{""temperature"": 30.0, ""humidity"": 79.0}",-43.0,9.5,0,Normal
2026-08-18 20:41:16,H:79% T:30C,Temp & Humidity,"{""temperature"": 30.0, ""humidity"": 79.0}",-43.0,9.0,0,Normal
2026-08-18 20:41:17,H:79% T:30C,Temp & Humidity,"{""temperature"": 30.0, ""humidity"": 79.0}",-43.0,8.75,0,Normal
2026-08-18 20:41:18,H:79% T:30C,Temp & Humidity,"{""temperature"": 30.0, ""humidity"": 79.0}",-43.0,9.5,0,Normal
2026-08-18 20:41:19,H:79% T:30C,Temp & Humidity,"{""temperature"": 30.0, ""humidity"": 79.0}",-43.0,9.5,0,Normal
2026-08-18 20:41:20,H:79% T:30C,Temp & Humidity,"{""temperature"": 30.0, ""humidity"": 79.0}",-43.0,9.0,0,Normal
2026-08-18 20:41:21,H:79% T:30C,Temp & Humidity,"{""temperature"": 30.0, ""humidity"": 79.0}",-43.0,9.0,0,Normal
2026-08-18 20:41:22,H:79% T:30C,Temp & Humidity,"{""temperature"": 30.0, ""humidity"": 79.0}",-43.0,9.5,0,Normal
2026-08-18 20:41:23,H:79% T:30C,Temp & Humidity,"{""temperature"": 30.0, ""humidity"": 79.0}",-42.0,9.5,0,Normal
2026-08-18 20:41:25,H:79% T:30C,Temp & Humidity,"{""temperature"": 30.0, ""humidity"": 79.0}",-43.0,9.25,0,Normal
2026-08-18 20:41:26,H:79% T:30C,Temp & Humidity,"{""temperature"": 30.0, ""humidity"": 79.0}",-41.0,-1.0,0,Normal
2026-08-18 20:41:27,H:79% T:30C,Temp & Humidity,"{""temperature"": 30.0, ""humidity"": 79.0}",-39.75,-0.75,0,Normal
2026-08-18 20:41:28,H:79% T:30C,Temp & Humidity,"{""temperature"": 30.0, ""humidity"": 79.0}",-37.0,0.25,0,Normal
2026-08-18 20:41:29,H:79% T:30C,Temp & Humidity,"{""temperature"": 30.0, ""humidity"": 79.0}",-46.25,-0.25,0,Normal
2026-08-18 20:41:30,H:79% T:30C,Temp & Humidity,"{""temperature"": 30.0, ""humidity"": 79.0}",-42.25,-0.25,0,Normal
2026-08-18 20:41:31,H:79% T:30C,Temp & Humidity,"{""temperature"": 30.0, ""humidity"": 79.0}",-39.5,-0.5,0,Normal
2026-08-18 20:41:32,H:79% T:30C,Temp & Humidity,"{""temperature"": 30.0, ""humidity"": 79.0}",-40.25,-0.25,0,Normal
2026-08-18 20:41:33,H:79% T:30C,Temp & Humidity,"{""temperature"": 30.0, ""humidity"": 79.0}",-38.5,-0.5,0,Normal
2026-08-18 20:41:34,H:79% T:30C,Temp & Humidity,"{""temperature"": 30.0, ""humidity"": 79.0}",-44.75,-0.75,0,Normal
2026-08-18 20:41:35,H:79% T:30C,Temp & Humidity,"{""temperature"": 30.0, ""humidity"": 79.0}",-45.5,-0.5,0,Normal
2026-08-18 20:41:36,H:79% T:30C,Temp & Humidity,"{""temperature"": 30.0, ""humidity"": 79.0}",-37.75,-0.75,0,Normal
2026-08-18 20:41:37,H:79% T:30C,Temp & Humidity,"{""temperature"": 30.0, ""humidity"": 79.0}",-41.0,1.5,0,Normal
2026-08-18 20:41:39,H:79% T:30C,Temp & Humidity,"{""temperature"": 30.0, ""humidity"": 79.0}",-45.0,1.5,0,Normal
2026-08-18 20:41:40,H:79% T:30C,Temp & Humidity,"{""temperature"": 30.0, ""humidity"": 79.0}",-41.0,0.75,0,Normal
2026-08-18 20:41:41,H:79% T:30C,Temp & Humidity,"{""temperature"": 30.0, ""humidity"": 79.0}",-44.0,1.75,0,Normal
2026-08-18 20:41:42,H:79% T:30C,Temp & Humidity,"{""temperature"": 30.0, ""humidity"": 79.0}",-42.0,0.0,0,Normal
2026-08-18 20:41:43,H:79% T:30C,Temp & Humidity,"{""temperature"": 30.0, ""humidity"": 79.0}",-42.0,2.25,0,Normal
2026-08-18 20:41:44,H:79% T:30C,Temp & Humidity,"{""temperature"": 30.0, ""humidity"": 79.0}",-41.0,2.25,0,Normal
2026-08-18 20:41:45,H:79% T:30C,Temp & Humidity,"{""temperature"": 30.0, ""humidity"": 79.0}",-41.0,0.5,0,Normal
2026-08-18 20:41:46,H:79% T:30C,Temp & Humidity,"{""temperature"": 30.0, ""humidity"": 79.0}",-40.0,0.0,0,Normal
2026-08-18 20:41:47,H:79% T:30C,Temp & Humidity,"{""temperature"": 30.0, ""humidity"": 79.0}",-46.0,0.25,0,Normal
2026-08-18 20:41:48,H:79% T:30C,Temp & Humidity,"{""temperature"": 30.0, ""humidity"": 79.0}",-43.0,0.5,0,Normal
2026-08-18 20:41:49,H:79% T:30C,Temp & Humidity,"{""temperature"": 30.0, ""humidity"": 79.0}",-47.0,0.25,0,Normal
2026-08-18 20:41:50,H:79% T:30C,Temp & Humidity,"{""temperature"": 30.0, ""humidity"": 79.0}",-41.5,-0.5,0,Normal
2026-08-18 20:41:51,H:79% T:30C,Temp & Humidity,"{""temperature"": 30.0, ""humidity"": 79.0}",-39.0,0.0,0,Normal
2026-08-18 20:41:53,H:79% T:30C,Temp & Humidity,"{""temperature"": 30.0, ""humidity"": 79.0}",-47.0,0.25,0,Normal
2026-08-18 20:41:54,H:79% T:30C,Temp & Humidity,"{""temperature"": 30.0, ""humidity"": 79.0}",-44.0,0.5,0,Normal
2026-08-18 20:41:55,H:79% T:30C,Temp & Humidity,"{""temperature"": 30.0, ""humidity"": 79.0}",-48.0,0.25,0,Normal
2026-08-18 20:41:56,H:79% T:30C,Temp & Humidity,"{""temperature"": 30.0, ""humidity"": 79.0}",-42.0,0.25,0,Normal
2026-08-18 20:41:57,H:79% T:30C,Temp & Humidity,"{""temperature"": 30.0, ""humidity"": 79.0}",-40.0,0.75,0,Normal
2026-08-18 20:41:58,H:79% T:30C,Temp & Humidity,"{""temperature"": 30.0, ""humidity"": 79.0}",-47.0,0.0,0,Normal
2026-08-18 20:41:59,H:79% T:30C,Temp & Humidity,"{""temperature"": 30.0, ""humidity"": 79.0}",-46.0,0.0,0,Normal
2026-08-18 20:42:00,H:79% T:30C,Temp & Humidity,"{""temperature"": 30.0, ""humidity"": 79.0}",-40.0,-1.0,0,Normal
2026-08-18 20:42:01,H:79% T:30C,Temp & Humidity,"{""temperature"": 30.0, ""humidity"": 79.0}",-39.0,0.25,0,Normal
2026-08-18 20:42:02,H:79% T:30C,Temp & Humidity,"{""temperature"": 30.0, ""humidity"": 79.0}",-41.0,0.25,0,Normal
2026-08-18 20:42:03,H:79% T:30C,Temp & Humidity,"{""temperature"": 30.0, ""humidity"": 79.0}",-41.0,1.25,0,Normal
2026-08-18 20:42:04,H:79% T:30C,Temp & Humidity,"{""temperature"": 30.0, ""humidity"": 79.0}",-40.0,0.5,0,Normal
2026-08-18 20:42:05,H:79% T:30C,Temp & Humidity,"{""temperature"": 30.0, ""humidity"": 79.0}",-43.0,1.0,0,Normal
2026-08-18 20:42:07,H:79% T:30C,Temp & Humidity,"{""temperature"": 30.0, ""humidity"": 79.0}",-42.0,1.0,0,Normal
2026-08-18 20:42:08,H:79% T:30C,Temp & Humidity,"{""temperature"": 30.0, ""humidity"": 79.0}",-41.0,1.25,0,Normal
2026-08-18 20:42:09,H:79% T:30C,Temp & Humidity,"{""temperature"": 30.0, ""humidity"": 79.0}",-42.0,1.0,0,Normal
2026-08-18 20:42:10,H:79% T:30C,Temp & Humidity,"{""temperature"": 30.0, ""humidity"": 79.0}",-49.0,0.75,0,Normal
2026-08-18 20:42:11,H:79% T:30C,Temp & Humidity,"{""temperature"": 30.0, ""humidity"": 79.0}",-45.0,0.25,0,Normal
2026-08-18 20:42:12,H:79% T:30C,Temp & Humidity,"{""temperature"": 30.0, ""humidity"": 79.0}",-49.0,2.0,0,Normal
2026-08-18 20:42:13,H:79% T:30C,Temp & Humidity,"{""temperature"": 30.0, ""humidity"": 79.0}",-41.0,1.0,0,Normal
2026-08-18 20:42:14,H:79% T:30C,Temp & Humidity,"{""temperature"": 30.0, ""humidity"": 79.0}",-40.0,2.5,0,Normal
2026-08-18 20:42:15,H:79% T:30C,Temp & Humidity,"{""temperature"": 30.0, ""humidity"": 79.0}",-43.0,2.5,0,Normal
2026-08-18 20:42:16,H:79% T:30C,Temp & Humidity,"{""temperature"": 30.0, ""humidity"": 79.0}",-42.0,0.5,0,Normal
2026-08-18 20:42:17,H:79% T:30C,Temp & Humidity,"{""temperature"": 30.0, ""humidity"": 79.0}",-40.0,0.0,0,Normal
2026-08-18 20:42:18,H:79% T:30C,Temp & Humidity,"{""temperature"": 30.0, ""humidity"": 79.0}",-48.0,0.5,0,Normal
2026-08-18 20:42:19,H:79% T:30C,Temp & Humidity,"{""temperature"": 30.0, ""humidity"": 79.0}",-50.0,0.5,1,Isolation Forest ML Outlier
2026-08-18 20:42:20,H:79% T:30C,Temp & Humidity,"{""temperature"": 30.0, ""humidity"": 79.0}",-43.0,1.0,0,Normal
2026-08-18 20:42:22,H:79% T:30C,Temp & Humidity,"{""temperature"": 30.0, ""humidity"": 79.0}",-41.0,0.75,0,Normal
2026-08-18 20:42:23,H:79% T:30C,Temp & Humidity,"{""temperature"": 30.0, ""humidity"": 79.0}",-40.0,0.5,0,Normal
2026-08-18 20:42:24,H:79% T:30C,Temp & Humidity,"{""temperature"": 30.0, ""humidity"": 79.0}",-41.0,0.75,0,Normal
2026-08-18 20:42:25,H:79% T:30C,Temp & Humidity,"{""temperature"": 30.0, ""humidity"": 79.0}",-41.0,0.25,0,Normal
2026-08-18 20:42:26,H:79% T:30C,Temp & Humidity,"{""temperature"": 30.0, ""humidity"": 79.0}",-41.0,0.25,0,Normal
2026-08-18 20:42:27,H:79% T:30C,Temp & Humidity,"{""temperature"": 30.0, ""humidity"": 79.0}",-46.0,0.5,0,Normal
2026-08-18 20:42:28,H:79% T:30C,Temp & Humidity,"{""temperature"": 30.0, ""humidity"": 79.0}",-41.0,0.75,0,Normal
2026-08-18 20:42:29,H:79% T:30C,Temp & Humidity,"{""temperature"": 30.0, ""humidity"": 79.0}",-47.0,0.5,0,Normal
2026-08-18 20:42:30,H:79% T:30C,Temp & Humidity,"{""temperature"": 30.0, ""humidity"": 79.0}",-42.0,0.75,0,Normal
2026-08-18 20:42:31,H:79% T:30C,Temp & Humidity,"{""temperature"": 30.0, ""humidity"": 79.0}",-40.0,0.75,0,Normal
2026-08-18 20:42:32,H:79% T:30C,Temp & Humidity,"{""temperature"": 30.0, ""humidity"": 79.0}",-47.0,0.75,0,Normal
2026-08-18 20:42:33,H:79% T:30C,Temp & Humidity,"{""temperature"": 30.0, ""humidity"": 79.0}",-48.0,0.75,0,Normal
2026-08-18 20:42:34,H:79% T:30C,Temp & Humidity,"{""temperature"": 30.0, ""humidity"": 79.0}",-39.0,0.75,0,Normal
2026-08-18 20:42:36,H:79% T:30C,Temp & Humidity,"{""temperature"": 30.0, ""humidity"": 79.0}",-41.0,0.75,0,Normal
2026-08-18 20:42:37,H:79% T:30C,Temp & Humidity,"{""temperature"": 30.0, ""humidity"": 79.0}",-43.0,0.75,0,Normal
2026-08-18 20:42:38,H:79% T:30C,Temp & Humidity,"{""temperature"": 30.0, ""humidity"": 79.0}",-46.0,0.75,0,Normal
2026-08-18 20:42:39,H:79% T:30C,Temp & Humidity,"{""temperature"": 30.0, ""humidity"": 79.0}",-41.0,0.25,0,Normal
2026-08-18 20:42:40,H:79% T:30C,Temp & Humidity,"{""temperature"": 30.0, ""humidity"": 79.0}",-47.0,0.5,0,Normal
2026-08-18 20:42:41,H:79% T:30C,Temp & Humidity,"{""temperature"": 30.0, ""humidity"": 79.0}",-43.0,0.25,0,Normal
2026-08-18 20:42:42,H:79% T:30C,Temp & Humidity,"{""temperature"": 30.0, ""humidity"": 79.0}",-48.0,0.75,0,Normal
2026-08-18 20:42:43,H:79% T:30C,Temp & Humidity,"{""temperature"": 30.0, ""humidity"": 79.0}",-40.0,0.5,0,Normal
2026-08-18 20:42:44,H:79% T:30C,Temp & Humidity,"{""temperature"": 30.0, ""humidity"": 79.0}",-40.0,0.25,0,Normal
2026-08-18 20:42:45,H:79% T:30C,Temp & Humidity,"{""temperature"": 30.0, ""humidity"": 79.0}",-42.0,0.5,0,Normal
2026-08-18 20:42:46,H:79% T:30C,Temp & Humidity,"{""temperature"": 30.0, ""humidity"": 79.0}",-40.0,0.5,0,Normal
2026-08-18 20:42:47,H:79% T:30C,Temp & Humidity,"{""temperature"": 30.0, ""humidity"": 79.0}",-41.0,0.25,0,Normal
2026-08-18 20:42:48,H:79% T:30C,Temp & Humidity,"{""temperature"": 30.0, ""humidity"": 79.0}",-45.0,0.25,0,Normal
2026-08-18 20:42:50,H:79% T:30C,Temp & Humidity,"{""temperature"": 30.0, ""humidity"": 79.0}",-48.0,0.25,0,Normal
2026-08-18 20:42:51,H:79% T:30C,Temp & Humidity,"{""temperature"": 30.0, ""humidity"": 79.0}",-43.0,1.5,0,Normal
2026-08-18 20:42:52,H:79% T:30C,Temp & Humidity,"{""temperature"": 30.0, ""humidity"": 79.0}",-41.0,0.25,0,Normal
2026-08-18 20:42:53,H:79% T:30C,Temp & Humidity,"{""temperature"": 30.0, ""humidity"": 79.0}",-41.0,0.0,0,Normal
2026-08-18 20:42:54,H:79% T:30C,Temp & Humidity,"{""temperature"": 30.0, ""humidity"": 79.0}",-47.0,0.5,0,Normal
2026-08-18 20:42:55,H:79% T:30C,Temp & Humidity,"{""temperature"": 30.0, ""humidity"": 79.0}",-41.0,0.0,0,Normal
2026-08-18 20:42:56,H:79% T:30C,Temp & Humidity,"{""temperature"": 30.0, ""humidity"": 79.0}",-41.0,0.75,0,Normal
2026-08-18 20:42:57,H:79% T:30C,Temp & Humidity,"{""temperature"": 30.0, ""humidity"": 79.0}",-38.25,-0.25,0,Normal
2026-08-18 20:42:58,H:79% T:30C,Temp & Humidity,"{""temperature"": 30.0, ""humidity"": 79.0}",-48.0,0.25,0,Normal
2026-08-18 20:42:59,H:79% T:30C,Temp & Humidity,"{""temperature"": 30.0, ""humidity"": 79.0}",-43.0,0.0,0,Normal
2026-08-18 20:43:00,H:79% T:30C,Temp & Humidity,"{""temperature"": 30.0, ""humidity"": 79.0}",-47.5,-0.5,0,Normal
2026-08-18 20:43:01,H:79% T:30C,Temp & Humidity,"{""temperature"": 30.0, ""humidity"": 79.0}",-43.0,0.75,0,Normal
2026-08-18 20:43:02,H:79% T:30C,Temp & Humidity,"{""temperature"": 30.0, ""humidity"": 79.0}",-39.0,0.5,0,Normal
2026-08-18 20:43:04,H:79% T:30C,Temp & Humidity,"{""temperature"": 30.0, ""humidity"": 79.0}",-47.0,0.5,0,Normal
2026-08-18 20:43:05,H:79% T:30C,Temp & Humidity,"{""temperature"": 30.0, ""humidity"": 79.0}",-45.25,-0.25,0,Normal
2026-08-18 20:43:06,H:79% T:30C,Temp & Humidity,"{""temperature"": 30.0, ""humidity"": 79.0}",-45.75,-0.75,0,Normal
2026-08-18 20:43:07,H:79% T:30C,Temp & Humidity,"{""temperature"": 30.0, ""humidity"": 79.0}",-44.5,-0.5,0,Normal
2026-08-18 20:43:08,H:79% T:30C,Temp & Humidity,"{""temperature"": 30.0, ""humidity"": 79.0}",-43.0,9.25,0,Normal
2026-08-18 20:43:09,H:79% T:30C,Temp & Humidity,"{""temperature"": 30.0, ""humidity"": 79.0}",-43.0,9.25,0,Normal
2026-08-18 20:43:10,H:79% T:30C,Temp & Humidity,"{""temperature"": 30.0, ""humidity"": 79.0}",-43.0,9.5,0,Normal
2026-08-18 20:43:11,H:79% T:30C,Temp & Humidity,"{""temperature"": 30.0, ""humidity"": 79.0}",-42.0,1.75,0,Normal
2026-08-18 20:43:12,H:79% T:30C,Temp & Humidity,"{""temperature"": 30.0, ""humidity"": 79.0}",-41.0,1.0,0,Normal
2026-08-18 20:43:13,H:79% T:30C,Temp & Humidity,"{""temperature"": 30.0, ""humidity"": 79.0}",-41.0,1.5,0,Normal
2026-08-18 20:43:14,H:79% T:30C,Temp & Humidity,"{""temperature"": 30.0, ""humidity"": 79.0}",-39.0,0.75,0,Normal
2026-08-18 20:43:15,H:79% T:30C,Temp & Humidity,"{""temperature"": 30.0, ""humidity"": 79.0}",-46.0,0.25,0,Normal
2026-08-18 20:43:16,H:79% T:30C,Temp & Humidity,"{""temperature"": 30.0, ""humidity"": 79.0}",-46.0,0.25,0,Normal
2026-08-18 20:43:18,H:79% T:30C,Temp & Humidity,"{""temperature"": 30.0, ""humidity"": 79.0}",-46.0,1.5,0,Normal
2026-08-18 20:43:19,H:79% T:30C,Temp & Humidity,"{""temperature"": 30.0, ""humidity"": 79.0}",-41.0,0.5,0,Normal
2026-08-18 20:43:20,H:79% T:30C,Temp & Humidity,"{""temperature"": 30.0, ""humidity"": 79.0}",-44.0,0.5,0,Normal
2026-08-18 20:43:21,H:79% T:30C,Temp & Humidity,"{""temperature"": 30.0, ""humidity"": 79.0}",-40.0,0.5,0,Normal
2026-08-18 20:43:22,H:79% T:30C,Temp & Humidity,"{""temperature"": 30.0, ""humidity"": 79.0}",-41.0,1.25,0,Normal
2026-08-18 20:43:23,H:79% T:30C,Temp & Humidity,"{""temperature"": 30.0, ""humidity"": 79.0}",-45.0,0.5,0,Normal
2026-08-18 20:43:24,H:79% T:30C,Temp & Humidity,"{""temperature"": 30.0, ""humidity"": 79.0}",-43.0,0.5,0,Normal
2026-08-18 20:43:25,H:79% T:30C,Temp & Humidity,"{""temperature"": 30.0, ""humidity"": 79.0}",-41.0,0.5,0,Normal
2026-08-18 20:43:26,H:79% T:30C,Temp & Humidity,"{""temperature"": 30.0, ""humidity"": 79.0}",-41.0,1.0,0,Normal
2026-08-18 20:43:27,H:79% T:30C,Temp & Humidity,"{""temperature"": 30.0, ""humidity"": 79.0}",-40.0,0.75,0,Normal
2026-08-18 20:43:28,H:79% T:30C,Temp & Humidity,"{""temperature"": 30.0, ""humidity"": 79.0}",-43.0,0.5,0,Normal
2026-08-18 20:43:29,H:79% T:30C,Temp & Humidity,"{""temperature"": 30.0, ""humidity"": 79.0}",-45.0,0.25,0,Normal
2026-08-18 22:25:27,H:79% T:30C,Temp & Humidity,"{""temperature"": 30.0, ""humidity"": 79.0}",-39.0,0.75,0,Normal
2026-08-18 22:25:27,H:79% T:30C,Temp & Humidity,"{""temperature"": 30.0, ""humidity"": 79.0}",-46.0,0.75,0,Normal
2026-08-18 22:25:27,H:79% T:30C,Temp & Humidity,"{""temperature"": 30.0, ""humidity"": 79.0}",-42.0,1.0,0,Normal
2026-08-18 22:25:27,H:79% T:30C,Temp & Humidity,"{""temperature"": 30.0, ""humidity"": 79.0}",-40.0,0.75,0,Normal
2026-08-18 22:25:27,H:79% T:30C,Temp & Humidity,"{""temperature"": 30.0, ""humidity"": 79.0}",-42.0,0.75,0,Normal
2026-08-18 22:25:27,H:79% T:30C,Temp & Humidity,"{""temperature"": 30.0, ""humidity"": 79.0}",-41.0,0.75,0,Normal
2026-08-18 22:25:27,H:79% T:30C,Temp & Humidity,"{""temperature"": 30.0, ""humidity"": 79.0}",-41.0,0.75,0,Normal
2026-08-18 22:25:27,H:79% T:30C,Temp & Humidity,"{""temperature"": 30.0, ""humidity"": 79.0}",-47.0,2.25,0,Normal
2026-08-18 22:25:27,H:79% T:30C,Temp & Humidity,"{""temperature"": 30.0, ""humidity"": 79.0}",-43.0,9.75,0,Normal
2026-08-18 22:25:27,H:79% T:30C,Temp & Humidity,"{""temperature"": 30.0, ""humidity"": 79.0}",-48.0,9.25,0,Normal
2026-08-18 22:25:27,H:79% T:30C,Temp & Humidity,"{""temperature"": 30.0, ""humidity"": 79.0}",-42.0,9.5,0,Normal
2026-08-18 22:25:27,H:79% T:30C,Temp & Humidity,"{""temperature"": 30.0, ""humidity"": 79.0}",-43.0,9.25,0,Normal
2026-08-18 22:25:27,H:79% T:30C,Temp & Humidity,"{""temperature"": 30.0, ""humidity"": 79.0}",-43.0,9.25,0,Normal
2026-08-18 22:25:27,H:79% T:30C,Temp & Humidity,"{""temperature"": 30.0, ""humidity"": 79.0}",-43.0,9.0,0,Normal
2026-08-18 22:25:27,H:79% T:30C,Temp & Humidity,"{""temperature"": 30.0, ""humidity"": 79.0}",-40.0,-1.0,0,Normal
2026-08-18 22:25:27,H:79% T:30C,Temp & Humidity,"{""temperature"": 30.0, ""humidity"": 79.0}",-42.0,8.5,0,Normal
2026-08-18 22:25:27,H:79% T:30C,Temp & Humidity,"{""temperature"": 30.0, ""humidity"": 79.0}",-41.0,9.25,0,Normal
2026-08-18 22:25:27,H:79% T:30C,Temp & Humidity,"{""temperature"": 30.0, ""humidity"": 79.0}",-40.0,8.5,0,Normal
2026-08-18 22:25:27,H:79% T:30C,Temp & Humidity,"{""temperature"": 30.0, ""humidity"": 79.0}",-40.0,8.25,0,Normal
2026-08-18 22:25:27,H:79% T:30C,Temp & Humidity,"{""temperature"": 30.0, ""humidity"": 79.0}",-41.0,8.75,0,Normal
2026-08-18 22:25:27,H:79% T:30C,Temp & Humidity,"{""temperature"": 30.0, ""humidity"": 79.0}",-42.0,8.75,0,Normal
2026-08-18 22:25:27,H:79% T:30C,Temp & Humidity,"{""temperature"": 30.0, ""humidity"": 79.0}",-39.0,5.5,0,Normal
2026-08-18 22:25:27,H:79% T:30C,Temp & Humidity,"{""temperature"": 30.0, ""humidity"": 79.0}",-38.0,0.5,0,Normal
2026-08-18 22:25:27,H:79% T:30C,Temp & Humidity,"{""temperature"": 30.0, ""humidity"": 79.0}",-42.0,7.5,0,Normal
2026-08-18 22:25:27,H:79% T:30C,Temp & Humidity,"{""temperature"": 30.0, ""humidity"": 79.0}",-42.0,7.75,0,Normal
2026-08-18 22:25:27,H:79% T:30C,Temp & Humidity,"{""temperature"": 30.0, ""humidity"": 79.0}",-41.0,8.5,0,Normal
2026-08-18 22:25:27,H:79% T:30C,Temp & Humidity,"{""temperature"": 30.0, ""humidity"": 79.0}",-46.0,7.75,0,Normal
2026-08-18 22:25:27,H:79% T:30C,Temp & Humidity,"{""temperature"": 30.0, ""humidity"": 79.0}",-42.0,9.25,0,Normal
2026-08-18 22:25:27,H:79% T:30C,Temp & Humidity,"{""temperature"": 30.0, ""humidity"": 79.0}",-42.0,9.0,0,Normal
2026-08-18 22:25:27,H:79% T:30C,Temp & Humidity,"{""temperature"": 30.0, ""humidity"": 79.0}",-42.0,8.5,0,Normal
2026-08-18 22:25:27,H:79% T:30C,Temp & Humidity,"{""temperature"": 30.0, ""humidity"": 79.0}",-42.0,9.0,0,Normal
2026-08-18 22:25:27,H:79% T:30C,Temp & Humidity,"{""temperature"": 30.0, ""humidity"": 79.0}",-42.0,9.0,0,Normal
2026-08-18 22:25:27,H:79% T:30C,Temp & Humidity,"{""temperature"": 30.0, ""humidity"": 79.0}",-42.0,9.25,0,Normal
2026-08-18 22:25:27,H:79% T:30C,Temp & Humidity,"{""temperature"": 30.0, ""humidity"": 79.0}",-42.0,9.5,0,Normal
2026-08-18 22:25:27,H:79% T:30C,Temp & Humidity,"{""temperature"": 30.0, ""humidity"": 79.0}",-41.0,9.0,0,Normal
2026-08-18 22:25:27,H:79% T:30C,Temp & Humidity,"{""temperature"": 30.0, ""humidity"": 79.0}",-43.0,9.25,0,Normal
2026-08-18 22:25:27,H:79% T:30C,Temp & Humidity,"{""temperature"": 30.0, ""humidity"": 79.0}",-42.0,9.5,0,Normal
2026-08-18 22:25:27,H:79% T:30C,Temp & Humidity,"{""temperature"": 30.0, ""humidity"": 79.0}",-42.0,9.75,0,Normal
2026-08-18 22:25:27,H:79% T:30C,Temp & Humidity,"{""temperature"": 30.0, ""humidity"": 79.0}",-41.0,9.5,0,Normal
2026-08-18 22:25:27,H:79% T:30C,Temp & Humidity,"{""temperature"": 30.0, ""humidity"": 79.0}",-38.0,1.0,0,Normal
2026-08-18 22:25:27,H:79% T:30C,Temp & Humidity,"{""temperature"": 30.0, ""humidity"": 79.0}",-41.0,0.75,0,Normal
2026-08-18 22:25:27,H:79% T:30C,Temp & Humidity,"{""temperature"": 30.0, ""humidity"": 79.0}",-43.0,0.5,0,Normal
2026-08-18 22:25:27,H:79% T:30C,Temp & Humidity,"{""temperature"": 30.0, ""humidity"": 79.0}",-46.0,1.0,0,Normal
2026-08-18 22:25:27,H:79% T:30C,Temp & Humidity,"{""temperature"": 30.0, ""humidity"": 79.0}",-47.0,0.5,0,Normal
2026-08-18 22:25:27,H:79% T:30C,Temp & Humidity,"{""temperature"": 30.0, ""humidity"": 79.0}",-42.0,1.25,0,Normal
2026-08-18 22:25:27,H:79% T:30C,Temp & Humidity,"{""temperature"": 30.0, ""humidity"": 79.0}",-44.0,2.25,0,Normal
2026-08-18 22:25:27,H:79% T:30C,Temp & Humidity,"{""temperature"": 30.0, ""humidity"": 79.0}",-48.0,2.0,0,Normal
2026-08-18 22:25:27,H:79% T:30C,Temp & Humidity,"{""temperature"": 30.0, ""humidity"": 79.0}",-42.0,3.5,0,Normal
2026-08-18 22:25:27,H:79% T:30C,Temp & Humidity,"{""temperature"": 30.0, ""humidity"": 79.0}",-44.0,4.0,0,Normal
2026-08-18 22:25:27,H:79% T:30C,Temp & Humidity,"{""temperature"": 30.0, ""humidity"": 79.0}",-43.0,5.5,0,Normal
2026-08-18 22:25:27,H:79% T:30C,Temp & Humidity,"{""temperature"": 30.0, ""humidity"": 79.0}",-42.0,6.75,0,Normal
2026-08-18 22:25:27,H:79% T:30C,Temp & Humidity,"{""temperature"": 30.0, ""humidity"": 79.0}",-41.0,6.0,0,Normal
2026-08-18 22:25:27,H:79% T:30C,Temp & Humidity,"{""temperature"": 30.0, ""humidity"": 79.0}",-42.0,7.25,0,Normal
2026-08-18 22:25:27,H:79% T:30C,Temp & Humidity,"{""temperature"": 30.0, ""humidity"": 79.0}",-42.0,8.25,0,Normal
2026-08-18 22:25:27,H:79% T:30C,Temp & Humidity,"{""temperature"": 30.0, ""humidity"": 79.0}",-42.0,7.0,0,Normal
2026-08-18 22:25:27,H:79% T:30C,Temp & Humidity,"{""temperature"": 30.0, ""humidity"": 79.0}",-42.0,8.0,0,Normal
2026-08-18 22:25:27,H:79% T:30C,Temp & Humidity,"{""temperature"": 30.0, ""humidity"": 79.0}",-42.0,7.25,0,Normal
2026-08-18 22:25:27,H:79% T:30C,Temp & Humidity,"{""temperature"": 30.0, ""humidity"": 79.0}",-42.0,5.0,0,Normal
2026-08-18 22:25:27,H:79% T:30C,Temp & Humidity,"{""temperature"": 30.0, ""humidity"": 79.0}",-42.0,6.75,0,Normal
2026-08-18 22:25:27,H:79% T:30C,Temp & Humidity,"{""temperature"": 30.0, ""humidity"": 79.0}",-42.0,4.75,0,Normal
2026-08-18 22:25:27,H:79% T:30C,Temp & Humidity,"{""temperature"": 30.0, ""humidity"": 79.0}",-42.0,6.75,0,Normal
2026-08-18 22:25:27,H:79% T:30C,Temp & Humidity,"{""temperature"": 30.0, ""humidity"": 79.0}",-44.0,4.5,0,Normal
2026-08-18 22:25:27,H:79% T:30C,Temp & Humidity,"{""temperature"": 30.0, ""humidity"": 79.0}",-42.0,4.75,0,Normal
2026-08-18 22:25:27,H:79% T:30C,Temp & Humidity,"{""temperature"": 30.0, ""humidity"": 79.0}",-42.0,3.75,0,Normal
2026-08-18 22:25:27,H:79% T:30C,Temp & Humidity,"{""temperature"": 30.0, ""humidity"": 79.0}",-43.0,5.5,0,Normal
2026-08-18 22:25:27,H:79% T:30C,Temp & Humidity,"{""temperature"": 30.0, ""humidity"": 79.0}",-42.0,4.5,0,Normal
2026-08-18 22:25:27,H:79% T:30C,Temp & Humidity,"{""temperature"": 30.0, ""humidity"": 79.0}",-45.0,1.75,0,Normal
2026-08-18 22:25:27,H:79% T:30C,Temp & Humidity,"{""temperature"": 30.0, ""humidity"": 79.0}",-40.0,0.75,0,Normal
2026-08-18 22:25:27,H:79% T:30C,Temp & Humidity,"{""temperature"": 30.0, ""humidity"": 79.0}",-41.0,1.0,0,Normal
2026-08-18 22:25:27,H:79% T:30C,Temp & Humidity,"{""temperature"": 30.0, ""humidity"": 79.0}",-42.0,0.75,0,Normal
2026-08-18 22:25:27,H:79% T:30C,Temp & Humidity,"{""temperature"": 30.0, ""humidity"": 79.0}",-40.0,1.0,0,Normal
2026-08-18 22:25:28,H:79% T:30C,Temp & Humidity,"{""temperature"": 30.0, ""humidity"": 79.0}",-40.0,0.5,0,Normal
2026-08-18 22:25:28,H:79% T:30C,Temp & Humidity,"{""temperature"": 30.0, ""humidity"": 79.0}",-43.0,1.0,0,Normal
2026-08-18 22:25:28,H:79% T:30C,Temp & Humidity,"{""temperature"": 30.0, ""humidity"": 79.0}",-41.0,1.0,0,Normal
2026-08-18 22:25:28,H:79% T:30C,Temp & Humidity,"{""temperature"": 30.0, ""humidity"": 79.0}",-48.0,1.0,0,Normal
2026-08-18 22:25:28,H:79% T:30C,Temp & Humidity,"{""temperature"": 30.0, ""humidity"": 79.0}",-43.0,1.0,0,Normal
2026-08-18 22:25:28,H:79% T:30C,Temp & Humidity,"{""temperature"": 30.0, ""humidity"": 79.0}",-43.0,1.0,0,Normal
2026-08-18 22:25:28,H:79% T:30C,Temp & Humidity,"{""temperature"": 30.0, ""humidity"": 79.0}",-42.0,0.75,0,Normal
2026-08-18 22:25:28,H:79% T:30C,Temp & Humidity,"{""temperature"": 30.0, ""humidity"": 79.0}",-41.0,0.5,0,Normal
2026-08-18 22:25:28,H:79% T:30C,Temp & Humidity,"{""temperature"": 30.0, ""humidity"": 79.0}",-40.0,1.0,0,Normal
2026-08-18 22:25:28,H:79% T:30C,Temp & Humidity,"{""temperature"": 30.0, ""humidity"": 79.0}",-41.0,0.5,0,Normal
2026-08-18 22:25:28,H:79% T:30C,Temp & Humidity,"{""temperature"": 30.0, ""humidity"": 79.0}",-40.0,1.0,0,Normal
2026-08-18 22:25:28,H:79% T:30C,Temp & Humidity,"{""temperature"": 30.0, ""humidity"": 79.0}",-49.0,1.25,0,Normal
2026-08-18 22:25:28,H:79% T:30C,Temp & Humidity,"{""temperature"": 30.0, ""humidity"": 79.0}",-40.0,0.75,0,Normal
2026-08-18 22:25:28,H:79% T:30C,Temp & Humidity,"{""temperature"": 30.0, ""humidity"": 79.0}",-47.0,0.75,0,Normal
2026-08-18 22:25:28,H:79% T:30C,Temp & Humidity,"{""temperature"": 30.0, ""humidity"": 79.0}",-38.0,-1.0,0,Normal
2026-08-18 22:25:28,H:79% T:30C,Temp & Humidity,"{""temperature"": 30.0, ""humidity"": 79.0}",-40.25,-0.25,0,Normal
2026-08-18 22:25:28,H:79% T:30C,Temp & Humidity,"{""temperature"": 30.0, ""humidity"": 79.0}",-39.0,0.0,0,Normal
2026-08-18 22:25:28,H:79% T:30C,Temp & Humidity,"{""temperature"": 30.0, ""humidity"": 79.0}",-40.5,-0.5,0,Normal
2026-08-18 22:25:28,H:79% T:30C,Temp & Humidity,"{""temperature"": 30.0, ""humidity"": 79.0}",-44.25,-0.25,0,Normal
2026-08-18 22:25:28,H:79% T:30C,Temp & Humidity,"{""temperature"": 30.0, ""humidity"": 79.0}",-41.0,0.75,0,Normal
2026-08-18 22:25:28,H:79% T:30C,Temp & Humidity,"{""temperature"": 30.0, ""humidity"": 79.0}",-39.0,0.5,0,Normal
2026-08-18 22:25:28,H:79% T:30C,Temp & Humidity,"{""temperature"": 30.0, ""humidity"": 79.0}",-47.0,0.25,0,Normal
2026-08-18 22:25:28,H:79% T:30C,Temp & Humidity,"{""temperature"": 30.0, ""humidity"": 79.0}",-49.0,0.25,0,Normal
2026-08-18 22:25:28,H:79% T:30C,Temp & Humidity,"{""temperature"": 30.0, ""humidity"": 79.0}",-40.0,0.75,0,Normal
2026-08-18 22:25:28,H:79% T:30C,Temp & Humidity,"{""temperature"": 30.0, ""humidity"": 79.0}",-40.0,0.25,0,Normal
2026-08-18 22:25:28,H:79% T:30C,Temp & Humidity,"{""temperature"": 30.0, ""humidity"": 79.0}",-45.0,0.75,0,Normal
2026-08-18 22:25:28,H:79% T:30C,Temp & Humidity,"{""temperature"": 30.0, ""humidity"": 79.0}",-47.0,1.5,0,Normal
2026-08-18 22:25:28,H:79% T:30C,Temp & Humidity,"{""temperature"": 30.0, ""humidity"": 79.0}",-41.0,2.25,0,Normal
2026-08-18 22:25:28,H:79% T:30C,Temp & Humidity,"{""temperature"": 30.0, ""humidity"": 79.0}",-41.0,3.0,0,Normal
2026-08-18 22:25:28,H:79% T:30C,Temp & Humidity,"{""temperature"": 30.0, ""humidity"": 79.0}",-41.0,1.25,0,Normal
2026-08-18 22:25:28,H:79% T:30C,Temp & Humidity,"{""temperature"": 30.0, ""humidity"": 79.0}",-46.0,0.5,0,Normal
2026-08-18 22:25:28,H:79% T:30C,Temp & Humidity,"{""temperature"": 30.0, ""humidity"": 79.0}",-41.0,0.0,0,Normal
2026-08-18 22:25:28,H:79% T:30C,Temp & Humidity,"{""temperature"": 30.0, ""humidity"": 79.0}",-47.0,0.5,0,Normal
2026-08-18 22:25:28,H:79% T:30C,Temp & Humidity,"{""temperature"": 30.0, ""humidity"": 79.0}",-40.0,0.5,0,Normal
2026-08-18 22:25:28,H:79% T:30C,Temp & Humidity,"{""temperature"": 30.0, ""humidity"": 79.0}",-43.0,0.5,0,Normal
2026-08-18 22:25:28,H:79% T:30C,Temp & Humidity,"{""temperature"": 30.0, ""humidity"": 79.0}",-42.0,0.5,0,Normal
2026-08-18 22:25:28,H:79% T:30C,Temp & Humidity,"{""temperature"": 30.0, ""humidity"": 79.0}",-47.0,0.5,0,Normal
2026-08-18 22:25:28,H:79% T:30C,Temp & Humidity,"{""temperature"": 30.0, ""humidity"": 79.0}",-41.0,0.0,0,Normal
2026-08-18 22:25:28,H:79% T:30C,Temp & Humidity,"{""temperature"": 30.0, ""humidity"": 79.0}",-42.0,0.5,0,Normal
2026-08-18 22:25:28,H:79% T:30C,Temp & Humidity,"{""temperature"": 30.0, ""humidity"": 79.0}",-46.0,1.0,0,Normal
2026-08-18 22:25:28,H:79% T:30C,Temp & Humidity,"{""temperature"": 30.0, ""humidity"": 79.0}",-40.0,0.75,0,Normal
2026-08-18 22:25:28,H:79% T:30C,Temp & Humidity,"{""temperature"": 30.0, ""humidity"": 79.0}",-41.0,0.75,0,Normal
2026-08-18 22:25:28,H:79% T:30C,Temp & Humidity,"{""temperature"": 30.0, ""humidity"": 79.0}",-41.0,1.75,0,Normal
2026-08-18 22:25:28,H:79% T:30C,Temp & Humidity,"{""temperature"": 30.0, ""humidity"": 79.0}",-41.0,0.5,0,Normal
2026-08-18 22:25:28,H:79% T:30C,Temp & Humidity,"{""temperature"": 30.0, ""humidity"": 79.0}",-47.0,1.0,0,Normal
2026-08-18 22:25:28,H:79% T:30C,Temp & Humidity,"{""temperature"": 30.0, ""humidity"": 79.0}",-43.0,0.25,0,Normal
2026-08-18 22:25:28,H:79% T:30C,Temp & Humidity,"{""temperature"": 30.0, ""humidity"": 79.0}",-42.0,1.0,0,Normal
2026-08-18 22:25:28,H:79% T:30C,Temp & Humidity,"{""temperature"": 30.0, ""humidity"": 79.0}",-40.0,0.75,0,Normal
2026-08-18 22:25:28,H:79% T:30C,Temp & Humidity,"{""temperature"": 30.0, ""humidity"": 79.0}",-41.0,0.75,0,Normal
2026-08-18 22:25:28,H:79% T:30C,Temp & Humidity,"{""temperature"": 30.0, ""humidity"": 79.0}",-46.0,0.75,0,Normal
2026-08-18 22:25:28,H:79% T:30C,Temp & Humidity,"{""temperature"": 30.0, ""humidity"": 79.0}",-46.0,1.0,0,Normal
2026-08-18 22:25:28,H:79% T:30C,Temp & Humidity,"{""temperature"": 30.0, ""humidity"": 79.0}",-45.0,1.0,0,Normal
2026-08-18 22:25:28,H:79% T:30C,Temp & Humidity,"{""temperature"": 30.0, ""humidity"": 79.0}",-39.0,1.0,0,Normal
2026-08-18 22:25:28,H:79% T:30C,Temp & Humidity,"{""temperature"": 30.0, ""humidity"": 79.0}",-41.0,0.75,0,Normal
2026-08-18 22:25:28,H:79% T:30C,Temp & Humidity,"{""temperature"": 30.0, ""humidity"": 79.0}",-48.0,0.5,0,Normal
2026-08-18 22:25:28,H:79% T:30C,Temp & Humidity,"{""temperature"": 30.0, ""humidity"": 79.0}",-37.5,-0.5,0,Normal
2026-08-18 22:25:28,H:79% T:30C,Temp & Humidity,"{""temperature"": 30.0, ""humidity"": 79.0}",-47.25,-0.25,0,Normal
2026-08-18 22:25:28,H:79% T:30C,Temp & Humidity,"{""temperature"": 30.0, ""humidity"": 79.0}",-41.0,0.0,0,Normal
2026-08-18 22:25:28,H:79% T:30C,Temp & Humidity,"{""temperature"": 30.0, ""humidity"": 79.0}",-42.0,6.25,0,Normal
2026-08-18 22:25:28,H:79% T:30C,Temp & Humidity,"{""temperature"": 30.0, ""humidity"": 79.0}",-42.0,0.75,0,Normal
2026-08-18 22:25:28,H:79% T:30C,Temp & Humidity,"{""temperature"": 30.0, ""humidity"": 79.0}",-45.0,0.5,0,Normal
2026-08-18 22:25:28,H:79% T:30C,Temp & Humidity,"{""temperature"": 30.0, ""humidity"": 79.0}",-47.0,3.0,0,Normal
2026-08-18 22:25:28,H:79% T:30C,Temp & Humidity,"{""temperature"": 30.0, ""humidity"": 79.0}",-42.0,2.5,0,Normal
2026-08-18 22:25:28,H:79% T:30C,Temp & Humidity,"{""temperature"": 30.0, ""humidity"": 79.0}",-41.0,1.5,0,Normal
2026-08-18 22:25:28,H:79% T:30C,Temp & Humidity,"{""temperature"": 30.0, ""humidity"": 79.0}",-41.0,1.5,0,Normal
2026-08-18 22:25:28,H:79% T:30C,Temp & Humidity,"{""temperature"": 30.0, ""humidity"": 79.0}",-41.0,1.5,0,Normal
2026-08-18 22:25:28,H:79% T:30C,Temp & Humidity,"{""temperature"": 30.0, ""humidity"": 79.0}",-48.0,3.0,0,Normal
2026-08-18 22:25:28,H:79% T:30C,Temp & Humidity,"{""temperature"": 30.0, ""humidity"": 79.0}",-42.0,3.75,0,Normal
2026-08-18 22:25:28,H:79% T:30C,Temp & Humidity,"{""temperature"": 30.0, ""humidity"": 79.0}",-44.0,3.75,0,Normal
2026-08-18 22:25:28,H:79% T:30C,Temp & Humidity,"{""temperature"": 30.0, ""humidity"": 79.0}",-42.0,1.5,0,Normal
2026-08-18 22:25:28,H:79% T:30C,Temp & Humidity,"{""temperature"": 30.0, ""humidity"": 79.0}",-42.0,4.0,0,Normal
2026-08-18 22:25:28,H:79% T:30C,Temp & Humidity,"{""temperature"": 30.0, ""humidity"": 79.0}",-41.0,0.75,0,Normal
2026-08-18 22:25:28,H:79% T:30C,Temp & Humidity,"{""temperature"": 30.0, ""humidity"": 79.0}",-42.0,1.0,0,Normal
2026-08-18 22:25:28,H:79% T:30C,Temp & Humidity,"{""temperature"": 30.0, ""humidity"": 79.0}",-50.0,2.0,0,Normal
2026-08-18 22:25:28,H:79% T:30C,Temp & Humidity,"{""temperature"": 30.0, ""humidity"": 79.0}",-43.0,0.5,0,Normal
2026-08-18 22:25:28,H:79% T:30C,Temp & Humidity,"{""temperature"": 30.0, ""humidity"": 79.0}",-47.0,3.5,0,Normal
2026-08-18 22:25:28,H:79% T:30C,Temp & Humidity,"{""temperature"": 30.0, ""humidity"": 79.0}",-48.0,2.5,0,Normal
2026-08-18 22:25:28,H:79% T:30C,Temp & Humidity,"{""temperature"": 30.0, ""humidity"": 79.0}",-41.0,2.25,0,Normal
2026-08-18 22:25:28,H:79% T:30C,Temp & Humidity,"{""temperature"": 30.0, ""humidity"": 79.0}",-41.0,2.0,0,Normal
2026-08-18 22:25:28,H:79% T:30C,Temp & Humidity,"{""temperature"": 30.0, ""humidity"": 79.0}",-44.0,3.0,0,Normal
2026-08-18 22:25:28,H:79% T:30C,Temp & Humidity,"{""temperature"": 30.0, ""humidity"": 79.0}",-41.0,3.0,0,Normal
2026-08-18 22:25:28,H:79% T:30C,Temp & Humidity,"{""temperature"": 30.0, ""humidity"": 79.0}",-49.0,2.0,0,Normal
2026-08-18 22:25:28,H:79% T:30C,Temp & Humidity,"{""temperature"": 30.0, ""humidity"": 79.0}",-43.0,2.0,0,Normal
2026-08-18 22:25:28,H:79% T:30C,Temp & Humidity,"{""temperature"": 30.0, ""humidity"": 79.0}",-46.0,1.25,0,Normal
2026-08-18 22:25:28,H:79% T:30C,Temp & Humidity,"{""temperature"": 30.0, ""humidity"": 79.0}",-48.0,2.0,0,Normal
2026-08-18 22:25:28,H:79% T:30C,Temp & Humidity,"{""temperature"": 30.0, ""humidity"": 79.0}",-41.0,1.75,0,Normal
2026-08-18 22:25:28,H:79% T:30C,Temp & Humidity,"{""temperature"": 30.0, ""humidity"": 79.0}",-44.0,1.5,0,Normal
2026-08-18 22:25:28,H:79% T:30C,Temp & Humidity,"{""temperature"": 30.0, ""humidity"": 79.0}",-42.0,1.75,0,Normal
2026-08-18 22:25:28,H:79% T:30C,Temp & Humidity,"{""temperature"": 30.0, ""humidity"": 79.0}",-42.0,2.0,0,Normal
2026-08-18 22:25:28,H:79% T:30C,Temp & Humidity,"{""temperature"": 30.0, ""humidity"": 79.0}",-48.0,1.75,0,Normal
2026-08-18 22:25:28,H:79% T:30C,Temp & Humidity,"{""temperature"": 30.0, ""humidity"": 79.0}",-41.0,2.25,0,Normal
2026-08-18 22:25:28,H:79% T:30C,Temp & Humidity,"{""temperature"": 30.0, ""humidity"": 79.0}",-41.0,4.0,0,Normal
2026-08-18 22:25:28,H:79% T:30C,Temp & Humidity,"{""temperature"": 30.0, ""humidity"": 79.0}",-42.0,7.25,0,Normal
2026-08-18 22:25:28,H:79% T:30C,Temp & Humidity,"{""temperature"": 30.0, ""humidity"": 79.0}",-41.0,0.0,0,Normal
2026-08-18 22:25:28,H:79% T:30C,Temp & Humidity,"{""temperature"": 30.0, ""humidity"": 79.0}",-42.0,0.5,0,Normal
2026-08-18 22:25:28,H:79% T:30C,Temp & Humidity,"{""temperature"": 30.0, ""humidity"": 79.0}",-41.0,4.25,0,Normal
2026-08-18 22:25:28,H:79% T:30C,Temp & Humidity,"{""temperature"": 30.0, ""humidity"": 79.0}",-42.0,3.0,0,Normal
2026-08-18 22:25:28,H:79% T:30C,Temp & Humidity,"{""temperature"": 30.0, ""humidity"": 79.0}",-42.0,3.75,0,Normal
2026-08-18 22:25:28,H:79% T:30C,Temp & Humidity,"{""temperature"": 30.0, ""humidity"": 79.0}",-41.0,3.75,0,Normal
2026-08-18 22:25:28,H:79% T:30C,Temp & Humidity,"{""temperature"": 30.0, ""humidity"": 79.0}",-47.0,3.5,0,Normal
2026-08-18 22:25:28,H:79% T:30C,Temp & Humidity,"{""temperature"": 30.0, ""humidity"": 79.0}",-43.0,3.0,0,Normal
2026-08-18 22:25:28,H:79% T:30C,Temp & Humidity,"{""temperature"": 30.0, ""humidity"": 79.0}",-42.0,3.0,0,Normal
2026-08-18 22:25:28,H:79% T:30C,Temp & Humidity,"{""temperature"": 30.0, ""humidity"": 79.0}",-42.0,3.75,0,Normal
2026-08-18 22:25:28,H:79% T:30C,Temp & Humidity,"{""temperature"": 30.0, ""humidity"": 79.0}",-42.0,2.75,0,Normal
2026-08-18 22:25:28,H:79% T:30C,Temp & Humidity,"{""temperature"": 30.0, ""humidity"": 79.0}",-48.0,4.0,0,Normal
2026-08-18 22:25:28,H:79% T:30C,Temp & Humidity,"{""temperature"": 30.0, ""humidity"": 79.0}",-42.0,4.0,0,Normal
2026-08-18 22:25:28,H:79% T:30C,Temp & Humidity,"{""temperature"": 30.0, ""humidity"": 79.0}",-41.0,2.75,0,Normal
2026-08-18 22:25:28,H:79% T:30C,Temp & Humidity,"{""temperature"": 30.0, ""humidity"": 79.0}",-42.0,4.25,0,Normal
2026-08-18 22:25:28,H:79% T:30C,Temp & Humidity,"{""temperature"": 30.0, ""humidity"": 79.0}",-48.0,1.25,0,Normal
2026-08-18 22:25:28,H:79% T:30C,Temp & Humidity,"{""temperature"": 30.0, ""humidity"": 79.0}",-47.0,0.25,0,Normal
2026-08-18 22:25:28,H:79% T:30C,Temp & Humidity,"{""temperature"": 30.0, ""humidity"": 79.0}",-38.0,-1.0,0,Normal
2026-08-18 22:25:28,H:79% T:30C,Temp & Humidity,"{""temperature"": 30.0, ""humidity"": 79.0}",-38.0,0.0,0,Normal
2026-08-18 22:25:28,H:79% T:30C,Temp & Humidity,"{""temperature"": 30.0, ""humidity"": 79.0}",-38.75,-0.75,0,Normal
2026-08-18 22:25:28,H:79% T:30C,Temp & Humidity,"{""temperature"": 30.0, ""humidity"": 79.0}",-39.5,-0.5,0,Normal
2026-08-18 22:25:28,H:79% T:30C,Temp & Humidity,"{""temperature"": 30.0, ""humidity"": 79.0}",-48.0,-1.0,0,Normal
2026-08-18 22:25:28,H:79% T:30C,Temp & Humidity,"{""temperature"": 30.0, ""humidity"": 79.0}",-36.0,-1.0,0,Normal
2026-08-18 22:25:28,H:79% T:30C,Temp & Humidity,"{""temperature"": 30.0, ""humidity"": 79.0}",-45.5,-1.5,0,Normal
2026-08-18 22:25:28,H:79% T:30C,Temp & Humidity,"{""temperature"": 30.0, ""humidity"": 79.0}",-43.75,-0.75,0,Normal
2026-08-18 22:25:28,H:79% T:30C,Temp & Humidity,"{""temperature"": 30.0, ""humidity"": 79.0}",-39.0,0.0,0,Normal
2026-08-18 22:25:28,H:79% T:30C,Temp & Humidity,"{""temperature"": 30.0, ""humidity"": 79.0}",-41.75,-0.75,0,Normal
2026-08-18 22:25:28,H:79% T:30C,Temp & Humidity,"{""temperature"": 30.0, ""humidity"": 79.0}",-45.5,-0.5,0,Normal
2026-08-18 22:25:28,H:79% T:30C,Temp & Humidity,"{""temperature"": 30.0, ""humidity"": 79.0}",-39.25,-1.25,0,Normal
2026-08-18 22:25:28,H:79% T:30C,Temp & Humidity,"{""temperature"": 30.0, ""humidity"": 79.0}",-47.0,0.25,0,Normal
2026-08-18 22:25:28,H:79% T:30C,Temp & Humidity,"{""temperature"": 30.0, ""humidity"": 79.0}",-41.25,-0.25,0,Normal
2026-08-18 22:25:28,H:79% T:30C,Temp & Humidity,"{""temperature"": 30.0, ""humidity"": 79.0}",-45.0,0.0,0,Normal
2026-08-18 22:25:28,H:79% T:30C,Temp & Humidity,"{""temperature"": 30.0, ""humidity"": 79.0}",-40.0,0.5,0,Normal
2026-08-18 22:25:28,H:79% T:30C,Temp & Humidity,"{""temperature"": 30.0, ""humidity"": 79.0}",-41.0,0.5,0,Normal
2026-08-18 22:25:28,H:79% T:30C,Temp & Humidity,"{""temperature"": 30.0, ""humidity"": 79.0}",-42.0,0.25,0,Normal
2026-08-18 22:25:28,H:79% T:30C,Temp & Humidity,"{""temperature"": 30.0, ""humidity"": 79.0}",-40.25,-1.25,0,Normal
2026-08-18 22:25:28,H:79% T:30C,Temp & Humidity,"{""temperature"": 30.0, ""humidity"": 79.0}",-42.0,7.75,0,Normal
2026-08-18 22:25:28,H:79% T:30C,Temp & Humidity,"{""temperature"": 30.0, ""humidity"": 79.0}",-42.0,0.25,0,Normal
2026-08-18 22:25:28,H:79% T:30C,Temp & Humidity,"{""temperature"": 30.0, ""humidity"": 79.0}",-41.0,0.5,0,Normal
2026-08-18 22:25:28,H:79% T:30C,Temp & Humidity,"{""temperature"": 30.0, ""humidity"": 79.0}",-45.25,-0.25,0,Normal
2026-08-18 22:25:28,H:79% T:30C,Temp & Humidity,"{""temperature"": 30.0, ""humidity"": 79.0}",-38.25,-0.25,0,Normal
2026-08-18 22:25:28,H:79% T:30C,Temp & Humidity,"{""temperature"": 30.0, ""humidity"": 79.0}",-39.0,-1.0,0,Normal
2026-08-18 22:25:28,H:79% T:30C,Temp & Humidity,"{""temperature"": 30.0, ""humidity"": 79.0}",-40.0,-1.0,0,Normal
2026-08-18 22:25:28,H:79% T:30C,Temp & Humidity,"{""temperature"": 30.0, ""humidity"": 79.0}",-39.0,-1.0,0,Normal
2026-08-18 22:25:28,H:79% T:30C,Temp & Humidity,"{""temperature"": 30.0, ""humidity"": 79.0}",-38.75,-0.75,0,Normal
2026-08-18 22:25:28,H:79% T:30C,Temp & Humidity,"{""temperature"": 30.0, ""humidity"": 79.0}",-39.25,-0.25,0,Normal
2026-08-18 22:25:28,H:79% T:30C,Temp & Humidity,"{""temperature"": 30.0, ""humidity"": 79.0}",-39.25,-0.25,0,Normal
2026-08-18 22:25:28,H:79% T:30C,Temp & Humidity,"{""temperature"": 30.0, ""humidity"": 79.0}",-38.0,0.5,0,Normal
2026-08-18 22:25:28,H:79% T:30C,Temp & Humidity,"{""temperature"": 30.0, ""humidity"": 79.0}",-44.0,0.0,0,Normal
2026-08-18 22:25:28,H:79% T:30C,Temp & Humidity,"{""temperature"": 30.0, ""humidity"": 79.0}",-41.0,0.0,0,Normal
2026-08-18 22:25:28,H:79% T:30C,Temp & Humidity,"{""temperature"": 30.0, ""humidity"": 79.0}",-47.0,0.25,0,Normal
2026-08-18 22:25:28,H:79% T:30C,Temp & Humidity,"{""temperature"": 30.0, ""humidity"": 79.0}",-41.0,1.25,0,Normal
2026-08-18 22:25:28,H:79% T:30C,Temp & Humidity,"{""temperature"": 30.0, ""humidity"": 79.0}",-41.0,1.75,0,Normal
2026-08-18 22:25:28,H:79% T:30C,Temp & Humidity,"{""temperature"": 30.0, ""humidity"": 79.0}",-42.0,3.25,0,Normal
2026-08-18 22:25:28,H:79% T:30C,Temp & Humidity,"{""temperature"": 30.0, ""humidity"": 79.0}",-42.0,1.0,0,Normal
2026-08-18 22:25:28,H:79% T:30C,Temp & Humidity,"{""temperature"": 30.0, ""humidity"": 79.0}",-42.0,1.0,0,Normal
2026-08-18 22:25:28,H:79% T:30C,Temp & Humidity,"{""temperature"": 30.0, ""humidity"": 79.0}",-42.0,1.5,0,Normal
2026-08-18 22:25:28,H:79% T:30C,Temp & Humidity,"{""temperature"": 30.0, ""humidity"": 79.0}",-41.0,1.5,0,Normal
2026-08-18 22:25:28,H:79% T:30C,Temp & Humidity,"{""temperature"": 30.0, ""humidity"": 79.0}",-40.0,0.75,0,Normal
2026-08-18 22:25:28,H:79% T:30C,Temp & Humidity,"{""temperature"": 30.0, ""humidity"": 79.0}",-46.0,0.0,0,Normal
2026-08-18 22:25:28,H:79% T:30C,Temp & Humidity,"{""temperature"": 30.0, ""humidity"": 79.0}",-40.0,0.75,0,Normal
2026-08-18 22:25:28,H:79% T:30C,Temp & Humidity,"{""temperature"": 30.0, ""humidity"": 79.0}",-39.0,0.5,0,Normal
2026-08-18 22:25:28,H:79% T:30C,Temp & Humidity,"{""temperature"": 30.0, ""humidity"": 79.0}",-43.0,1.0,0,Normal
2026-08-18 22:25:28,H:79% T:30C,Temp & Humidity,"{""temperature"": 30.0, ""humidity"": 79.0}",-40.0,1.0,0,Normal
2026-08-18 22:25:28,H:79% T:30C,Temp & Humidity,"{""temperature"": 30.0, ""humidity"": 79.0}",-46.0,0.0,0,Normal
2026-08-18 22:25:28,H:79% T:30C,Temp & Humidity,"{""temperature"": 30.0, ""humidity"": 79.0}",-45.0,0.25,0,Normal
2026-08-18 22:25:28,H:79% T:30C,Temp & Humidity,"{""temperature"": 30.0, ""humidity"": 79.0}",-40.0,0.0,0,Normal
2026-08-18 22:25:28,H:79% T:30C,Temp & Humidity,"{""temperature"": 30.0, ""humidity"": 79.0}",-38.5,-0.5,0,Normal
2026-08-18 22:25:28,H:79% T:30C,Temp & Humidity,"{""temperature"": 30.0, ""humidity"": 79.0}",-45.0,0.0,0,Normal
2026-08-18 22:25:28,H:79% T:30C,Temp & Humidity,"{""temperature"": 30.0, ""humidity"": 79.0}",-39.25,-0.25,0,Normal
2026-08-18 22:25:28,H:79% T:30C,Temp & Humidity,"{""temperature"": 30.0, ""humidity"": 79.0}",-42.75,-0.75,0,Normal
2026-08-18 22:25:28,H:79% T:30C,Temp & Humidity,"{""temperature"": 30.0, ""humidity"": 79.0}",-41.0,0.25,0,Normal
2026-08-18 22:25:28,H:79% T:30C,Temp & Humidity,"{""temperature"": 30.0, ""humidity"": 79.0}",-47.25,-0.25,0,Normal
2026-08-18 22:25:28,H:79% T:30C,Temp & Humidity,"{""temperature"": 30.0, ""humidity"": 79.0}",-41.0,0.25,0,Normal
2026-08-18 22:25:28,H:79% T:30C,Temp & Humidity,"{""temperature"": 30.0, ""humidity"": 79.0}",-40.5,-0.5,0,Normal
2026-08-18 22:25:28,H:79% T:30C,Temp & Humidity,"{""temperature"": 30.0, ""humidity"": 79.0}",-47.75,-0.75,0,Normal
2026-08-18 22:25:28,H:79% T:30C,Temp & Humidity,"{""temperature"": 30.0, ""humidity"": 79.0}",-45.5,-0.5,0,Normal
2026-08-18 22:25:28,H:79% T:30C,Temp & Humidity,"{""temperature"": 30.0, ""humidity"": 79.0}",-47.0,-1.0,0,Normal
2026-08-18 22:25:28,H:79% T:30C,Temp & Humidity,"{""temperature"": 30.0, ""humidity"": 79.0}",-40.5,-0.5,0,Normal
2026-08-18 22:25:28,H:79% T:30C,Temp & Humidity,"{""temperature"": 30.0, ""humidity"": 79.0}",-48.0,0.0,0,Normal
2026-08-18 22:25:28,H:79% T:30C,Temp & Humidity,"{""temperature"": 30.0, ""humidity"": 79.0}",-46.0,0.0,0,Normal
2026-08-18 22:25:28,H:79% T:30C,Temp & Humidity,"{""temperature"": 30.0, ""humidity"": 79.0}",-42.25,-1.25,0,Normal
2026-08-18 22:25:28,H:79% T:30C,Temp & Humidity,"{""temperature"": 30.0, ""humidity"": 79.0}",-40.0,0.5,0,Normal
2026-08-18 22:25:28,H:79% T:30C,Temp & Humidity,"{""temperature"": 30.0, ""humidity"": 79.0}",-47.0,0.0,0,Normal
2026-08-18 22:25:28,H:79% T:30C,Temp & Humidity,"{""temperature"": 30.0, ""humidity"": 79.0}",-40.25,-0.25,0,Normal
2026-08-18 22:25:28,H:79% T:30C,Temp & Humidity,"{""temperature"": 30.0, ""humidity"": 79.0}",-42.0,0.5,0,Normal
2026-08-18 22:25:28,H:79% T:30C,Temp & Humidity,"{""temperature"": 30.0, ""humidity"": 79.0}",-39.5,-0.5,0,Normal
2026-08-18 22:25:28,H:79% T:30C,Temp & Humidity,"{""temperature"": 30.0, ""humidity"": 79.0}",-43.0,0.0,0,Normal
2026-08-18 22:25:28,H:79% T:30C,Temp & Humidity,"{""temperature"": 30.0, ""humidity"": 79.0}",-42.25,-0.25,0,Normal
2026-08-18 22:25:28,H:79% T:30C,Temp & Humidity,"{""temperature"": 30.0, ""humidity"": 79.0}",-40.25,-0.25,0,Normal
2026-08-18 22:25:28,H:79% T:30C,Temp & Humidity,"{""temperature"": 30.0, ""humidity"": 79.0}",-47.0,0.25,0,Normal
2026-08-18 22:25:28,H:79% T:30C,Temp & Humidity,"{""temperature"": 30.0, ""humidity"": 79.0}",-42.0,0.25,0,Normal
2026-08-18 22:25:28,H:79% T:30C,Temp & Humidity,"{""temperature"": 30.0, ""humidity"": 79.0}",-40.0,0.25,0,Normal
2026-08-18 22:25:28,H:79% T:30C,Temp & Humidity,"{""temperature"": 30.0, ""humidity"": 79.0}",-38.0,0.0,0,Normal
2026-08-18 22:25:28,H:79% T:30C,Temp & Humidity,"{""temperature"": 30.0, ""humidity"": 79.0}",-44.0,0.0,0,Normal
2026-08-18 22:25:28,H:79% T:30C,Temp & Humidity,"{""temperature"": 30.0, ""humidity"": 79.0}",-40.25,-0.25,0,Normal
2026-08-18 22:25:28,H:79% T:30C,Temp & Humidity,"{""temperature"": 30.0, ""humidity"": 79.0}",-47.0,0.0,0,Normal
2026-08-18 22:25:28,H:79% T:30C,Temp & Humidity,"{""temperature"": 30.0, ""humidity"": 79.0}",-40.0,0.5,0,Normal
2026-08-18 22:25:28,H:79% T:30C,Temp & Humidity,"{""temperature"": 30.0, ""humidity"": 79.0}",-47.25,-0.25,0,Normal
2026-08-18 22:25:28,H:79% T:30C,Temp & Humidity,"{""temperature"": 30.0, ""humidity"": 79.0}",-41.25,-0.25,0,Normal
2026-08-18 22:25:28,H:79% T:30C,Temp & Humidity,"{""temperature"": 30.0, ""humidity"": 79.0}",-39.0,0.25,0,Normal
2026-08-18 22:25:28,H:79% T:30C,Temp & Humidity,"{""temperature"": 30.0, ""humidity"": 79.0}",-48.5,-0.5,0,Normal
2026-08-18 22:25:28,H:79% T:30C,Temp & Humidity,"{""temperature"": 30.0, ""humidity"": 79.0}",-43.0,0.25,0,Normal
2026-08-18 22:25:28,H:79% T:30C,Temp & Humidity,"{""temperature"": 30.0, ""humidity"": 79.0}",-44.0,0.25,0,Normal
2026-08-18 22:25:28,H:79% T:30C,Temp & Humidity,"{""temperature"": 30.0, ""humidity"": 79.0}",-48.0,2.75,0,Normal
2026-08-18 22:25:28,H:79% T:30C,Temp & Humidity,"{""temperature"": 30.0, ""humidity"": 79.0}",-43.0,9.25,0,Normal
2026-08-18 22:25:28,H:79% T:30C,Temp & Humidity,"{""temperature"": 30.0, ""humidity"": 79.0}",-42.0,9.25,0,Normal
2026-08-18 22:25:28,H:79% T:30C,Temp & Humidity,"{""temperature"": 30.0, ""humidity"": 79.0}",-42.0,9.5,0,Normal
2026-08-18 22:25:28,H:79% T:30C,Temp & Humidity,"{""temperature"": 30.0, ""humidity"": 79.0}",-42.0,9.0,0,Normal
2026-08-18 22:25:28,H:79% T:30C,Temp & Humidity,"{""temperature"": 30.0, ""humidity"": 79.0}",-42.0,9.5,0,Normal
2026-08-18 22:25:28,H:79% T:30C,Temp & Humidity,"{""temperature"": 30.0, ""humidity"": 79.0}",-42.0,9.25,0,Normal
2026-08-18 22:25:28,H:79% T:30C,Temp & Humidity,"{""temperature"": 30.0, ""humidity"": 79.0}",-42.0,9.25,0,Normal
2026-08-18 22:25:28,H:79% T:30C,Temp & Humidity,"{""temperature"": 30.0, ""humidity"": 79.0}",-42.0,9.5,0,Normal
2026-08-18 22:25:28,H:79% T:30C,Temp & Humidity,"{""temperature"": 30.0, ""humidity"": 79.0}",-42.0,9.25,0,Normal
2026-08-18 22:25:28,H:79% T:30C,Temp & Humidity,"{""temperature"": 30.0, ""humidity"": 79.0}",-43.0,9.25,0,Normal
2026-08-18 22:25:28,H:79% T:30C,Temp & Humidity,"{""temperature"": 30.0, ""humidity"": 79.0}",-44.25,-0.25,0,Normal
2026-08-18 22:25:28,H:79% T:30C,Temp & Humidity,"{""temperature"": 30.0, ""humidity"": 79.0}",-40.0,0.0,0,Normal
2026-08-18 22:25:28,H:79% T:30C,Temp & Humidity,"{""temperature"": 30.0, ""humidity"": 79.0}",-39.5,-0.5,0,Normal
2026-08-18 22:25:28,H:79% T:30C,Temp & Humidity,"{""temperature"": 30.0, ""humidity"": 79.0}",-45.0,0.0,0,Normal
2026-08-18 22:25:28,H:79% T:30C,Temp & Humidity,"{""temperature"": 30.0, ""humidity"": 79.0}",-40.0,0.0,0,Normal
2026-08-18 22:25:28,H:79% T:30C,Temp & Humidity,"{""temperature"": 30.0, ""humidity"": 79.0}",-38.5,-0.5,0,Normal
2026-08-18 22:25:28,H:79% T:30C,Temp & Humidity,"{""temperature"": 30.0, ""humidity"": 79.0}",-42.25,-0.25,0,Normal
2026-08-18 22:25:28,H:79% T:30C,Temp & Humidity,"{""temperature"": 30.0, ""humidity"": 79.0}",-46.0,0.0,0,Normal
2026-08-18 22:25:28,H:79% T:30C,Temp & Humidity,"{""temperature"": 30.0, ""humidity"": 79.0}",-45.75,-0.75,0,Normal
2026-08-18 22:25:28,H:79% T:30C,Temp & Humidity,"{""temperature"": 30.0, ""humidity"": 79.0}",-38.25,-0.25,0,Normal
2026-08-18 22:25:28,H:79% T:30C,Temp & Humidity,"{""temperature"": 30.0, ""humidity"": 79.0}",-42.5,-0.5,0,Normal
2026-08-18 22:25:28,H:79% T:30C,Temp & Humidity,"{""temperature"": 30.0, ""humidity"": 79.0}",-37.25,-0.25,0,Normal
2026-08-18 22:25:28,H:79% T:30C,Temp & Humidity,"{""temperature"": 30.0, ""humidity"": 79.0}",-38.25,-0.25,0,Normal
2026-08-18 22:25:28,H:79% T:30C,Temp & Humidity,"{""temperature"": 30.0, ""humidity"": 79.0}",-37.25,-0.25,0,Normal
2026-08-18 22:25:28,H:79% T:30C,Temp & Humidity,"{""temperature"": 30.0, ""humidity"": 79.0}",-41.75,-0.75,0,Normal
2026-08-18 22:25:28,H:79% T:30C,Temp & Humidity,"{""temperature"": 30.0, ""humidity"": 79.0}",-45.5,-0.5,0,Normal
2026-08-18 22:25:28,H:79% T:30C,Temp & Humidity,"{""temperature"": 30.0, ""humidity"": 79.0}",-43.25,-0.25,0,Normal
2026-08-18 22:25:28,H:79% T:30C,Temp & Humidity,"{""temperature"": 30.0, ""humidity"": 79.0}",-36.25,-0.25,0,Normal
2026-08-18 22:25:28,H:79% T:30C,Temp & Humidity,"{""temperature"": 30.0, ""humidity"": 79.0}",-37.25,-0.25,0,Normal
2026-08-18 22:25:28,H:79% T:30C,Temp & Humidity,"{""temperature"": 30.0, ""humidity"": 79.0}",-44.0,0.25,0,Normal
2026-08-18 22:25:28,H:79% T:30C,Temp & Humidity,"{""temperature"": 30.0, ""humidity"": 79.0}",-44.0,0.0,0,Normal
2026-08-18 22:25:28,H:79% T:30C,Temp & Humidity,"{""temperature"": 30.0, ""humidity"": 79.0}",-47.5,-0.5,0,Normal
2026-08-18 22:25:28,H:79% T:30C,Temp & Humidity,"{""temperature"": 30.0, ""humidity"": 79.0}",-46.0,0.0,0,Normal
2026-08-18 22:25:28,H:79% T:30C,Temp & Humidity,"{""temperature"": 30.0, ""humidity"": 79.0}",-38.25,-0.25,0,Normal
2026-08-18 22:25:28,H:79% T:30C,Temp & Humidity,"{""temperature"": 30.0, ""humidity"": 79.0}",-49.25,-0.25,0,Normal
2026-08-18 22:25:28,H:79% T:30C,Temp & Humidity,"{""temperature"": 30.0, ""humidity"": 79.0}",-42.0,0.25,0,Normal
2026-08-18 22:25:28,H:79% T:30C,Temp & Humidity,"{""temperature"": 30.0, ""humidity"": 79.0}",-39.25,-0.25,0,Normal
2026-08-18 22:25:28,H:79% T:30C,Temp & Humidity,"{""temperature"": 30.0, ""humidity"": 79.0}",-46.25,-0.25,0,Normal
2026-08-18 22:25:28,H:79% T:30C,Temp & Humidity,"{""temperature"": 30.0, ""humidity"": 79.0}",-39.25,-0.25,0,Normal
2026-08-18 22:25:28,H:79% T:30C,Temp & Humidity,"{""temperature"": 30.0, ""humidity"": 79.0}",-42.0,9.25,0,Normal
2026-08-18 22:25:28,H:79% T:30C,Temp & Humidity,"{""temperature"": 30.0, ""humidity"": 79.0}",-42.0,9.0,0,Normal
2026-08-18 22:25:28,H:79% T:30C,Temp & Humidity,"{""temperature"": 30.0, ""humidity"": 79.0}",-42.0,9.75,0,Normal
2026-08-18 22:25:28,H:79% T:30C,Temp & Humidity,"{""temperature"": 30.0, ""humidity"": 79.0}",-48.0,7.75,0,Normal
2026-08-18 22:25:28,H:79% T:30C,Temp & Humidity,"{""temperature"": 30.0, ""humidity"": 79.0}",-40.0,9.5,0,Normal
2026-08-18 22:25:28,H:79% T:30C,Temp & Humidity,"{""temperature"": 30.0, ""humidity"": 79.0}",-38.0,0.25,0,Normal
2026-08-18 22:25:28,H:79% T:30C,Temp & Humidity,"{""temperature"": 30.0, ""humidity"": 79.0}",-46.5,-0.5,0,Normal
2026-08-18 22:25:28,H:79% T:30C,Temp & Humidity,"{""temperature"": 30.0, ""humidity"": 79.0}",-38.0,-1.0,0,Normal
2026-08-18 22:25:28,H:79% T:30C,Temp & Humidity,"{""temperature"": 30.0, ""humidity"": 79.0}",-40.75,-0.75,0,Normal
2026-08-18 22:25:28,H:79% T:30C,Temp & Humidity,"{""temperature"": 30.0, ""humidity"": 79.0}",-45.5,-0.5,0,Normal
2026-08-18 22:25:28,H:79% T:30C,Temp & Humidity,"{""temperature"": 30.0, ""humidity"": 79.0}",-38.75,-0.75,0,Normal
2026-08-18 22:25:28,H:79% T:30C,Temp & Humidity,"{""temperature"": 30.0, ""humidity"": 79.0}",-37.5,-0.5,0,Normal
2026-08-18 22:25:28,H:79% T:30C,Temp & Humidity,"{""temperature"": 30.0, ""humidity"": 79.0}",-44.25,-0.25,0,Normal
2026-08-18 22:25:28,H:79% T:30C,Temp & Humidity,"{""temperature"": 30.0, ""humidity"": 79.0}",-36.5,-0.5,0,Normal
2026-08-18 22:25:28,H:79% T:30C,Temp & Humidity,"{""temperature"": 30.0, ""humidity"": 79.0}",-46.5,-0.5,0,Normal
2026-08-18 22:25:28,H:79% T:30C,Temp & Humidity,"{""temperature"": 30.0, ""humidity"": 79.0}",-38.5,-0.5,0,Normal
2026-08-18 22:25:28,H:79% T:30C,Temp & Humidity,"{""temperature"": 30.0, ""humidity"": 79.0}",-42.0,8.75,0,Normal
2026-08-18 22:25:28,H:79% T:30C,Temp & Humidity,"{""temperature"": 30.0, ""humidity"": 79.0}",-41.0,9.25,0,Normal
2026-08-18 22:25:28,H:79% T:30C,Temp & Humidity,"{""temperature"": 30.0, ""humidity"": 79.0}",-43.0,9.25,0,Normal
2026-08-18 22:25:28,H:79% T:30C,Temp & Humidity,"{""temperature"": 30.0, ""humidity"": 79.0}",-41.0,9.0,0,Normal
2026-08-18 22:25:28,H:79% T:30C,Temp & Humidity,"{""temperature"": 30.0, ""humidity"": 79.0}",-41.0,9.0,0,Normal
2026-08-18 22:25:28,H:79% T:30C,Temp & Humidity,"{""temperature"": 30.0, ""humidity"": 79.0}",-42.0,9.25,0,Normal
2026-08-18 22:25:28,H:79% T:30C,Temp & Humidity,"{""temperature"": 30.0, ""humidity"": 79.0}",-42.0,9.5,0,Normal
2026-08-18 22:25:28,H:79% T:30C,Temp & Humidity,"{""temperature"": 30.0, ""humidity"": 79.0}",-42.0,9.25,0,Normal
2026-08-18 22:25:28,H:79% T:30C,Temp & Humidity,"{""temperature"": 30.0, ""humidity"": 79.0}",-41.0,9.0,0,Normal
2026-08-18 22:25:28,H:79% T:30C,Temp & Humidity,"{""temperature"": 30.0, ""humidity"": 79.0}",-41.0,9.25,0,Normal
2026-08-18 22:25:28,H:79% T:30C,Temp & Humidity,"{""temperature"": 30.0, ""humidity"": 79.0}",-41.0,9.0,0,Normal
2026-08-18 22:25:28,H:79% T:30C,Temp & Humidity,"{""temperature"": 30.0, ""humidity"": 79.0}",-41.0,9.25,0,Normal
2026-08-18 22:25:28,H:79% T:30C,Temp & Humidity,"{""temperature"": 30.0, ""humidity"": 79.0}",-41.0,9.0,0,Normal
2026-08-18 22:25:28,H:79% T:30C,Temp & Humidity,"{""temperature"": 30.0, ""humidity"": 79.0}",-42.0,9.0,0,Normal
2026-08-18 22:25:28,H:79% T:30C,Temp & Humidity,"{""temperature"": 30.0, ""humidity"": 79.0}",-41.0,9.0,0,Normal
2026-08-18 22:25:28,H:79% T:30C,Temp & Humidity,"{""temperature"": 30.0, ""humidity"": 79.0}",-41.0,9.0,0,Normal
2026-08-18 22:25:28,H:79% T:30C,Temp & Humidity,"{""temperature"": 30.0, ""humidity"": 79.0}",-41.0,9.0,0,Normal
2026-08-18 22:25:28,H:79% T:30C,Temp & Humidity,"{""temperature"": 30.0, ""humidity"": 79.0}",-42.0,10.0,0,Normal
2026-08-18 22:25:28,H:79% T:30C,Temp & Humidity,"{""temperature"": 30.0, ""humidity"": 79.0}",-41.0,9.0,0,Normal
2026-08-18 22:25:28,H:79% T:30C,Temp & Humidity,"{""temperature"": 30.0, ""humidity"": 79.0}",-41.0,9.25,0,Normal
2026-08-18 22:25:28,H:79% T:30C,Temp & Humidity,"{""temperature"": 30.0, ""humidity"": 79.0}",-41.0,9.0,0,Normal
2026-08-18 22:25:28,H:79% T:30C,Temp & Humidity,"{""temperature"": 30.0, ""humidity"": 79.0}",-41.0,9.0,0,Normal
2026-08-18 22:25:28,H:79% T:30C,Temp & Humidity,"{""temperature"": 30.0, ""humidity"": 79.0}",-41.0,9.25,0,Normal
2026-08-18 22:25:28,H:79% T:30C,Temp & Humidity,"{""temperature"": 30.0, ""humidity"": 79.0}",-41.0,9.25,0,Normal
2026-08-18 22:25:28,H:79% T:30C,Temp & Humidity,"{""temperature"": 30.0, ""humidity"": 79.0}",-42.0,8.75,0,Normal
2026-08-18 22:25:28,H:79% T:30C,Temp & Humidity,"{""temperature"": 30.0, ""humidity"": 79.0}",-47.0,9.25,0,Normal
2026-08-18 22:25:28,H:79% T:30C,Temp & Humidity,"{""temperature"": 30.0, ""humidity"": 79.0}",-42.0,9.25,0,Normal
2026-08-18 22:25:28,H:79% T:30C,Temp & Humidity,"{""temperature"": 30.0, ""humidity"": 79.0}",-42.0,9.25,0,Normal
2026-08-18 22:25:28,H:79% T:30C,Temp & Humidity,"{""temperature"": 30.0, ""humidity"": 79.0}",-42.0,9.25,0,Normal
2026-08-18 22:25:28,H:79% T:30C,Temp & Humidity,"{""temperature"": 30.0, ""humidity"": 79.0}",-42.0,9.25,0,Normal
2026-08-18 22:25:28,H:79% T:30C,Temp & Humidity,"{""temperature"": 30.0, ""humidity"": 79.0}",-42.0,9.0,0,Normal
2026-08-18 22:25:28,H:79% T:30C,Temp & Humidity,"{""temperature"": 30.0, ""humidity"": 79.0}",-41.0,9.25,0,Normal
2026-08-18 22:25:28,H:79% T:30C,Temp & Humidity,"{""temperature"": 30.0, ""humidity"": 79.0}",-42.0,9.5,0,Normal
2026-08-18 22:25:28,H:79% T:30C,Temp & Humidity,"{""temperature"": 30.0, ""humidity"": 79.0}",-41.0,8.75,0,Normal
2026-08-18 22:25:28,H:79% T:30C,Temp & Humidity,"{""temperature"": 30.0, ""humidity"": 79.0}",-42.0,9.75,0,Normal
2026-08-18 22:25:28,H:79% T:30C,Temp & Humidity,"{""temperature"": 30.0, ""humidity"": 79.0}",-42.0,9.25,0,Normal
2026-08-18 22:25:28,H:79% T:30C,Temp & Humidity,"{""temperature"": 30.0, ""humidity"": 79.0}",-44.0,9.75,0,Normal
2026-08-18 22:25:28,H:79% T:30C,Temp & Humidity,"{""temperature"": 30.0, ""humidity"": 79.0}",-40.0,9.0,0,Normal
2026-08-18 22:25:28,H:79% T:30C,Temp & Humidity,"{""temperature"": 30.0, ""humidity"": 79.0}",-40.0,9.25,0,Normal
2026-08-18 22:25:28,H:79% T:30C,Temp & Humidity,"{""temperature"": 30.0, ""humidity"": 79.0}",-40.0,9.0,0,Normal
2026-08-18 22:25:28,H:79% T:30C,Temp & Humidity,"{""temperature"": 30.0, ""humidity"": 79.0}",-40.0,9.25,0,Normal
2026-08-18 22:25:28,H:79% T:30C,Temp & Humidity,"{""temperature"": 30.0, ""humidity"": 79.0}",-40.0,9.25,0,Normal
2026-08-18 22:25:28,H:79% T:30C,Temp & Humidity,"{""temperature"": 30.0, ""humidity"": 79.0}",-41.0,9.25,0,Normal
2026-08-18 22:25:28,H:79% T:30C,Temp & Humidity,"{""temperature"": 30.0, ""humidity"": 79.0}",-43.0,9.0,0,Normal
2026-08-18 22:25:28,H:79% T:30C,Temp & Humidity,"{""temperature"": 30.0, ""humidity"": 79.0}",-42.0,9.5,0,Normal
2026-08-18 22:25:28,H:79% T:30C,Temp & Humidity,"{""temperature"": 30.0, ""humidity"": 79.0}",-42.0,9.5,0,Normal
2026-08-18 22:25:28,H:79% T:30C,Temp & Humidity,"{""temperature"": 30.0, ""humidity"": 79.0}",-42.0,9.5,0,Normal
2026-08-18 22:25:28,H:79% T:30C,Temp & Humidity,"{""temperature"": 30.0, ""humidity"": 79.0}",-42.0,9.5,0,Normal
2026-08-18 22:25:28,H:79% T:30C,Temp & Humidity,"{""temperature"": 30.0, ""humidity"": 79.0}",-42.0,9.5,0,Normal
2026-08-18 22:25:28,H:79% T:30C,Temp & Humidity,"{""temperature"": 30.0, ""humidity"": 79.0}",-42.0,9.25,0,Normal
2026-08-18 22:25:28,H:79% T:30C,Temp & Humidity,"{""temperature"": 30.0, ""humidity"": 79.0}",-43.0,9.0,0,Normal
2026-08-18 22:25:28,H:79% T:30C,Temp & Humidity,"{""temperature"": 30.0, ""humidity"": 79.0}",-42.0,9.0,0,Normal
2026-08-18 22:25:28,H:79% T:30C,Temp & Humidity,"{""temperature"": 30.0, ""humidity"": 79.0}",-43.0,9.25,0,Normal
2026-08-18 22:25:28,H:79% T:30C,Temp & Humidity,"{""temperature"": 30.0, ""humidity"": 79.0}",-43.0,9.25,0,Normal
2026-08-18 22:25:28,H:79% T:30C,Temp & Humidity,"{""temperature"": 30.0, ""humidity"": 79.0}",-43.0,9.25,0,Normal
2026-08-18 22:25:28,H:79% T:30C,Temp & Humidity,"{""temperature"": 30.0, ""humidity"": 79.0}",-43.0,9.75,0,Normal
2026-08-18 22:25:28,H:79% T:30C,Temp & Humidity,"{""temperature"": 30.0, ""humidity"": 79.0}",-43.0,9.25,0,Normal
2026-08-18 22:25:28,H:79% T:30C,Temp & Humidity,"{""temperature"": 30.0, ""humidity"": 79.0}",-43.0,9.25,0,Normal
2026-08-18 22:25:28,H:79% T:30C,Temp & Humidity,"{""temperature"": 30.0, ""humidity"": 79.0}",-43.0,9.0,0,Normal
2026-08-18 22:25:28,H:79% T:30C,Temp & Humidity,"{""temperature"": 30.0, ""humidity"": 79.0}",-43.0,9.25,0,Normal
2026-08-18 22:25:28,H:79% T:30C,Temp & Humidity,"{""temperature"": 30.0, ""humidity"": 79.0}",-42.0,8.75,0,Normal
2026-08-18 22:25:28,H:79% T:30C,Temp & Humidity,"{""temperature"": 30.0, ""humidity"": 79.0}",-43.0,9.75,0,Normal
2026-08-18 22:25:28,H:79% T:30C,Temp & Humidity,"{""temperature"": 30.0, ""humidity"": 79.0}",-43.0,9.25,0,Normal
2026-08-18 22:25:28,H:79% T:30C,Temp & Humidity,"{""temperature"": 30.0, ""humidity"": 79.0}",-43.0,9.0,0,Normal
2026-08-18 22:25:28,H:79% T:30C,Temp & Humidity,"{""temperature"": 30.0, ""humidity"": 79.0}",-43.0,9.25,0,Normal
2026-08-18 22:25:28,H:79% T:30C,Temp & Humidity,"{""temperature"": 30.0, ""humidity"": 79.0}",-43.0,9.5,0,Normal
2026-08-18 22:25:28,H:79% T:30C,Temp & Humidity,"{""temperature"": 30.0, ""humidity"": 79.0}",-43.0,9.75,0,Normal
2026-08-18 22:25:28,H:79% T:30C,Temp & Humidity,"{""temperature"": 30.0, ""humidity"": 79.0}",-43.0,9.25,0,Normal
2026-08-18 22:25:28,H:79% T:30C,Temp & Humidity,"{""temperature"": 30.0, ""humidity"": 79.0}",-43.0,9.5,0,Normal
2026-08-18 22:25:28,H:79% T:30C,Temp & Humidity,"{""temperature"": 30.0, ""humidity"": 79.0}",-43.0,9.25,0,Normal
2026-08-18 22:25:28,H:79% T:30C,Temp & Humidity,"{""temperature"": 30.0, ""humidity"": 79.0}",-48.0,9.25,0,Normal
2026-08-18 22:25:28,H:79% T:30C,Temp & Humidity,"{""temperature"": 30.0, ""humidity"": 79.0}",-43.0,9.25,0,Normal
2026-08-18 22:25:28,H:79% T:30C,Temp & Humidity,"{""temperature"": 30.0, ""humidity"": 79.0}",-40.0,2.25,0,Normal
2026-08-18 22:25:28,H:79% T:30C,Temp & Humidity,"{""temperature"": 30.0, ""humidity"": 79.0}",-43.0,9.75,0,Normal
2026-08-18 22:25:28,H:79% T:30C,Temp & Humidity,"{""temperature"": 30.0, ""humidity"": 79.0}",-43.0,9.25,0,Normal
2026-08-18 22:25:28,H:79% T:30C,Temp & Humidity,"{""temperature"": 30.0, ""humidity"": 79.0}",-43.0,9.0,0,Normal
2026-08-18 22:25:28,H:79% T:30C,Temp & Humidity,"{""temperature"": 30.0, ""humidity"": 79.0}",-43.0,9.5,0,Normal
2026-08-18 22:25:28,H:79% T:30C,Temp & Humidity,"{""temperature"": 30.0, ""humidity"": 79.0}",-43.0,9.0,0,Normal
2026-08-18 22:25:28,H:79% T:30C,Temp & Humidity,"{""temperature"": 30.0, ""humidity"": 79.0}",-43.0,9.75,0,Normal
2026-08-18 22:25:28,H:79% T:30C,Temp & Humidity,"{""temperature"": 30.0, ""humidity"": 79.0}",-48.0,9.0,0,Normal
2026-08-18 22:25:28,H:79% T:30C,Temp & Humidity,"{""temperature"": 30.0, ""humidity"": 79.0}",-43.0,9.75,0,Normal
2026-08-18 22:25:28,H:79% T:30C,Temp & Humidity,"{""temperature"": 30.0, ""humidity"": 79.0}",-43.0,9.5,0,Normal
2026-08-18 22:25:28,H:79% T:30C,Temp & Humidity,"{""temperature"": 30.0, ""humidity"": 79.0}",-43.0,9.5,0,Normal
2026-08-18 22:25:28,H:79% T:30C,Temp & Humidity,"{""temperature"": 30.0, ""humidity"": 79.0}",-43.0,9.25,0,Normal
2026-08-18 22:25:28,H:79% T:30C,Temp & Humidity,"{""temperature"": 30.0, ""humidity"": 79.0}",-43.0,9.75,0,Normal
2026-08-18 22:25:28,H:79% T:30C,Temp & Humidity,"{""temperature"": 30.0, ""humidity"": 79.0}",-43.0,9.25,0,Normal
2026-08-18 22:25:28,H:79% T:30C,Temp & Humidity,"{""temperature"": 30.0, ""humidity"": 79.0}",-43.0,9.25,0,Normal
2026-08-18 22:25:28,H:79% T:30C,Temp & Humidity,"{""temperature"": 30.0, ""humidity"": 79.0}",-43.0,9.25,0,Normal
2026-08-18 22:25:28,H:79% T:30C,Temp & Humidity,"{""temperature"": 30.0, ""humidity"": 79.0}",-43.0,9.0,0,Normal
2026-08-18 22:25:28,H:79% T:30C,Temp & Humidity,"{""temperature"": 30.0, ""humidity"": 79.0}",-43.0,9.25,0,Normal
2026-08-18 22:25:28,H:79% T:30C,Temp & Humidity,"{""temperature"": 30.0, ""humidity"": 79.0}",-43.0,9.25,0,Normal
2026-08-18 22:25:28,H:79% T:30C,Temp & Humidity,"{""temperature"": 30.0, ""humidity"": 79.0}",-43.0,9.25,0,Normal
2026-08-18 22:25:28,H:79% T:30C,Temp & Humidity,"{""temperature"": 30.0, ""humidity"": 79.0}",-43.0,9.0,0,Normal
2026-08-18 22:25:28,H:79% T:30C,Temp & Humidity,"{""temperature"": 30.0, ""humidity"": 79.0}",-43.0,9.25,0,Normal
2026-08-18 22:25:28,H:79% T:30C,Temp & Humidity,"{""temperature"": 30.0, ""humidity"": 79.0}",-43.0,9.25,0,Normal
2026-08-18 22:25:28,H:79% T:30C,Temp & Humidity,"{""temperature"": 30.0, ""humidity"": 79.0}",-43.0,9.25,0,Normal
2026-08-18 22:25:28,H:79% T:30C,Temp & Humidity,"{""temperature"": 30.0, ""humidity"": 79.0}",-43.0,9.0,0,Normal
2026-08-18 22:25:28,H:79% T:30C,Temp & Humidity,"{""temperature"": 30.0, ""humidity"": 79.0}",-43.0,9.0,0,Normal
2026-08-18 22:25:28,H:79% T:30C,Temp & Humidity,"{""temperature"": 30.0, ""humidity"": 79.0}",-43.0,9.25,0,Normal
2026-08-18 22:25:28,H:79% T:30C,Temp & Humidity,"{""temperature"": 30.0, ""humidity"": 79.0}",-43.0,9.0,0,Normal
2026-08-18 22:25:28,H:79% T:30C,Temp & Humidity,"{""temperature"": 30.0, ""humidity"": 79.0}",-39.0,0.0,0,Normal
2026-08-18 22:25:28,H:79% T:30C,Temp & Humidity,"{""temperature"": 30.0, ""humidity"": 79.0}",-43.0,9.0,0,Normal
2026-08-18 22:25:28,H:79% T:30C,Temp & Humidity,"{""temperature"": 30.0, ""humidity"": 79.0}",-42.0,9.25,0,Normal
2026-08-18 22:25:28,H:79% T:30C,Temp & Humidity,"{""temperature"": 30.0, ""humidity"": 79.0}",-40.0,0.0,0,Normal
2026-08-18 22:25:28,H:79% T:30C,Temp & Humidity,"{""temperature"": 30.0, ""humidity"": 79.0}",-47.0,0.25,0,Normal
2026-08-18 22:25:28,H:79% T:30C,Temp & Humidity,"{""temperature"": 30.0, ""humidity"": 79.0}",-43.0,0.5,0,Normal
2026-08-18 22:25:28,H:79% T:30C,Temp & Humidity,"{""temperature"": 30.0, ""humidity"": 79.0}",-41.0,0.75,0,Normal
2026-08-18 22:25:28,H:79% T:30C,Temp & Humidity,"{""temperature"": 30.0, ""humidity"": 79.0}",-39.0,0.25,0,Normal
2026-08-18 22:25:28,H:79% T:30C,Temp & Humidity,"{""temperature"": 30.0, ""humidity"": 79.0}",-43.0,2.25,0,Normal
2026-08-18 22:25:28,H:79% T:30C,Temp & Humidity,"{""temperature"": 30.0, ""humidity"": 79.0}",-43.0,2.0,0,Normal
2026-08-18 22:25:28,H:79% T:30C,Temp & Humidity,"{""temperature"": 30.0, ""humidity"": 79.0}",-40.0,1.0,0,Normal
2026-08-18 22:25:28,H:79% T:30C,Temp & Humidity,"{""temperature"": 30.0, ""humidity"": 79.0}",-40.0,1.0,0,Normal
2026-08-18 22:25:28,H:79% T:30C,Temp & Humidity,"{""temperature"": 30.0, ""humidity"": 79.0}",-40.0,0.25,0,Normal
2026-08-18 22:25:28,H:79% T:30C,Temp & Humidity,"{""temperature"": 30.0, ""humidity"": 79.0}",-41.0,0.5,0,Normal
2026-08-18 22:25:28,H:79% T:30C,Temp & Humidity,"{""temperature"": 30.0, ""humidity"": 79.0}",-43.0,1.0,0,Normal
2026-08-18 22:25:28,H:79% T:30C,Temp & Humidity,"{""temperature"": 30.0, ""humidity"": 79.0}",-40.0,0.25,0,Normal
2026-08-18 22:25:28,H:79% T:30C,Temp & Humidity,"{""temperature"": 30.0, ""humidity"": 79.0}",-49.0,0.25,0,Normal
2026-08-18 22:25:28,H:79% T:30C,Temp & Humidity,"{""temperature"": 30.0, ""humidity"": 79.0}",-46.75,-0.75,0,Normal
2026-08-18 22:25:28,H:79% T:30C,Temp & Humidity,"{""temperature"": 30.0, ""humidity"": 79.0}",-42.0,0.75,0,Normal
2026-08-18 22:25:28,H:79% T:30C,Temp & Humidity,"{""temperature"": 30.0, ""humidity"": 79.0}",-42.0,0.5,0,Normal
2026-08-18 22:25:28,H:79% T:30C,Temp & Humidity,"{""temperature"": 30.0, ""humidity"": 79.0}",-44.0,1.5,0,Normal
2026-08-18 22:25:28,H:79% T:30C,Temp & Humidity,"{""temperature"": 30.0, ""humidity"": 79.0}",-42.0,1.75,0,Normal
2026-08-18 22:25:28,H:79% T:30C,Temp & Humidity,"{""temperature"": 30.0, ""humidity"": 79.0}",-39.0,0.25,0,Normal
2026-08-18 22:25:28,H:79% T:30C,Temp & Humidity,"{""temperature"": 30.0, ""humidity"": 79.0}",-47.0,0.25,0,Normal
2026-08-18 22:25:28,H:79% T:30C,Temp & Humidity,"{""temperature"": 30.0, ""humidity"": 79.0}",-40.0,0.25,0,Normal
2026-08-18 22:25:28,H:79% T:30C,Temp & Humidity,"{""temperature"": 30.0, ""humidity"": 79.0}",-39.0,0.25,0,Normal
2026-08-18 22:25:28,H:79% T:30C,Temp & Humidity,"{""temperature"": 30.0, ""humidity"": 79.0}",-40.0,0.75,0,Normal
2026-08-18 22:25:28,H:79% T:30C,Temp & Humidity,"{""temperature"": 30.0, ""humidity"": 79.0}",-41.0,0.75,0,Normal
2026-08-18 22:25:28,H:79% T:30C,Temp & Humidity,"{""temperature"": 30.0, ""humidity"": 79.0}",-40.0,0.5,0,Normal
2026-08-18 22:25:29,H:79% T:30C,Temp & Humidity,"{""temperature"": 30.0, ""humidity"": 79.0}",-47.0,0.25,0,Normal
2026-08-18 22:25:29,H:79% T:30C,Temp & Humidity,"{""temperature"": 30.0, ""humidity"": 79.0}",-41.0,0.5,0,Normal
2026-08-18 22:25:29,H:79% T:30C,Temp & Humidity,"{""temperature"": 30.0, ""humidity"": 79.0}",-44.0,0.75,0,Normal
2026-08-18 22:25:29,H:79% T:30C,Temp & Humidity,"{""temperature"": 30.0, ""humidity"": 79.0}",-39.0,0.5,0,Normal
2026-08-18 22:25:29,H:79% T:30C,Temp & Humidity,"{""temperature"": 30.0, ""humidity"": 79.0}",-45.0,0.25,0,Normal
2026-08-18 22:25:29,H:79% T:30C,Temp & Humidity,"{""temperature"": 30.0, ""humidity"": 79.0}",-45.0,0.25,0,Normal
2026-08-18 22:25:29,H:79% T:30C,Temp & Humidity,"{""temperature"": 30.0, ""humidity"": 79.0}",-43.0,0.25,0,Normal
2026-08-18 22:25:29,H:79% T:30C,Temp & Humidity,"{""temperature"": 30.0, ""humidity"": 79.0}",-41.0,0.75,0,Normal
2026-08-18 22:25:29,H:79% T:30C,Temp & Humidity,"{""temperature"": 30.0, ""humidity"": 79.0}",-41.0,1.0,0,Normal
2026-08-18 22:25:29,H:79% T:30C,Temp & Humidity,"{""temperature"": 30.0, ""humidity"": 79.0}",-45.0,0.75,0,Normal
2026-08-18 22:25:29,H:79% T:30C,Temp & Humidity,"{""temperature"": 30.0, ""humidity"": 79.0}",-47.0,0.75,0,Normal
2026-08-18 22:25:29,H:79% T:30C,Temp & Humidity,"{""temperature"": 30.0, ""humidity"": 79.0}",-43.0,0.5,0,Normal
2026-08-18 22:25:29,H:79% T:30C,Temp & Humidity,"{""temperature"": 30.0, ""humidity"": 79.0}",-47.0,0.25,0,Normal
2026-08-18 22:25:29,H:79% T:30C,Temp & Humidity,"{""temperature"": 30.0, ""humidity"": 79.0}",-42.0,0.5,0,Normal
2026-08-18 22:25:29,H:79% T:30C,Temp & Humidity,"{""temperature"": 30.0, ""humidity"": 79.0}",-41.0,0.5,0,Normal
2026-08-18 22:25:29,H:79% T:30C,Temp & Humidity,"{""temperature"": 30.0, ""humidity"": 79.0}",-43.0,0.5,0,Normal
2026-08-18 22:25:29,H:79% T:30C,Temp & Humidity,"{""temperature"": 30.0, ""humidity"": 79.0}",-42.0,0.5,0,Normal
2026-08-18 22:25:29,H:79% T:30C,Temp & Humidity,"{""temperature"": 30.0, ""humidity"": 79.0}",-41.0,0.5,0,Normal
2026-08-18 22:25:29,H:79% T:30C,Temp & Humidity,"{""temperature"": 30.0, ""humidity"": 79.0}",-40.0,0.25,0,Normal
2026-08-18 22:25:29,H:79% T:30C,Temp & Humidity,"{""temperature"": 30.0, ""humidity"": 79.0}",-42.0,0.25,0,Normal
2026-08-18 22:25:29,H:79% T:30C,Temp & Humidity,"{""temperature"": 30.0, ""humidity"": 79.0}",-40.0,0.25,0,Normal
2026-08-18 22:25:29,H:79% T:30C,Temp & Humidity,"{""temperature"": 30.0, ""humidity"": 79.0}",-40.0,0.25,0,Normal
2026-08-18 22:25:29,H:79% T:30C,Temp & Humidity,"{""temperature"": 30.0, ""humidity"": 79.0}",-41.0,0.75,0,Normal
2026-08-18 22:25:29,H:79% T:30C,Temp & Humidity,"{""temperature"": 30.0, ""humidity"": 79.0}",-41.0,0.5,0,Normal
2026-08-18 22:25:29,H:79% T:30C,Temp & Humidity,"{""temperature"": 30.0, ""humidity"": 79.0}",-46.0,0.25,0,Normal
2026-08-18 22:25:29,H:79% T:30C,Temp & Humidity,"{""temperature"": 30.0, ""humidity"": 79.0}",-49.0,1.75,0,Normal
2026-08-18 22:25:29,H:79% T:30C,Temp & Humidity,"{""temperature"": 30.0, ""humidity"": 79.0}",-42.0,1.25,0,Normal
2026-08-18 22:25:29,H:79% T:30C,Temp & Humidity,"{""temperature"": 30.0, ""humidity"": 79.0}",-39.0,0.5,0,Normal
2026-08-18 22:25:29,H:79% T:30C,Temp & Humidity,"{""temperature"": 30.0, ""humidity"": 79.0}",-42.0,8.5,0,Normal
2026-08-18 22:25:29,H:79% T:30C,Temp & Humidity,"{""temperature"": 30.0, ""humidity"": 79.0}",-41.0,0.25,0,Normal
2026-08-18 22:25:29,H:79% T:30C,Temp & Humidity,"{""temperature"": 30.0, ""humidity"": 79.0}",-48.0,6.75,0,Normal
2026-08-18 22:25:29,H:79% T:30C,Temp & Humidity,"{""temperature"": 30.0, ""humidity"": 79.0}",-44.0,1.25,0,Normal
2026-08-18 22:25:29,H:79% T:30C,Temp & Humidity,"{""temperature"": 30.0, ""humidity"": 79.0}",-44.0,9.0,0,Normal
2026-08-18 22:25:29,H:79% T:30C,Temp & Humidity,"{""temperature"": 30.0, ""humidity"": 79.0}",-43.0,9.5,0,Normal
2026-08-18 22:25:29,H:79% T:30C,Temp & Humidity,"{""temperature"": 30.0, ""humidity"": 79.0}",-43.0,9.25,0,Normal
2026-08-18 22:25:29,H:79% T:30C,Temp & Humidity,"{""temperature"": 30.0, ""humidity"": 79.0}",-48.0,9.5,0,Normal
2026-08-18 22:25:29,H:79% T:30C,Temp & Humidity,"{""temperature"": 30.0, ""humidity"": 79.0}",-43.0,9.25,0,Normal
2026-08-18 22:25:29,H:79% T:30C,Temp & Humidity,"{""temperature"": 30.0, ""humidity"": 79.0}",-43.0,9.25,0,Normal
2026-08-18 22:25:29,H:79% T:30C,Temp & Humidity,"{""temperature"": 30.0, ""humidity"": 79.0}",-43.0,9.25,0,Normal
2026-08-18 22:25:29,H:79% T:30C,Temp & Humidity,"{""temperature"": 30.0, ""humidity"": 79.0}",-43.0,9.5,0,Normal
2026-08-18 22:25:29,H:79% T:30C,Temp & Humidity,"{""temperature"": 30.0, ""humidity"": 79.0}",-43.0,9.25,0,Normal
2026-08-18 22:25:29,H:79% T:30C,Temp & Humidity,"{""temperature"": 30.0, ""humidity"": 79.0}",-43.0,9.25,0,Normal
2026-08-18 22:25:29,H:79% T:30C,Temp & Humidity,"{""temperature"": 30.0, ""humidity"": 79.0}",-44.0,9.5,0,Normal
2026-08-18 22:25:29,H:79% T:30C,Temp & Humidity,"{""temperature"": 30.0, ""humidity"": 79.0}",-43.0,9.5,0,Normal
2026-08-18 22:25:29,H:79% T:30C,Temp & Humidity,"{""temperature"": 30.0, ""humidity"": 79.0}",-40.0,0.5,0,Normal
2026-08-18 22:25:29,H:79% T:30C,Temp & Humidity,"{""temperature"": 30.0, ""humidity"": 79.0}",-44.0,4.0,0,Normal
2026-08-18 22:25:29,H:79% T:30C,Temp & Humidity,"{""temperature"": 30.0, ""humidity"": 79.0}",-41.0,2.25,0,Normal
2026-08-18 22:25:29,H:79% T:30C,Temp & Humidity,"{""temperature"": 30.0, ""humidity"": 79.0}",-41.0,0.5,0,Normal
2026-08-18 22:25:29,H:79% T:30C,Temp & Humidity,"{""temperature"": 30.0, ""humidity"": 79.0}",-41.0,0.75,0,Normal
2026-08-18 22:25:29,H:79% T:30C,Temp & Humidity,"{""temperature"": 30.0, ""humidity"": 79.0}",-45.0,0.75,0,Normal
2026-08-18 22:25:29,H:79% T:30C,Temp & Humidity,"{""temperature"": 30.0, ""humidity"": 79.0}",-41.0,3.25,0,Normal
2026-08-18 22:25:29,H:79% T:30C,Temp & Humidity,"{""temperature"": 30.0, ""humidity"": 79.0}",-49.0,0.75,0,Normal
2026-08-18 22:25:29,H:79% T:30C,Temp & Humidity,"{""temperature"": 30.0, ""humidity"": 79.0}",-46.0,0.25,0,Normal
2026-08-18 22:25:29,H:79% T:30C,Temp & Humidity,"{""temperature"": 30.0, ""humidity"": 79.0}",-39.0,0.25,0,Normal
2026-08-18 22:25:29,H:79% T:30C,Temp & Humidity,"{""temperature"": 30.0, ""humidity"": 79.0}",-41.0,1.5,0,Normal
2026-08-18 22:25:29,H:79% T:30C,Temp & Humidity,"{""temperature"": 30.0, ""humidity"": 79.0}",-41.0,7.5,0,Normal
2026-08-18 22:25:29,H:79% T:30C,Temp & Humidity,"{""temperature"": 30.0, ""humidity"": 79.0}",-41.0,1.75,0,Normal
2026-08-18 22:25:29,H:79% T:30C,Temp & Humidity,"{""temperature"": 30.0, ""humidity"": 79.0}",-42.0,2.75,0,Normal
2026-08-18 22:25:29,H:79% T:30C,Temp & Humidity,"{""temperature"": 30.0, ""humidity"": 79.0}",-40.0,2.25,0,Normal
2026-08-18 22:25:29,H:79% T:30C,Temp & Humidity,"{""temperature"": 30.0, ""humidity"": 79.0}",-40.0,0.5,0,Normal
2026-08-18 22:25:29,H:79% T:30C,Temp & Humidity,"{""temperature"": 30.0, ""humidity"": 79.0}",-46.0,0.0,0,Normal
2026-08-18 22:25:29,H:79% T:30C,Temp & Humidity,"{""temperature"": 30.0, ""humidity"": 79.0}",-46.0,0.5,0,Normal
2026-08-18 22:25:29,H:79% T:30C,Temp & Humidity,"{""temperature"": 30.0, ""humidity"": 79.0}",-41.0,0.25,0,Normal
2026-08-18 22:25:29,H:79% T:30C,Temp & Humidity,"{""temperature"": 30.0, ""humidity"": 79.0}",-41.0,0.5,0,Normal
2026-08-18 22:25:29,H:79% T:30C,Temp & Humidity,"{""temperature"": 30.0, ""humidity"": 79.0}",-39.0,0.75,0,Normal
2026-08-18 22:25:29,H:79% T:30C,Temp & Humidity,"{""temperature"": 30.0, ""humidity"": 79.0}",-40.0,0.5,0,Normal
2026-08-18 22:25:29,H:79% T:30C,Temp & Humidity,"{""temperature"": 30.0, ""humidity"": 79.0}",-49.0,0.75,0,Normal
2026-08-18 22:25:29,H:79% T:30C,Temp & Humidity,"{""temperature"": 30.0, ""humidity"": 79.0}",-42.0,4.75,0,Normal
2026-08-18 22:25:29,H:79% T:30C,Temp & Humidity,"{""temperature"": 30.0, ""humidity"": 79.0}",-40.5,-0.5,0,Normal
2026-08-18 22:25:29,H:79% T:30C,Temp & Humidity,"{""temperature"": 30.0, ""humidity"": 79.0}",-40.25,-0.25,0,Normal
2026-08-18 22:25:29,H:79% T:30C,Temp & Humidity,"{""temperature"": 30.0, ""humidity"": 79.0}",-41.5,-0.5,0,Normal
2026-08-18 22:25:29,H:79% T:30C,Temp & Humidity,"{""temperature"": 30.0, ""humidity"": 79.0}",-44.5,-0.5,0,Normal
2026-08-18 22:25:29,H:79% T:30C,Temp & Humidity,"{""temperature"": 30.0, ""humidity"": 79.0}",-46.5,-0.5,0,Normal
2026-08-18 22:25:29,H:79% T:30C,Temp & Humidity,"{""temperature"": 30.0, ""humidity"": 79.0}",-46.75,-0.75,0,Normal
2026-08-18 22:25:29,H:79% T:30C,Temp & Humidity,"{""temperature"": 30.0, ""humidity"": 79.0}",-44.25,-0.25,0,Normal
2026-08-18 22:25:29,H:79% T:30C,Temp & Humidity,"{""temperature"": 30.0, ""humidity"": 79.0}",-48.5,-0.5,0,Normal
2026-08-18 22:25:29,H:79% T:30C,Temp & Humidity,"{""temperature"": 30.0, ""humidity"": 79.0}",-45.5,-0.5,0,Normal
2026-08-18 22:25:29,H:79% T:30C,Temp & Humidity,"{""temperature"": 30.0, ""humidity"": 79.0}",-45.25,-0.25,0,Normal
2026-08-18 22:25:29,H:79% T:30C,Temp & Humidity,"{""temperature"": 30.0, ""humidity"": 79.0}",-39.25,-0.25,0,Normal
2026-08-18 22:25:29,H:79% T:30C,Temp & Humidity,"{""temperature"": 30.0, ""humidity"": 79.0}",-45.5,-0.5,0,Normal
2026-08-18 22:25:29,H:79% T:30C,Temp & Humidity,"{""temperature"": 30.0, ""humidity"": 79.0}",-39.5,-0.5,0,Normal
2026-08-18 22:25:29,H:79% T:30C,Temp & Humidity,"{""temperature"": 30.0, ""humidity"": 79.0}",-38.5,-0.5,0,Normal
2026-08-18 22:25:29,H:79% T:30C,Temp & Humidity,"{""temperature"": 30.0, ""humidity"": 79.0}",-40.5,-0.5,0,Normal
2026-08-18 22:25:29,H:79% T:30C,Temp & Humidity,"{""temperature"": 30.0, ""humidity"": 79.0}",-41.25,-0.25,0,Normal
2026-08-18 22:25:29,H:79% T:30C,Temp & Humidity,"{""temperature"": 30.0, ""humidity"": 79.0}",-37.25,-0.25,0,Normal
2026-08-18 22:25:29,H:79% T:30C,Temp & Humidity,"{""temperature"": 30.0, ""humidity"": 79.0}",-46.5,-0.5,0,Normal
2026-08-18 22:25:29,H:79% T:30C,Temp & Humidity,"{""temperature"": 30.0, ""humidity"": 79.0}",-42.0,9.0,0,Normal
2026-08-18 22:25:29,H:79% T:30C,Temp & Humidity,"{""temperature"": 30.0, ""humidity"": 79.0}",-42.0,9.5,0,Normal
2026-08-18 22:25:29,H:79% T:30C,Temp & Humidity,"{""temperature"": 30.0, ""humidity"": 79.0}",-43.0,9.25,0,Normal
2026-08-18 22:25:29,H:79% T:30C,Temp & Humidity,"{""temperature"": 30.0, ""humidity"": 79.0}",-42.0,9.25,0,Normal
2026-08-18 22:25:29,H:79% T:30C,Temp & Humidity,"{""temperature"": 30.0, ""humidity"": 79.0}",-42.0,9.25,0,Normal
2026-08-18 22:25:29,H:79% T:30C,Temp & Humidity,"{""temperature"": 30.0, ""humidity"": 79.0}",-42.0,9.25,0,Normal
2026-08-18 22:25:29,H:79% T:30C,Temp & Humidity,"{""temperature"": 30.0, ""humidity"": 79.0}",-43.0,9.0,0,Normal
2026-08-18 22:25:29,H:79% T:30C,Temp & Humidity,"{""temperature"": 30.0, ""humidity"": 79.0}",-43.0,9.25,0,Normal
2026-08-18 22:25:29,H:79% T:30C,Temp & Humidity,"{""temperature"": 30.0, ""humidity"": 79.0}",-46.25,-0.25,0,Normal
2026-08-18 22:25:29,H:79% T:30C,Temp & Humidity,"{""temperature"": 30.0, ""humidity"": 79.0}",-40.25,-0.25,0,Normal
2026-08-18 22:25:29,H:79% T:30C,Temp & Humidity,"{""temperature"": 30.0, ""humidity"": 79.0}",-40.5,-0.5,0,Normal
2026-08-18 22:25:29,H:79% T:30C,Temp & Humidity,"{""temperature"": 30.0, ""humidity"": 79.0}",-42.25,-0.25,0,Normal
2026-08-18 22:25:29,H:79% T:30C,Temp & Humidity,"{""temperature"": 30.0, ""humidity"": 79.0}",-45.25,-1.25,0,Normal
2026-08-18 22:25:29,H:79% T:30C,Temp & Humidity,"{""temperature"": 30.0, ""humidity"": 79.0}",-45.5,-0.5,0,Normal
2026-08-18 22:25:29,H:79% T:30C,Temp & Humidity,"{""temperature"": 30.0, ""humidity"": 79.0}",-42.0,0.0,0,Normal
2026-08-18 22:25:29,H:79% T:30C,Temp & Humidity,"{""temperature"": 30.0, ""humidity"": 79.0}",-41.0,-1.0,0,Normal
2026-08-18 22:25:29,H:79% T:30C,Temp & Humidity,"{""temperature"": 30.0, ""humidity"": 79.0}",-37.5,-0.5,0,Normal
2026-08-18 22:25:29,H:79% T:30C,Temp & Humidity,"{""temperature"": 30.0, ""humidity"": 79.0}",-44.5,-0.5,0,Normal
2026-08-18 22:25:29,H:79% T:30C,Temp & Humidity,"{""temperature"": 30.0, ""humidity"": 79.0}",-42.75,-0.75,0,Normal
2026-08-18 22:25:29,H:79% T:30C,Temp & Humidity,"{""temperature"": 30.0, ""humidity"": 79.0}",-38.0,0.0,0,Normal
2026-08-18 22:25:29,H:79% T:30C,Temp & Humidity,"{""temperature"": 30.0, ""humidity"": 79.0}",-39.25,-0.25,0,Normal
2026-08-18 22:25:29,H:79% T:30C,Temp & Humidity,"{""temperature"": 30.0, ""humidity"": 79.0}",-42.5,-0.5,0,Normal
2026-08-18 22:25:29,H:79% T:30C,Temp & Humidity,"{""temperature"": 30.0, ""humidity"": 79.0}",-36.5,-0.5,0,Normal
2026-08-18 22:25:29,H:79% T:30C,Temp & Humidity,"{""temperature"": 30.0, ""humidity"": 79.0}",-43.0,9.5,0,Normal
2026-08-18 22:25:29,H:79% T:30C,Temp & Humidity,"{""temperature"": 30.0, ""humidity"": 79.0}",-42.0,9.0,0,Normal
2026-08-18 22:25:29,H:79% T:30C,Temp & Humidity,"{""temperature"": 30.0, ""humidity"": 79.0}",-42.0,9.25,0,Normal
2026-08-18 22:25:29,H:79% T:30C,Temp & Humidity,"{""temperature"": 30.0, ""humidity"": 79.0}",-43.0,9.5,0,Normal
2026-08-18 22:25:29,H:79% T:30C,Temp & Humidity,"{""temperature"": 30.0, ""humidity"": 79.0}",-43.0,9.5,0,Normal
2026-08-18 22:25:29,H:79% T:30C,Temp & Humidity,"{""temperature"": 30.0, ""humidity"": 79.0}",-42.0,9.5,0,Normal
2026-08-18 22:25:29,H:79% T:30C,Temp & Humidity,"{""temperature"": 30.0, ""humidity"": 79.0}",-42.0,9.5,0,Normal
2026-08-18 22:25:29,H:79% T:30C,Temp & Humidity,"{""temperature"": 30.0, ""humidity"": 79.0}",-42.0,9.5,0,Normal
2026-08-18 22:25:29,H:79% T:30C,Temp & Humidity,"{""temperature"": 30.0, ""humidity"": 79.0}",-42.0,9.5,0,Normal
2026-08-18 22:25:29,H:79% T:30C,Temp & Humidity,"{""temperature"": 30.0, ""humidity"": 79.0}",-43.0,9.5,0,Normal
2026-08-18 22:25:29,H:79% T:30C,Temp & Humidity,"{""temperature"": 30.0, ""humidity"": 79.0}",-43.0,9.5,0,Normal
2026-08-18 22:25:29,H:79% T:30C,Temp & Humidity,"{""temperature"": 30.0, ""humidity"": 79.0}",-43.0,9.25,0,Normal
2026-08-18 22:25:29,H:79% T:30C,Temp & Humidity,"{""temperature"": 30.0, ""humidity"": 79.0}",-48.0,9.25,0,Normal
2026-08-18 22:25:29,H:79% T:30C,Temp & Humidity,"{""temperature"": 30.0, ""humidity"": 79.0}",-42.0,9.75,0,Normal
2026-08-18 22:25:29,H:79% T:30C,Temp & Humidity,"{""temperature"": 30.0, ""humidity"": 79.0}",-43.0,9.25,0,Normal
2026-08-18 22:25:29,H:79% T:30C,Temp & Humidity,"{""temperature"": 30.0, ""humidity"": 79.0}",-43.0,9.0,0,Normal
2026-08-18 22:25:29,H:79% T:30C,Temp & Humidity,"{""temperature"": 30.0, ""humidity"": 79.0}",-43.0,9.0,0,Normal
2026-08-18 22:25:29,H:79% T:30C,Temp & Humidity,"{""temperature"": 30.0, ""humidity"": 79.0}",-43.0,9.25,0,Normal
2026-08-18 22:25:29,H:79% T:30C,Temp & Humidity,"{""temperature"": 30.0, ""humidity"": 79.0}",-43.0,9.5,0,Normal
2026-08-18 22:25:29,H:79% T:30C,Temp & Humidity,"{""temperature"": 30.0, ""humidity"": 79.0}",-43.0,9.25,0,Normal
2026-08-18 22:25:29,H:79% T:30C,Temp & Humidity,"{""temperature"": 30.0, ""humidity"": 79.0}",-43.0,9.25,0,Normal
2026-08-18 22:25:29,H:79% T:30C,Temp & Humidity,"{""temperature"": 30.0, ""humidity"": 79.0}",-42.0,9.25,0,Normal
2026-08-18 22:25:29,H:79% T:30C,Temp & Humidity,"{""temperature"": 30.0, ""humidity"": 79.0}",-43.0,9.25,0,Normal
2026-08-18 22:25:29,H:79% T:30C,Temp & Humidity,"{""temperature"": 30.0, ""humidity"": 79.0}",-43.0,9.5,0,Normal
2026-08-18 22:25:29,H:79% T:30C,Temp & Humidity,"{""temperature"": 30.0, ""humidity"": 79.0}",-43.0,9.25,0,Normal
2026-08-18 22:25:29,H:79% T:30C,Temp & Humidity,"{""temperature"": 30.0, ""humidity"": 79.0}",-43.0,9.25,0,Normal
2026-08-18 22:25:29,H:79% T:30C,Temp & Humidity,"{""temperature"": 30.0, ""humidity"": 79.0}",-43.0,9.25,0,Normal
2026-08-18 22:25:29,H:79% T:30C,Temp & Humidity,"{""temperature"": 30.0, ""humidity"": 79.0}",-43.0,9.25,0,Normal
2026-08-18 22:25:29,H:79% T:30C,Temp & Humidity,"{""temperature"": 30.0, ""humidity"": 79.0}",-43.0,9.5,0,Normal
2026-08-18 22:25:29,H:79% T:30C,Temp & Humidity,"{""temperature"": 30.0, ""humidity"": 79.0}",-42.0,9.25,0,Normal
2026-08-18 22:25:29,H:79% T:30C,Temp & Humidity,"{""temperature"": 30.0, ""humidity"": 79.0}",-42.0,9.75,0,Normal
2026-08-18 22:25:29,H:79% T:30C,Temp & Humidity,"{""temperature"": 30.0, ""humidity"": 79.0}",-43.0,9.0,0,Normal
2026-08-18 22:25:29,H:79% T:30C,Temp & Humidity,"{""temperature"": 30.0, ""humidity"": 79.0}",-43.0,9.5,0,Normal
2026-08-18 22:25:29,H:79% T:30C,Temp & Humidity,"{""temperature"": 30.0, ""humidity"": 79.0}",-42.0,9.25,0,Normal
2026-08-18 22:25:29,H:79% T:30C,Temp & Humidity,"{""temperature"": 30.0, ""humidity"": 79.0}",-43.0,9.25,0,Normal
2026-08-18 22:25:29,H:79% T:30C,Temp & Humidity,"{""temperature"": 30.0, ""humidity"": 79.0}",-42.0,9.25,0,Normal
2026-08-18 22:25:29,H:79% T:30C,Temp & Humidity,"{""temperature"": 30.0, ""humidity"": 79.0}",-43.0,9.5,0,Normal
2026-08-18 22:25:29,H:79% T:30C,Temp & Humidity,"{""temperature"": 30.0, ""humidity"": 79.0}",-43.0,9.25,0,Normal
2026-08-18 22:25:29,H:79% T:30C,Temp & Humidity,"{""temperature"": 30.0, ""humidity"": 79.0}",-43.0,9.25,0,Normal
2026-08-18 22:25:29,H:79% T:30C,Temp & Humidity,"{""temperature"": 30.0, ""humidity"": 79.0}",-43.0,9.25,0,Normal
2026-08-18 22:25:29,H:79% T:30C,Temp & Humidity,"{""temperature"": 30.0, ""humidity"": 79.0}",-43.0,9.25,0,Normal
2026-08-18 22:25:29,H:79% T:30C,Temp & Humidity,"{""temperature"": 30.0, ""humidity"": 79.0}",-43.0,9.5,0,Normal
2026-08-18 22:25:29,H:79% T:30C,Temp & Humidity,"{""temperature"": 30.0, ""humidity"": 79.0}",-43.0,9.0,0,Normal
2026-08-18 22:25:29,H:79% T:30C,Temp & Humidity,"{""temperature"": 30.0, ""humidity"": 79.0}",-43.0,9.25,0,Normal
2026-08-18 22:25:29,H:79% T:30C,Temp & Humidity,"{""temperature"": 30.0, ""humidity"": 79.0}",-43.0,9.5,0,Normal
2026-08-18 22:25:29,H:79% T:30C,Temp & Humidity,"{""temperature"": 30.0, ""humidity"": 79.0}",-42.5,-0.5,0,Normal
2026-08-18 22:25:29,H:79% T:30C,Temp & Humidity,"{""temperature"": 30.0, ""humidity"": 79.0}",-43.75,-0.75,0,Normal
2026-08-18 22:25:29,H:79% T:30C,Temp & Humidity,"{""temperature"": 30.0, ""humidity"": 79.0}",-40.5,-0.5,0,Normal
2026-08-18 22:25:29,H:79% T:30C,Temp & Humidity,"{""temperature"": 30.0, ""humidity"": 79.0}",-39.75,-0.75,0,Normal
2026-08-18 22:25:29,H:79% T:30C,Temp & Humidity,"{""temperature"": 30.0, ""humidity"": 79.0}",-45.75,-0.75,0,Normal
2026-08-18 22:25:29,H:79% T:30C,Temp & Humidity,"{""temperature"": 30.0, ""humidity"": 79.0}",-39.0,-1.0,0,Normal
2026-08-18 22:25:29,H:79% T:30C,Temp & Humidity,"{""temperature"": 30.0, ""humidity"": 79.0}",-46.5,-0.5,0,Normal
2026-08-18 22:25:29,H:79% T:30C,Temp & Humidity,"{""temperature"": 30.0, ""humidity"": 79.0}",-39.5,-0.5,0,Normal
2026-08-18 22:25:29,H:79% T:30C,Temp & Humidity,"{""temperature"": 30.0, ""humidity"": 79.0}",-45.0,1.25,0,Normal
2026-08-18 22:25:29,H:79% T:30C,Temp & Humidity,"{""temperature"": 30.0, ""humidity"": 79.0}",-43.0,9.25,0,Normal
2026-08-18 22:25:29,H:79% T:30C,Temp & Humidity,"{""temperature"": 30.0, ""humidity"": 79.0}",-43.0,9.0,0,Normal
2026-08-18 22:25:29,H:79% T:30C,Temp & Humidity,"{""temperature"": 30.0, ""humidity"": 79.0}",-41.0,9.5,0,Normal
2026-08-18 22:25:29,H:79% T:30C,Temp & Humidity,"{""temperature"": 30.0, ""humidity"": 79.0}",-41.0,11.75,0,Normal
2026-08-18 22:25:29,H:79% T:30C,Temp & Humidity,"{""temperature"": 30.0, ""humidity"": 79.0}",-41.0,9.25,0,Normal
2026-08-18 22:25:29,H:79% T:30C,Temp & Humidity,"{""temperature"": 30.0, ""humidity"": 79.0}",-44.0,9.0,0,Normal
2026-08-18 22:25:29,H:79% T:30C,Temp & Humidity,"{""temperature"": 30.0, ""humidity"": 79.0}",-43.0,9.5,0,Normal
2026-08-18 22:25:29,H:79% T:30C,Temp & Humidity,"{""temperature"": 30.0, ""humidity"": 79.0}",-61.0,9.25,1,Isolation Forest ML Outlier
2026-08-18 22:25:29,H:79% T:30C,Temp & Humidity,"{""temperature"": 30.0, ""humidity"": 79.0}",-55.0,9.5,1,Isolation Forest ML Outlier
2026-08-18 22:25:29,H:79% T:30C,Temp & Humidity,"{""temperature"": 30.0, ""humidity"": 79.0}",-39.0,0.25,0,Normal
2026-08-18 22:25:29,H:79% T:30C,Temp & Humidity,"{""temperature"": 30.0, ""humidity"": 79.0}",-52.0,9.0,1,Isolation Forest ML Outlier
2026-08-18 22:25:29,H:79% T:30C,Temp & Humidity,"{""temperature"": 30.0, ""humidity"": 79.0}",-52.0,9.25,1,Isolation Forest ML Outlier
2026-08-18 22:25:29,H:79% T:30C,Temp & Humidity,"{""temperature"": 30.0, ""humidity"": 79.0}",-53.0,9.0,1,Isolation Forest ML Outlier
2026-08-18 22:25:29,H:79% T:30C,Temp & Humidity,"{""temperature"": 30.0, ""humidity"": 79.0}",-54.0,9.0,1,Isolation Forest ML Outlier
2026-08-18 22:25:29,H:79% T:30C,Temp & Humidity,"{""temperature"": 30.0, ""humidity"": 79.0}",-55.0,9.5,1,Isolation Forest ML Outlier
2026-08-18 22:25:29,H:79% T:30C,Temp & Humidity,"{""temperature"": 30.0, ""humidity"": 79.0}",-53.0,9.25,1,Isolation Forest ML Outlier
2026-08-18 22:25:29,H:79% T:30C,Temp & Humidity,"{""temperature"": 30.0, ""humidity"": 79.0}",-53.0,9.0,1,Isolation Forest ML Outlier
2026-08-18 22:25:29,H:79% T:30C,Temp & Humidity,"{""temperature"": 30.0, ""humidity"": 79.0}",-53.0,8.75,1,Isolation Forest ML Outlier
2026-08-18 22:25:29,H:79% T:30C,Temp & Humidity,"{""temperature"": 30.0, ""humidity"": 79.0}",-52.0,9.5,1,Isolation Forest ML Outlier
2026-08-18 22:25:29,H:79% T:30C,Temp & Humidity,"{""temperature"": 30.0, ""humidity"": 79.0}",-52.0,9.0,1,Isolation Forest ML Outlier
2026-08-18 22:25:29,H:79% T:30C,Temp & Humidity,"{""temperature"": 30.0, ""humidity"": 79.0}",-52.0,8.75,1,Isolation Forest ML Outlier
2026-08-18 22:25:29,H:79% T:30C,Temp & Humidity,"{""temperature"": 30.0, ""humidity"": 79.0}",-51.0,9.75,1,Isolation Forest ML Outlier
2026-08-18 22:25:29,H:79% T:30C,Temp & Humidity,"{""temperature"": 30.0, ""humidity"": 79.0}",-58.0,9.25,1,Isolation Forest ML Outlier
2026-08-18 22:25:29,H:79% T:30C,Temp & Humidity,"{""temperature"": 30.0, ""humidity"": 79.0}",-52.0,9.25,1,Isolation Forest ML Outlier
2026-08-18 22:25:29,H:79% T:30C,Temp & Humidity,"{""temperature"": 30.0, ""humidity"": 79.0}",-52.0,9.0,1,Isolation Forest ML Outlier
2026-08-18 22:25:29,H:79% T:30C,Temp & Humidity,"{""temperature"": 30.0, ""humidity"": 79.0}",-53.0,9.25,1,Isolation Forest ML Outlier
2026-08-18 22:25:29,H:79% T:30C,Temp & Humidity,"{""temperature"": 30.0, ""humidity"": 79.0}",-54.0,9.25,1,Isolation Forest ML Outlier
2026-08-18 22:25:29,H:79% T:30C,Temp & Humidity,"{""temperature"": 30.0, ""humidity"": 79.0}",-52.0,8.75,1,Isolation Forest ML Outlier
2026-08-18 22:25:29,H:79% T:30C,Temp & Humidity,"{""temperature"": 30.0, ""humidity"": 79.0}",-60.0,9.75,1,Isolation Forest ML Outlier
2026-08-18 22:25:29,H:79% T:30C,Temp & Humidity,"{""temperature"": 30.0, ""humidity"": 79.0}",-60.0,9.25,1,Isolation Forest ML Outlier
2026-08-18 22:25:29,H:79% T:30C,Temp & Humidity,"{""temperature"": 30.0, ""humidity"": 79.0}",-61.0,9.5,1,Isolation Forest ML Outlier
2026-08-18 22:25:29,H:79% T:30C,Temp & Humidity,"{""temperature"": 30.0, ""humidity"": 79.0}",-60.0,9.0,1,Isolation Forest ML Outlier
2026-08-18 22:25:29,H:79% T:30C,Temp & Humidity,"{""temperature"": 30.0, ""humidity"": 79.0}",-43.0,9.25,0,Normal
2026-08-18 22:25:29,H:79% T:30C,Temp & Humidity,"{""temperature"": 30.0, ""humidity"": 79.0}",-43.0,9.25,0,Normal
2026-08-18 22:25:29,H:79% T:30C,Temp & Humidity,"{""temperature"": 30.0, ""humidity"": 79.0}",-44.0,9.5,0,Normal
2026-08-18 22:25:29,H:79% T:30C,Temp & Humidity,"{""temperature"": 30.0, ""humidity"": 79.0}",-54.0,9.5,1,Isolation Forest ML Outlier
2026-08-18 22:25:29,H:80% T:30C,Temp & Humidity,"{""temperature"": 30.0, ""humidity"": 80.0}",-59.0,9.0,1,Sudden Humidity Shift (+1000.0%/min) | Isolation Forest ML Outlier
2026-08-18 22:25:29,H:80% T:30C,Temp & Humidity,"{""temperature"": 30.0, ""humidity"": 80.0}",-59.0,9.5,1,Isolation Forest ML Outlier
2026-08-18 22:25:29,H:80% T:30C,Temp & Humidity,"{""temperature"": 30.0, ""humidity"": 80.0}",-59.0,9.25,1,Isolation Forest ML Outlier
2026-08-18 22:25:29,H:80% T:30C,Temp & Humidity,"{""temperature"": 30.0, ""humidity"": 80.0}",-59.0,9.25,1,Isolation Forest ML Outlier
2026-08-18 22:25:29,H:80% T:30C,Temp & Humidity,"{""temperature"": 30.0, ""humidity"": 80.0}",-56.0,9.0,1,Isolation Forest ML Outlier
2026-08-18 22:25:29,H:80% T:30C,Temp & Humidity,"{""temperature"": 30.0, ""humidity"": 80.0}",-57.0,9.75,1,Isolation Forest ML Outlier
2026-08-18 22:25:29,H:79% T:30C,Temp & Humidity,"{""temperature"": 30.0, ""humidity"": 79.0}",-55.0,9.5,1,Sudden Humidity Shift (-1000.0%/min) | Isolation Forest ML Outlier
2026-08-18 22:25:29,H:79% T:30C,Temp & Humidity,"{""temperature"": 30.0, ""humidity"": 79.0}",-55.0,9.5,1,Isolation Forest ML Outlier
2026-08-18 22:25:29,H:79% T:30C,Temp & Humidity,"{""temperature"": 30.0, ""humidity"": 79.0}",-55.0,9.5,1,Isolation Forest ML Outlier
2026-08-18 22:25:29,H:79% T:30C,Temp & Humidity,"{""temperature"": 30.0, ""humidity"": 79.0}",-56.0,9.0,1,Isolation Forest ML Outlier
2026-08-18 22:25:29,H:79% T:30C,Temp & Humidity,"{""temperature"": 30.0, ""humidity"": 79.0}",-56.0,10.0,1,Isolation Forest ML Outlier
2026-08-18 22:25:29,H:79% T:30C,Temp & Humidity,"{""temperature"": 30.0, ""humidity"": 79.0}",-57.0,9.5,1,Isolation Forest ML Outlier
2026-08-18 22:25:29,H:79% T:30C,Temp & Humidity,"{""temperature"": 30.0, ""humidity"": 79.0}",-58.0,9.5,1,Isolation Forest ML Outlier
2026-08-18 22:25:29,H:79% T:30C,Temp & Humidity,"{""temperature"": 30.0, ""humidity"": 79.0}",-59.0,9.25,1,Isolation Forest ML Outlier
2026-08-18 22:25:29,H:79% T:30C,Temp & Humidity,"{""temperature"": 30.0, ""humidity"": 79.0}",-59.0,9.25,1,Isolation Forest ML Outlier
2026-08-18 22:25:29,H:79% T:30C,Temp & Humidity,"{""temperature"": 30.0, ""humidity"": 79.0}",-57.0,9.0,1,Isolation Forest ML Outlier
2026-08-18 22:25:29,H:79% T:30C,Temp & Humidity,"{""temperature"": 30.0, ""humidity"": 79.0}",-56.0,9.25,1,Isolation Forest ML Outlier
2026-08-18 22:25:29,H:79% T:30C,Temp & Humidity,"{""temperature"": 30.0, ""humidity"": 79.0}",-56.0,10.0,1,Isolation Forest ML Outlier
2026-08-18 22:25:29,H:79% T:30C,Temp & Humidity,"{""temperature"": 30.0, ""humidity"": 79.0}",-56.0,9.25,1,Isolation Forest ML Outlier
2026-08-18 22:25:29,H:79% T:30C,Temp & Humidity,"{""temperature"": 30.0, ""humidity"": 79.0}",-55.0,9.5,1,Isolation Forest ML Outlier
2026-08-18 22:25:29,H:79% T:30C,Temp & Humidity,"{""temperature"": 30.0, ""humidity"": 79.0}",-54.0,9.25,1,Isolation Forest ML Outlier
2026-08-18 22:25:29,H:79% T:30C,Temp & Humidity,"{""temperature"": 30.0, ""humidity"": 79.0}",-53.0,9.75,1,Isolation Forest ML Outlier
2026-08-18 22:25:29,H:79% T:30C,Temp & Humidity,"{""temperature"": 30.0, ""humidity"": 79.0}",-54.0,9.25,1,Isolation Forest ML Outlier
2026-08-18 22:25:29,H:79% T:30C,Temp & Humidity,"{""temperature"": 30.0, ""humidity"": 79.0}",-53.0,9.25,1,Isolation Forest ML Outlier
2026-08-18 22:25:29,H:79% T:30C,Temp & Humidity,"{""temperature"": 30.0, ""humidity"": 79.0}",-54.0,9.5,1,Isolation Forest ML Outlier
2026-08-18 22:25:29,H:79% T:30C,Temp & Humidity,"{""temperature"": 30.0, ""humidity"": 79.0}",-54.0,9.75,1,Isolation Forest ML Outlier
2026-08-18 22:25:29,H:79% T:30C,Temp & Humidity,"{""temperature"": 30.0, ""humidity"": 79.0}",-54.0,9.25,1,Isolation Forest ML Outlier
2026-08-18 22:25:29,H:79% T:30C,Temp & Humidity,"{""temperature"": 30.0, ""humidity"": 79.0}",-53.0,9.5,1,Isolation Forest ML Outlier
2026-08-18 22:25:29,H:79% T:30C,Temp & Humidity,"{""temperature"": 30.0, ""humidity"": 79.0}",-54.0,9.0,1,Isolation Forest ML Outlier
2026-08-18 22:25:29,H:79% T:30C,Temp & Humidity,"{""temperature"": 30.0, ""humidity"": 79.0}",-54.0,9.5,1,Isolation Forest ML Outlier
2026-08-18 22:25:29,H:79% T:30C,Temp & Humidity,"{""temperature"": 30.0, ""humidity"": 79.0}",-54.0,9.25,1,Isolation Forest ML Outlier
2026-08-18 22:25:29,H:79% T:30C,Temp & Humidity,"{""temperature"": 30.0, ""humidity"": 79.0}",-53.0,9.0,1,Isolation Forest ML Outlier
2026-08-18 22:25:29,H:79% T:30C,Temp & Humidity,"{""temperature"": 30.0, ""humidity"": 79.0}",-53.0,9.5,1,Isolation Forest ML Outlier
2026-08-18 22:25:29,H:79% T:30C,Temp & Humidity,"{""temperature"": 30.0, ""humidity"": 79.0}",-53.0,9.0,1,Isolation Forest ML Outlier
2026-08-18 22:25:29,H:79% T:30C,Temp & Humidity,"{""temperature"": 30.0, ""humidity"": 79.0}",-53.0,10.25,1,Isolation Forest ML Outlier
2026-08-18 22:25:29,H:79% T:30C,Temp & Humidity,"{""temperature"": 30.0, ""humidity"": 79.0}",-53.0,9.25,1,Isolation Forest ML Outlier
2026-08-18 22:25:29,H:79% T:30C,Temp & Humidity,"{""temperature"": 30.0, ""humidity"": 79.0}",-53.0,9.25,1,Isolation Forest ML Outlier
2026-08-18 22:25:29,H:79% T:30C,Temp & Humidity,"{""temperature"": 30.0, ""humidity"": 79.0}",-53.0,9.25,1,Isolation Forest ML Outlier
2026-08-18 22:25:29,H:79% T:30C,Temp & Humidity,"{""temperature"": 30.0, ""humidity"": 79.0}",-53.0,9.75,1,Isolation Forest ML Outlier
2026-08-18 22:25:29,H:79% T:30C,Temp & Humidity,"{""temperature"": 30.0, ""humidity"": 79.0}",-53.0,9.0,1,Isolation Forest ML Outlier
2026-08-18 22:25:29,H:79% T:30C,Temp & Humidity,"{""temperature"": 30.0, ""humidity"": 79.0}",-53.0,9.25,1,Isolation Forest ML Outlier
2026-08-18 22:25:29,H:79% T:30C,Temp & Humidity,"{""temperature"": 30.0, ""humidity"": 79.0}",-53.0,9.25,1,Isolation Forest ML Outlier
2026-08-18 22:25:29,H:79% T:30C,Temp & Humidity,"{""temperature"": 30.0, ""humidity"": 79.0}",-59.0,9.25,1,Isolation Forest ML Outlier
2026-08-18 22:25:29,H:79% T:30C,Temp & Humidity,"{""temperature"": 30.0, ""humidity"": 79.0}",-59.0,9.25,1,Isolation Forest ML Outlier
2026-08-18 22:25:29,H:79% T:30C,Temp & Humidity,"{""temperature"": 30.0, ""humidity"": 79.0}",-59.0,9.25,1,Isolation Forest ML Outlier
2026-08-18 22:25:29,H:79% T:30C,Temp & Humidity,"{""temperature"": 30.0, ""humidity"": 79.0}",-59.0,9.75,1,Isolation Forest ML Outlier
2026-08-18 22:25:29,H:79% T:30C,Temp & Humidity,"{""temperature"": 30.0, ""humidity"": 79.0}",-59.0,9.25,1,Isolation Forest ML Outlier
2026-08-18 22:25:29,H:79% T:30C,Temp & Humidity,"{""temperature"": 30.0, ""humidity"": 79.0}",-59.0,9.25,1,Isolation Forest ML Outlier
2026-08-18 22:25:29,H:79% T:30C,Temp & Humidity,"{""temperature"": 30.0, ""humidity"": 79.0}",-58.0,8.75,1,Isolation Forest ML Outlier
2026-08-18 22:25:29,H:79% T:30C,Temp & Humidity,"{""temperature"": 30.0, ""humidity"": 79.0}",-59.0,9.5,1,Isolation Forest ML Outlier
2026-08-18 22:25:29,H:79% T:30C,Temp & Humidity,"{""temperature"": 30.0, ""humidity"": 79.0}",-59.0,9.0,1,Isolation Forest ML Outlier
2026-08-18 22:25:29,H:79% T:30C,Temp & Humidity,"{""temperature"": 30.0, ""humidity"": 79.0}",-59.0,10.0,1,Isolation Forest ML Outlier
2026-08-18 22:25:29,H:79% T:30C,Temp & Humidity,"{""temperature"": 30.0, ""humidity"": 79.0}",-59.0,9.5,1,Isolation Forest ML Outlier
2026-08-18 22:25:29,H:79% T:30C,Temp & Humidity,"{""temperature"": 30.0, ""humidity"": 79.0}",-60.0,9.5,1,Isolation Forest ML Outlier
2026-08-18 22:25:29,H:79% T:30C,Temp & Humidity,"{""temperature"": 30.0, ""humidity"": 79.0}",-60.0,9.25,1,Isolation Forest ML Outlier
2026-08-18 22:25:29,H:79% T:30C,Temp & Humidity,"{""temperature"": 30.0, ""humidity"": 79.0}",-60.0,9.5,1,Isolation Forest ML Outlier
2026-08-18 22:25:29,H:79% T:30C,Temp & Humidity,"{""temperature"": 30.0, ""humidity"": 79.0}",-60.0,9.0,1,Isolation Forest ML Outlier
2026-08-18 22:25:29,H:79% T:30C,Temp & Humidity,"{""temperature"": 30.0, ""humidity"": 79.0}",-60.0,9.25,1,Isolation Forest ML Outlier
2026-08-18 22:25:29,H:79% T:30C,Temp & Humidity,"{""temperature"": 30.0, ""humidity"": 79.0}",-60.0,9.5,1,Isolation Forest ML Outlier
2026-08-18 22:25:29,H:79% T:30C,Temp & Humidity,"{""temperature"": 30.0, ""humidity"": 79.0}",-60.0,9.25,1,Isolation Forest ML Outlier
2026-08-18 22:25:29,H:79% T:30C,Temp & Humidity,"{""temperature"": 30.0, ""humidity"": 79.0}",-60.0,9.75,1,Isolation Forest ML Outlier
2026-08-18 22:25:29,H:79% T:30C,Temp & Humidity,"{""temperature"": 30.0, ""humidity"": 79.0}",-59.0,9.25,1,Isolation Forest ML Outlier
2026-08-18 22:25:29,H:79% T:30C,Temp & Humidity,"{""temperature"": 30.0, ""humidity"": 79.0}",-60.0,9.0,1,Isolation Forest ML Outlier
2026-08-18 22:25:29,H:79% T:30C,Temp & Humidity,"{""temperature"": 30.0, ""humidity"": 79.0}",-60.0,9.25,1,Isolation Forest ML Outlier
2026-08-18 22:25:29,H:79% T:30C,Temp & Humidity,"{""temperature"": 30.0, ""humidity"": 79.0}",-59.0,8.75,1,Isolation Forest ML Outlier
2026-08-18 22:25:29,H:79% T:30C,Temp & Humidity,"{""temperature"": 30.0, ""humidity"": 79.0}",-58.0,9.5,1,Isolation Forest ML Outlier
2026-08-18 22:25:29,H:79% T:30C,Temp & Humidity,"{""temperature"": 30.0, ""humidity"": 79.0}",-60.0,9.25,1,Isolation Forest ML Outlier
2026-08-18 22:25:29,H:79% T:30C,Temp & Humidity,"{""temperature"": 30.0, ""humidity"": 79.0}",-54.0,9.5,1,Isolation Forest ML Outlier
2026-08-18 22:25:29,H:79% T:30C,Temp & Humidity,"{""temperature"": 30.0, ""humidity"": 79.0}",-54.0,9.25,1,Isolation Forest ML Outlier
2026-08-18 22:25:29,H:79% T:30C,Temp & Humidity,"{""temperature"": 30.0, ""humidity"": 79.0}",-55.0,9.25,1,Isolation Forest ML Outlier
2026-08-18 22:25:29,H:79% T:30C,Temp & Humidity,"{""temperature"": 30.0, ""humidity"": 79.0}",-54.0,9.25,1,Isolation Forest ML Outlier
2026-08-18 22:25:29,H:79% T:30C,Temp & Humidity,"{""temperature"": 30.0, ""humidity"": 79.0}",-54.0,9.25,1,Isolation Forest ML Outlier
2026-08-18 22:25:29,H:79% T:30C,Temp & Humidity,"{""temperature"": 30.0, ""humidity"": 79.0}",-55.0,9.25,1,Isolation Forest ML Outlier
2026-08-18 22:25:29,H:79% T:30C,Temp & Humidity,"{""temperature"": 30.0, ""humidity"": 79.0}",-55.0,9.25,1,Isolation Forest ML Outlier
2026-08-18 22:25:29,H:79% T:30C,Temp & Humidity,"{""temperature"": 30.0, ""humidity"": 79.0}",-55.0,9.25,1,Isolation Forest ML Outlier
2026-08-18 22:25:29,H:79% T:30C,Temp & Humidity,"{""temperature"": 30.0, ""humidity"": 79.0}",-54.0,9.25,1,Isolation Forest ML Outlier
2026-08-18 22:25:29,H:79% T:30C,Temp & Humidity,"{""temperature"": 30.0, ""humidity"": 79.0}",-54.0,9.0,1,Isolation Forest ML Outlier
2026-08-18 22:25:29,H:79% T:30C,Temp & Humidity,"{""temperature"": 30.0, ""humidity"": 79.0}",-54.0,9.5,1,Isolation Forest ML Outlier
2026-08-18 22:25:29,H:79% T:30C,Temp & Humidity,"{""temperature"": 30.0, ""humidity"": 79.0}",-54.0,9.25,1,Isolation Forest ML Outlier
2026-08-18 22:25:29,H:79% T:30C,Temp & Humidity,"{""temperature"": 30.0, ""humidity"": 79.0}",-53.0,9.0,1,Isolation Forest ML Outlier
2026-08-18 22:25:29,H:79% T:30C,Temp & Humidity,"{""temperature"": 30.0, ""humidity"": 79.0}",-54.0,9.5,1,Isolation Forest ML Outlier
2026-08-18 22:25:29,H:79% T:30C,Temp & Humidity,"{""temperature"": 30.0, ""humidity"": 79.0}",-54.0,9.0,1,Isolation Forest ML Outlier
2026-08-18 22:25:29,H:79% T:30C,Temp & Humidity,"{""temperature"": 30.0, ""humidity"": 79.0}",-54.0,9.25,1,Isolation Forest ML Outlier
2026-08-18 22:25:29,H:79% T:30C,Temp & Humidity,"{""temperature"": 30.0, ""humidity"": 79.0}",-54.0,9.25,1,Isolation Forest ML Outlier
2026-08-18 22:25:29,H:79% T:30C,Temp & Humidity,"{""temperature"": 30.0, ""humidity"": 79.0}",-55.0,9.25,1,Isolation Forest ML Outlier
2026-08-18 22:25:29,H:79% T:30C,Temp & Humidity,"{""temperature"": 30.0, ""humidity"": 79.0}",-55.0,9.25,1,Isolation Forest ML Outlier
2026-08-18 22:25:29,H:79% T:30C,Temp & Humidity,"{""temperature"": 30.0, ""humidity"": 79.0}",-55.0,9.5,1,Isolation Forest ML Outlier
2026-08-18 22:25:29,H:79% T:30C,Temp & Humidity,"{""temperature"": 30.0, ""humidity"": 79.0}",-55.0,9.5,1,Isolation Forest ML Outlier
2026-08-18 22:25:29,H:79% T:30C,Temp & Humidity,"{""temperature"": 30.0, ""humidity"": 79.0}",-55.0,9.5,1,Isolation Forest ML Outlier
2026-08-18 22:25:29,H:79% T:30C,Temp & Humidity,"{""temperature"": 30.0, ""humidity"": 79.0}",-55.0,9.25,1,Isolation Forest ML Outlier
2026-08-18 22:25:29,H:79% T:30C,Temp & Humidity,"{""temperature"": 30.0, ""humidity"": 79.0}",-55.0,9.5,1,Isolation Forest ML Outlier
2026-08-18 22:25:29,H:79% T:30C,Temp & Humidity,"{""temperature"": 30.0, ""humidity"": 79.0}",-54.0,9.5,1,Isolation Forest ML Outlier
2026-08-18 22:25:29,H:79% T:30C,Temp & Humidity,"{""temperature"": 30.0, ""humidity"": 79.0}",-54.0,9.25,1,Isolation Forest ML Outlier
2026-08-18 22:25:29,H:79% T:30C,Temp & Humidity,"{""temperature"": 30.0, ""humidity"": 79.0}",-55.0,9.25,1,Isolation Forest ML Outlier
2026-08-18 22:25:29,H:79% T:30C,Temp & Humidity,"{""temperature"": 30.0, ""humidity"": 79.0}",-54.0,9.25,1,Isolation Forest ML Outlier
2026-08-18 22:25:29,H:79% T:30C,Temp & Humidity,"{""temperature"": 30.0, ""humidity"": 79.0}",-54.0,9.0,1,Isolation Forest ML Outlier
2026-08-18 22:25:29,H:79% T:30C,Temp & Humidity,"{""temperature"": 30.0, ""humidity"": 79.0}",-54.0,9.25,1,Isolation Forest ML Outlier
2026-08-18 22:25:29,H:79% T:30C,Temp & Humidity,"{""temperature"": 30.0, ""humidity"": 79.0}",-55.0,9.25,1,Isolation Forest ML Outlier
2026-08-18 22:25:29,H:79% T:30C,Temp & Humidity,"{""temperature"": 30.0, ""humidity"": 79.0}",-55.0,9.25,1,Isolation Forest ML Outlier
2026-08-18 22:25:29,H:79% T:30C,Temp & Humidity,"{""temperature"": 30.0, ""humidity"": 79.0}",-55.0,9.25,1,Isolation Forest ML Outlier
2026-08-18 22:25:29,H:79% T:30C,Temp & Humidity,"{""temperature"": 30.0, ""humidity"": 79.0}",-53.0,9.0,1,Isolation Forest ML Outlier
2026-08-18 22:25:29,H:79% T:30C,Temp & Humidity,"{""temperature"": 30.0, ""humidity"": 79.0}",-54.0,9.25,1,Isolation Forest ML Outlier
2026-08-18 22:25:29,H:79% T:30C,Temp & Humidity,"{""temperature"": 30.0, ""humidity"": 79.0}",-55.0,9.5,1,Isolation Forest ML Outlier
2026-08-18 22:25:29,H:79% T:30C,Temp & Humidity,"{""temperature"": 30.0, ""humidity"": 79.0}",-54.0,9.5,1,Isolation Forest ML Outlier
2026-08-18 22:25:29,H:79% T:30C,Temp & Humidity,"{""temperature"": 30.0, ""humidity"": 79.0}",-55.0,9.75,1,Isolation Forest ML Outlier
2026-08-18 22:25:29,H:79% T:30C,Temp & Humidity,"{""temperature"": 30.0, ""humidity"": 79.0}",-55.0,9.25,1,Isolation Forest ML Outlier
2026-08-18 22:25:29,H:79% T:30C,Temp & Humidity,"{""temperature"": 30.0, ""humidity"": 79.0}",-55.0,9.5,1,Isolation Forest ML Outlier
2026-08-18 22:25:29,H:79% T:30C,Temp & Humidity,"{""temperature"": 30.0, ""humidity"": 79.0}",-55.0,9.25,1,Isolation Forest ML Outlier
2026-08-18 22:25:29,H:79% T:30C,Temp & Humidity,"{""temperature"": 30.0, ""humidity"": 79.0}",-55.0,9.5,1,Isolation Forest ML Outlier
2026-08-18 22:25:29,H:79% T:30C,Temp & Humidity,"{""temperature"": 30.0, ""humidity"": 79.0}",-54.0,9.0,1,Isolation Forest ML Outlier
2026-08-18 22:25:29,H:79% T:30C,Temp & Humidity,"{""temperature"": 30.0, ""humidity"": 79.0}",-53.0,9.25,1,Isolation Forest ML Outlier
2026-08-18 22:25:29,H:79% T:30C,Temp & Humidity,"{""temperature"": 30.0, ""humidity"": 79.0}",-56.0,9.25,1,Isolation Forest ML Outlier
2026-08-18 22:25:29,H:79% T:30C,Temp & Humidity,"{""temperature"": 30.0, ""humidity"": 79.0}",-56.0,9.0,1,Isolation Forest ML Outlier
2026-08-18 22:25:29,H:79% T:30C,Temp & Humidity,"{""temperature"": 30.0, ""humidity"": 79.0}",-56.0,9.5,1,Isolation Forest ML Outlier
2026-08-18 22:25:29,H:79% T:30C,Temp & Humidity,"{""temperature"": 30.0, ""humidity"": 79.0}",-56.0,9.25,1,Isolation Forest ML Outlier
2026-08-18 22:25:29,H:79% T:30C,Temp & Humidity,"{""temperature"": 30.0, ""humidity"": 79.0}",-56.0,9.0,1,Isolation Forest ML Outlier
2026-08-18 22:25:29,H:79% T:30C,Temp & Humidity,"{""temperature"": 30.0, ""humidity"": 79.0}",-55.0,9.5,1,Isolation Forest ML Outlier
2026-08-18 22:25:29,H:79% T:30C,Temp & Humidity,"{""temperature"": 30.0, ""humidity"": 79.0}",-56.0,9.25,1,Isolation Forest ML Outlier
2026-08-18 22:25:29,H:79% T:30C,Temp & Humidity,"{""temperature"": 30.0, ""humidity"": 79.0}",-56.0,9.25,1,Isolation Forest ML Outlier
2026-08-18 22:25:29,H:79% T:30C,Temp & Humidity,"{""temperature"": 30.0, ""humidity"": 79.0}",-56.0,9.75,1,Isolation Forest ML Outlier
2026-08-18 22:25:29,H:79% T:30C,Temp & Humidity,"{""temperature"": 30.0, ""humidity"": 79.0}",-56.0,9.5,1,Isolation Forest ML Outlier
2026-08-18 22:25:29,H:79% T:30C,Temp & Humidity,"{""temperature"": 30.0, ""humidity"": 79.0}",-56.0,9.75,1,Isolation Forest ML Outlier
2026-08-18 22:25:29,H:79% T:30C,Temp & Humidity,"{""temperature"": 30.0, ""humidity"": 79.0}",-56.0,9.75,1,Isolation Forest ML Outlier
2026-08-18 22:25:29,H:79% T:30C,Temp & Humidity,"{""temperature"": 30.0, ""humidity"": 79.0}",-56.0,9.5,1,Isolation Forest ML Outlier
2026-08-18 22:25:29,H:79% T:30C,Temp & Humidity,"{""temperature"": 30.0, ""humidity"": 79.0}",-56.0,9.5,1,Isolation Forest ML Outlier
2026-08-18 22:25:29,H:79% T:30C,Temp & Humidity,"{""temperature"": 30.0, ""humidity"": 79.0}",-53.0,9.25,1,Isolation Forest ML Outlier
2026-08-18 22:25:29,H:79% T:30C,Temp & Humidity,"{""temperature"": 30.0, ""humidity"": 79.0}",-56.0,9.5,1,Isolation Forest ML Outlier
2026-08-18 22:25:29,H:79% T:30C,Temp & Humidity,"{""temperature"": 30.0, ""humidity"": 79.0}",-53.0,9.25,1,Isolation Forest ML Outlier
2026-08-18 22:25:29,H:79% T:30C,Temp & Humidity,"{""temperature"": 30.0, ""humidity"": 79.0}",-60.0,9.25,1,Isolation Forest ML Outlier
2026-08-18 22:25:29,H:79% T:30C,Temp & Humidity,"{""temperature"": 30.0, ""humidity"": 79.0}",-60.0,9.5,1,Isolation Forest ML Outlier
2026-08-18 22:25:29,H:79% T:30C,Temp & Humidity,"{""temperature"": 30.0, ""humidity"": 79.0}",-60.0,9.25,1,Isolation Forest ML Outlier
2026-08-18 22:25:29,H:79% T:30C,Temp & Humidity,"{""temperature"": 30.0, ""humidity"": 79.0}",-59.0,9.25,1,Isolation Forest ML Outlier
2026-08-18 22:25:29,H:79% T:30C,Temp & Humidity,"{""temperature"": 30.0, ""humidity"": 79.0}",-58.0,9.5,1,Isolation Forest ML Outlier
2026-08-18 22:25:29,H:79% T:30C,Temp & Humidity,"{""temperature"": 30.0, ""humidity"": 79.0}",-55.0,9.25,1,Isolation Forest ML Outlier
2026-08-18 22:25:29,H:79% T:30C,Temp & Humidity,"{""temperature"": 30.0, ""humidity"": 79.0}",-55.0,9.75,1,Isolation Forest ML Outlier
2026-08-18 22:25:29,H:79% T:30C,Temp & Humidity,"{""temperature"": 30.0, ""humidity"": 79.0}",-55.0,9.75,1,Isolation Forest ML Outlier
2026-08-18 22:25:29,H:79% T:30C,Temp & Humidity,"{""temperature"": 30.0, ""humidity"": 79.0}",-61.0,9.75,1,Isolation Forest ML Outlier
2026-08-18 22:25:29,H:79% T:30C,Temp & Humidity,"{""temperature"": 30.0, ""humidity"": 79.0}",-62.0,9.75,1,Isolation Forest ML Outlier
2026-08-18 22:25:29,H:79% T:30C,Temp & Humidity,"{""temperature"": 30.0, ""humidity"": 79.0}",-63.0,9.0,1,Isolation Forest ML Outlier
2026-08-18 22:25:29,H:79% T:30C,Temp & Humidity,"{""temperature"": 30.0, ""humidity"": 79.0}",-62.0,8.75,1,Isolation Forest ML Outlier
2026-08-18 22:25:29,H:79% T:30C,Temp & Humidity,"{""temperature"": 30.0, ""humidity"": 79.0}",-62.0,9.25,1,Isolation Forest ML Outlier
2026-08-18 22:25:29,H:79% T:30C,Temp & Humidity,"{""temperature"": 30.0, ""humidity"": 79.0}",-63.0,9.25,1,Isolation Forest ML Outlier
2026-08-18 22:25:29,H:79% T:30C,Temp & Humidity,"{""temperature"": 30.0, ""humidity"": 79.0}",-61.0,9.75,1,Isolation Forest ML Outlier
2026-08-18 22:25:29,H:79% T:30C,Temp & Humidity,"{""temperature"": 30.0, ""humidity"": 79.0}",-61.0,9.75,1,Isolation Forest ML Outlier
2026-08-18 22:25:29,H:79% T:30C,Temp & Humidity,"{""temperature"": 30.0, ""humidity"": 79.0}",-62.0,9.5,1,Isolation Forest ML Outlier
2026-08-18 22:25:29,H:79% T:30C,Temp & Humidity,"{""temperature"": 30.0, ""humidity"": 79.0}",-62.0,9.25,1,Isolation Forest ML Outlier
2026-08-18 22:25:29,H:79% T:30C,Temp & Humidity,"{""temperature"": 30.0, ""humidity"": 79.0}",-61.0,9.5,1,Isolation Forest ML Outlier
2026-08-18 22:25:29,H:79% T:30C,Temp & Humidity,"{""temperature"": 30.0, ""humidity"": 79.0}",-61.0,9.25,1,Isolation Forest ML Outlier
2026-08-18 22:25:29,H:79% T:30C,Temp & Humidity,"{""temperature"": 30.0, ""humidity"": 79.0}",-61.0,9.25,1,Isolation Forest ML Outlier
2026-08-18 22:25:29,H:79% T:30C,Temp & Humidity,"{""temperature"": 30.0, ""humidity"": 79.0}",-61.0,9.25,1,Isolation Forest ML Outlier
2026-08-18 22:25:29,H:79% T:30C,Temp & Humidity,"{""temperature"": 30.0, ""humidity"": 79.0}",-61.0,9.5,1,Isolation Forest ML Outlier
2026-08-18 22:25:29,H:79% T:30C,Temp & Humidity,"{""temperature"": 30.0, ""humidity"": 79.0}",-61.0,9.25,1,Isolation Forest ML Outlier
2026-08-18 22:25:29,H:79% T:30C,Temp & Humidity,"{""temperature"": 30.0, ""humidity"": 79.0}",-44.0,9.5,0,Normal
2026-08-18 22:25:29,H:79% T:30C,Temp & Humidity,"{""temperature"": 30.0, ""humidity"": 79.0}",-52.0,9.5,1,Isolation Forest ML Outlier
2026-08-18 22:25:29,H:79% T:30C,Temp & Humidity,"{""temperature"": 30.0, ""humidity"": 79.0}",-50.0,9.75,0,Normal
2026-08-18 22:25:29,H:79% T:30C,Temp & Humidity,"{""temperature"": 30.0, ""humidity"": 79.0}",-57.0,9.25,1,Isolation Forest ML Outlier
2026-08-18 22:25:29,H:79% T:30C,Temp & Humidity,"{""temperature"": 30.0, ""humidity"": 79.0}",-60.0,9.0,1,Isolation Forest ML Outlier
2026-08-18 22:25:29,H:79% T:30C,Temp & Humidity,"{""temperature"": 30.0, ""humidity"": 79.0}",-60.0,9.5,1,Isolation Forest ML Outlier
2026-08-18 22:25:29,H:79% T:30C,Temp & Humidity,"{""temperature"": 30.0, ""humidity"": 79.0}",-60.0,9.75,1,Isolation Forest ML Outlier
2026-08-18 22:25:29,H:79% T:30C,Temp & Humidity,"{""temperature"": 30.0, ""humidity"": 79.0}",-57.0,9.0,1,Isolation Forest ML Outlier
2026-08-18 22:25:29,H:79% T:30C,Temp & Humidity,"{""temperature"": 30.0, ""humidity"": 79.0}",-56.0,9.25,1,Isolation Forest ML Outlier
2026-08-18 22:25:29,H:79% T:30C,Temp & Humidity,"{""temperature"": 30.0, ""humidity"": 79.0}",-57.0,9.5,1,Isolation Forest ML Outlier
2026-08-18 22:25:29,H:79% T:30C,Temp & Humidity,"{""temperature"": 30.0, ""humidity"": 79.0}",-56.0,9.75,1,Isolation Forest ML Outlier
2026-08-18 22:25:29,H:79% T:30C,Temp & Humidity,"{""temperature"": 30.0, ""humidity"": 79.0}",-56.0,9.25,1,Isolation Forest ML Outlier
2026-08-18 22:25:29,H:79% T:30C,Temp & Humidity,"{""temperature"": 30.0, ""humidity"": 79.0}",-56.0,9.5,1,Isolation Forest ML Outlier
2026-08-18 22:25:29,H:79% T:30C,Temp & Humidity,"{""temperature"": 30.0, ""humidity"": 79.0}",-56.0,9.0,1,Isolation Forest ML Outlier
2026-08-18 22:25:29,H:79% T:30C,Temp & Humidity,"{""temperature"": 30.0, ""humidity"": 79.0}",-56.0,9.25,1,Isolation Forest ML Outlier
2026-08-18 22:25:29,H:79% T:30C,Temp & Humidity,"{""temperature"": 30.0, ""humidity"": 79.0}",-56.0,9.5,1,Isolation Forest ML Outlier
2026-08-18 22:25:29,H:79% T:30C,Temp & Humidity,"{""temperature"": 30.0, ""humidity"": 79.0}",-57.0,9.25,1,Isolation Forest ML Outlier
2026-08-18 22:25:29,H:79% T:30C,Temp & Humidity,"{""temperature"": 30.0, ""humidity"": 79.0}",-60.0,9.5,1,Isolation Forest ML Outlier
2026-08-18 22:25:29,H:79% T:30C,Temp & Humidity,"{""temperature"": 30.0, ""humidity"": 79.0}",-60.0,9.5,1,Isolation Forest ML Outlier
2026-08-18 22:25:29,H:79% T:30C,Temp & Humidity,"{""temperature"": 30.0, ""humidity"": 79.0}",-60.0,9.5,1,Isolation Forest ML Outlier
2026-08-18 22:25:29,H:79% T:30C,Temp & Humidity,"{""temperature"": 30.0, ""humidity"": 79.0}",-61.0,9.25,1,Isolation Forest ML Outlier
2026-08-18 22:25:29,H:79% T:30C,Temp & Humidity,"{""temperature"": 30.0, ""humidity"": 79.0}",-60.0,9.5,1,Isolation Forest ML Outlier
2026-08-18 22:25:29,H:79% T:30C,Temp & Humidity,"{""temperature"": 30.0, ""humidity"": 79.0}",-61.0,9.5,1,Isolation Forest ML Outlier
2026-08-18 22:25:29,H:79% T:30C,Temp & Humidity,"{""temperature"": 30.0, ""humidity"": 79.0}",-60.0,9.0,1,Isolation Forest ML Outlier
2026-08-18 22:25:29,H:79% T:30C,Temp & Humidity,"{""temperature"": 30.0, ""humidity"": 79.0}",-60.0,9.5,1,Isolation Forest ML Outlier
2026-08-18 22:25:29,H:79% T:30C,Temp & Humidity,"{""temperature"": 30.0, ""humidity"": 79.0}",-60.0,9.75,1,Isolation Forest ML Outlier
2026-08-18 22:25:29,H:79% T:30C,Temp & Humidity,"{""temperature"": 30.0, ""humidity"": 79.0}",-61.0,9.5,1,Isolation Forest ML Outlier
2026-08-18 22:25:30,H:79% T:30C,Temp & Humidity,"{""temperature"": 30.0, ""humidity"": 79.0}",-61.0,9.25,1,Isolation Forest ML Outlier
2026-08-18 22:25:30,H:79% T:30C,Temp & Humidity,"{""temperature"": 30.0, ""humidity"": 79.0}",-61.0,9.25,1,Isolation Forest ML Outlier
2026-08-18 22:25:30,H:79% T:30C,Temp & Humidity,"{""temperature"": 30.0, ""humidity"": 79.0}",-61.0,9.5,1,Isolation Forest ML Outlier
2026-08-18 22:25:30,H:79% T:30C,Temp & Humidity,"{""temperature"": 30.0, ""humidity"": 79.0}",-60.0,9.75,1,Isolation Forest ML Outlier
2026-08-18 22:25:30,H:79% T:30C,Temp & Humidity,"{""temperature"": 30.0, ""humidity"": 79.0}",-60.0,9.5,1,Isolation Forest ML Outlier
2026-08-18 22:25:30,H:79% T:30C,Temp & Humidity,"{""temperature"": 30.0, ""humidity"": 79.0}",-60.0,9.5,1,Isolation Forest ML Outlier
2026-08-18 22:25:30,H:79% T:30C,Temp & Humidity,"{""temperature"": 30.0, ""humidity"": 79.0}",-60.0,9.25,1,Isolation Forest ML Outlier
2026-08-18 22:25:30,H:79% T:30C,Temp & Humidity,"{""temperature"": 30.0, ""humidity"": 79.0}",-56.0,9.5,1,Isolation Forest ML Outlier
2026-08-18 22:25:30,H:79% T:30C,Temp & Humidity,"{""temperature"": 30.0, ""humidity"": 79.0}",-57.0,9.25,1,Isolation Forest ML Outlier
2026-08-18 22:25:30,H:79% T:30C,Temp & Humidity,"{""temperature"": 30.0, ""humidity"": 79.0}",-58.0,9.0,1,Isolation Forest ML Outlier
2026-08-18 22:25:30,H:79% T:30C,Temp & Humidity,"{""temperature"": 30.0, ""humidity"": 79.0}",-57.0,9.0,1,Isolation Forest ML Outlier
2026-08-18 22:25:30,H:79% T:30C,Temp & Humidity,"{""temperature"": 30.0, ""humidity"": 79.0}",-57.0,9.0,1,Isolation Forest ML Outlier
2026-08-18 22:25:30,H:79% T:30C,Temp & Humidity,"{""temperature"": 30.0, ""humidity"": 79.0}",-57.0,9.0,1,Isolation Forest ML Outlier
2026-08-18 22:25:30,H:79% T:30C,Temp & Humidity,"{""temperature"": 30.0, ""humidity"": 79.0}",-57.0,8.75,1,Isolation Forest ML Outlier
2026-08-18 22:25:30,H:79% T:30C,Temp & Humidity,"{""temperature"": 30.0, ""humidity"": 79.0}",-57.0,9.25,1,Isolation Forest ML Outlier
2026-08-18 22:25:30,H:79% T:30C,Temp & Humidity,"{""temperature"": 30.0, ""humidity"": 79.0}",-57.0,9.0,1,Isolation Forest ML Outlier
2026-08-18 22:25:30,H:79% T:30C,Temp & Humidity,"{""temperature"": 30.0, ""humidity"": 79.0}",-57.0,9.25,1,Isolation Forest ML Outlier
2026-08-18 22:25:30,H:79% T:30C,Temp & Humidity,"{""temperature"": 30.0, ""humidity"": 79.0}",-57.0,9.0,1,Isolation Forest ML Outlier
2026-08-18 22:25:30,H:79% T:30C,Temp & Humidity,"{""temperature"": 30.0, ""humidity"": 79.0}",-56.0,9.25,1,Isolation Forest ML Outlier
2026-08-18 22:25:30,H:79% T:30C,Temp & Humidity,"{""temperature"": 30.0, ""humidity"": 79.0}",-56.0,9.5,1,Isolation Forest ML Outlier
2026-08-18 22:25:30,H:79% T:30C,Temp & Humidity,"{""temperature"": 30.0, ""humidity"": 79.0}",-55.0,9.25,1,Isolation Forest ML Outlier
2026-08-18 22:25:30,H:79% T:30C,Temp & Humidity,"{""temperature"": 30.0, ""humidity"": 79.0}",-56.0,9.5,1,Isolation Forest ML Outlier
2026-08-18 22:25:30,H:79% T:30C,Temp & Humidity,"{""temperature"": 30.0, ""humidity"": 79.0}",-56.0,9.0,1,Isolation Forest ML Outlier
2026-08-18 22:25:30,H:79% T:30C,Temp & Humidity,"{""temperature"": 30.0, ""humidity"": 79.0}",-56.0,9.25,1,Isolation Forest ML Outlier
2026-08-18 22:25:30,H:79% T:30C,Temp & Humidity,"{""temperature"": 30.0, ""humidity"": 79.0}",-56.0,9.25,1,Isolation Forest ML Outlier
2026-08-18 22:25:30,H:79% T:30C,Temp & Humidity,"{""temperature"": 30.0, ""humidity"": 79.0}",-56.0,9.25,1,Isolation Forest ML Outlier
2026-08-18 22:25:30,H:79% T:30C,Temp & Humidity,"{""temperature"": 30.0, ""humidity"": 79.0}",-57.0,9.25,1,Isolation Forest ML Outlier
2026-08-18 22:25:30,H:79% T:30C,Temp & Humidity,"{""temperature"": 30.0, ""humidity"": 79.0}",-56.0,9.25,1,Isolation Forest ML Outlier
2026-08-18 22:25:30,H:79% T:30C,Temp & Humidity,"{""temperature"": 30.0, ""humidity"": 79.0}",-56.0,12.75,1,Isolation Forest ML Outlier
2026-08-18 22:25:30,H:79% T:30C,Temp & Humidity,"{""temperature"": 30.0, ""humidity"": 79.0}",-56.0,10.0,1,Isolation Forest ML Outlier
2026-08-18 22:25:30,H:79% T:30C,Temp & Humidity,"{""temperature"": 30.0, ""humidity"": 79.0}",-58.0,9.25,1,Isolation Forest ML Outlier
2026-08-18 22:25:30,H:79% T:30C,Temp & Humidity,"{""temperature"": 30.0, ""humidity"": 79.0}",-58.0,9.0,1,Isolation Forest ML Outlier
2026-08-18 22:25:30,H:79% T:30C,Temp & Humidity,"{""temperature"": 30.0, ""humidity"": 79.0}",-57.0,9.0,1,Isolation Forest ML Outlier
2026-08-18 22:25:30,H:79% T:30C,Temp & Humidity,"{""temperature"": 30.0, ""humidity"": 79.0}",-57.0,9.25,1,Isolation Forest ML Outlier
2026-08-18 22:25:30,H:79% T:30C,Temp & Humidity,"{""temperature"": 30.0, ""humidity"": 79.0}",-57.0,8.75,1,Isolation Forest ML Outlier
2026-08-18 22:25:30,H:79% T:30C,Temp & Humidity,"{""temperature"": 30.0, ""humidity"": 79.0}",-57.0,8.5,1,Isolation Forest ML Outlier
2026-08-18 22:25:30,H:79% T:30C,Temp & Humidity,"{""temperature"": 30.0, ""humidity"": 79.0}",-56.0,9.5,1,Isolation Forest ML Outlier
2026-08-18 22:25:30,H:79% T:30C,Temp & Humidity,"{""temperature"": 30.0, ""humidity"": 79.0}",-57.0,9.0,1,Isolation Forest ML Outlier
2026-08-18 22:25:30,H:79% T:30C,Temp & Humidity,"{""temperature"": 30.0, ""humidity"": 79.0}",-57.0,9.25,1,Isolation Forest ML Outlier
2026-08-18 22:25:30,H:79% T:30C,Temp & Humidity,"{""temperature"": 30.0, ""humidity"": 79.0}",-57.0,9.25,1,Isolation Forest ML Outlier
2026-08-18 22:25:30,H:79% T:30C,Temp & Humidity,"{""temperature"": 30.0, ""humidity"": 79.0}",-57.0,9.5,1,Isolation Forest ML Outlier
2026-08-18 22:25:30,H:79% T:30C,Temp & Humidity,"{""temperature"": 30.0, ""humidity"": 79.0}",-57.0,9.0,1,Isolation Forest ML Outlier
2026-08-18 22:25:30,H:79% T:30C,Temp & Humidity,"{""temperature"": 30.0, ""humidity"": 79.0}",-57.0,8.75,1,Isolation Forest ML Outlier
2026-08-18 22:25:30,H:79% T:30C,Temp & Humidity,"{""temperature"": 30.0, ""humidity"": 79.0}",-58.0,9.5,1,Isolation Forest ML Outlier
2026-08-18 22:25:30,H:79% T:30C,Temp & Humidity,"{""temperature"": 30.0, ""humidity"": 79.0}",-58.0,9.5,1,Isolation Forest ML Outlier
2026-08-18 22:25:30,H:79% T:30C,Temp & Humidity,"{""temperature"": 30.0, ""humidity"": 79.0}",-58.0,9.5,1,Isolation Forest ML Outlier
2026-08-18 22:25:30,H:79% T:30C,Temp & Humidity,"{""temperature"": 30.0, ""humidity"": 79.0}",-59.0,9.25,1,Isolation Forest ML Outlier
2026-08-18 22:25:30,H:79% T:30C,Temp & Humidity,"{""temperature"": 30.0, ""humidity"": 79.0}",-58.0,9.0,1,Isolation Forest ML Outlier
2026-08-18 22:25:30,H:79% T:30C,Temp & Humidity,"{""temperature"": 30.0, ""humidity"": 79.0}",-59.0,9.25,1,Isolation Forest ML Outlier
2026-08-18 22:25:30,H:79% T:30C,Temp & Humidity,"{""temperature"": 30.0, ""humidity"": 79.0}",-58.0,9.5,1,Isolation Forest ML Outlier
2026-08-18 22:25:30,H:79% T:30C,Temp & Humidity,"{""temperature"": 30.0, ""humidity"": 79.0}",-59.0,9.25,1,Isolation Forest ML Outlier
2026-08-18 22:25:30,H:79% T:30C,Temp & Humidity,"{""temperature"": 30.0, ""humidity"": 79.0}",-58.0,9.25,1,Isolation Forest ML Outlier
2026-08-18 22:25:30,H:79% T:30C,Temp & Humidity,"{""temperature"": 30.0, ""humidity"": 79.0}",-58.0,9.5,1,Isolation Forest ML Outlier
2026-08-18 22:25:30,H:79% T:30C,Temp & Humidity,"{""temperature"": 30.0, ""humidity"": 79.0}",-57.0,9.0,1,Isolation Forest ML Outlier
2026-08-18 22:25:30,H:79% T:30C,Temp & Humidity,"{""temperature"": 30.0, ""humidity"": 79.0}",-58.0,9.25,1,Isolation Forest ML Outlier
2026-08-18 22:25:30,H:79% T:30C,Temp & Humidity,"{""temperature"": 30.0, ""humidity"": 79.0}",-58.0,9.25,1,Isolation Forest ML Outlier
2026-08-18 22:25:30,H:79% T:30C,Temp & Humidity,"{""temperature"": 30.0, ""humidity"": 79.0}",-58.0,9.0,1,Isolation Forest ML Outlier
2026-08-18 22:25:30,H:79% T:30C,Temp & Humidity,"{""temperature"": 30.0, ""humidity"": 79.0}",-58.0,9.5,1,Isolation Forest ML Outlier
2026-08-18 22:25:30,H:79% T:30C,Temp & Humidity,"{""temperature"": 30.0, ""humidity"": 79.0}",-58.0,9.0,1,Isolation Forest ML Outlier
2026-08-18 22:25:30,H:79% T:30C,Temp & Humidity,"{""temperature"": 30.0, ""humidity"": 79.0}",-58.0,9.5,1,Isolation Forest ML Outlier
2026-08-18 22:25:30,H:79% T:30C,Temp & Humidity,"{""temperature"": 30.0, ""humidity"": 79.0}",-58.0,9.25,1,Isolation Forest ML Outlier
2026-08-18 22:25:30,H:79% T:30C,Temp & Humidity,"{""temperature"": 30.0, ""humidity"": 79.0}",-58.0,9.0,1,Isolation Forest ML Outlier
2026-08-18 22:25:30,H:79% T:30C,Temp & Humidity,"{""temperature"": 30.0, ""humidity"": 79.0}",-58.0,9.25,1,Isolation Forest ML Outlier
2026-08-18 22:25:30,H:79% T:30C,Temp & Humidity,"{""temperature"": 30.0, ""humidity"": 79.0}",-58.0,9.0,1,Isolation Forest ML Outlier
2026-08-18 22:25:30,H:79% T:30C,Temp & Humidity,"{""temperature"": 30.0, ""humidity"": 79.0}",-58.0,9.25,1,Isolation Forest ML Outlier
2026-08-18 22:25:30,H:79% T:30C,Temp & Humidity,"{""temperature"": 30.0, ""humidity"": 79.0}",-58.0,9.25,1,Isolation Forest ML Outlier
2026-08-18 22:25:30,H:79% T:30C,Temp & Humidity,"{""temperature"": 30.0, ""humidity"": 79.0}",-58.0,9.0,1,Isolation Forest ML Outlier
2026-08-18 22:25:30,H:79% T:30C,Temp & Humidity,"{""temperature"": 30.0, ""humidity"": 79.0}",-53.0,9.0,1,Isolation Forest ML Outlier
2026-08-18 22:25:30,H:79% T:30C,Temp & Humidity,"{""temperature"": 30.0, ""humidity"": 79.0}",-51.0,9.5,1,Isolation Forest ML Outlier
2026-08-18 22:25:30,H:79% T:30C,Temp & Humidity,"{""temperature"": 30.0, ""humidity"": 79.0}",-50.0,9.25,0,Normal
2026-08-18 22:25:30,H:79% T:30C,Temp & Humidity,"{""temperature"": 30.0, ""humidity"": 79.0}",-53.0,9.25,1,Isolation Forest ML Outlier
2026-08-18 22:25:30,H:79% T:30C,Temp & Humidity,"{""temperature"": 30.0, ""humidity"": 79.0}",-50.0,9.75,0,Normal
2026-08-18 22:25:30,H:79% T:30C,Temp & Humidity,"{""temperature"": 30.0, ""humidity"": 79.0}",-43.0,9.75,0,Normal
2026-08-18 22:25:30,H:79% T:30C,Temp & Humidity,"{""temperature"": 30.0, ""humidity"": 79.0}",-43.0,9.25,0,Normal
2026-08-18 22:25:30,H:79% T:30C,Temp & Humidity,"{""temperature"": 30.0, ""humidity"": 79.0}",-52.0,9.75,1,Isolation Forest ML Outlier
2026-08-18 22:25:30,H:79% T:30C,Temp & Humidity,"{""temperature"": 30.0, ""humidity"": 79.0}",-42.0,9.25,0,Normal
2026-08-18 22:25:30,H:79% T:30C,Temp & Humidity,"{""temperature"": 30.0, ""humidity"": 79.0}",-43.0,9.5,0,Normal
2026-08-18 22:25:30,H:79% T:30C,Temp & Humidity,"{""temperature"": 30.0, ""humidity"": 79.0}",-43.0,9.75,0,Normal
2026-08-18 22:25:30,H:79% T:30C,Temp & Humidity,"{""temperature"": 30.0, ""humidity"": 79.0}",-41.0,5.5,0,Normal
2026-08-18 22:25:30,H:79% T:30C,Temp & Humidity,"{""temperature"": 30.0, ""humidity"": 79.0}",-42.0,9.25,0,Normal
2026-08-18 22:25:30,H:79% T:30C,Temp & Humidity,"{""temperature"": 30.0, ""humidity"": 79.0}",-43.0,9.25,0,Normal
2026-08-18 22:25:30,H:79% T:30C,Temp & Humidity,"{""temperature"": 30.0, ""humidity"": 79.0}",-43.0,9.25,0,Normal
2026-08-18 22:25:30,H:79% T:30C,Temp & Humidity,"{""temperature"": 30.0, ""humidity"": 79.0}",-42.0,9.5,0,Normal
2026-08-18 22:25:30,H:79% T:30C,Temp & Humidity,"{""temperature"": 30.0, ""humidity"": 79.0}",-43.0,9.25,0,Normal
2026-08-18 22:25:30,H:79% T:30C,Temp & Humidity,"{""temperature"": 30.0, ""humidity"": 79.0}",-42.0,9.5,0,Normal
2026-08-18 22:25:30,H:79% T:30C,Temp & Humidity,"{""temperature"": 30.0, ""humidity"": 79.0}",-47.0,9.25,0,Normal
2026-08-18 22:25:30,H:79% T:30C,Temp & Humidity,"{""temperature"": 30.0, ""humidity"": 79.0}",-42.0,9.0,0,Normal
2026-08-18 22:25:30,H:79% T:30C,Temp & Humidity,"{""temperature"": 30.0, ""humidity"": 79.0}",-42.0,9.25,0,Normal
2026-08-18 22:25:30,H:79% T:30C,Temp & Humidity,"{""temperature"": 30.0, ""humidity"": 79.0}",-43.0,9.25,0,Normal
2026-08-18 22:25:30,H:79% T:30C,Temp & Humidity,"{""temperature"": 30.0, ""humidity"": 79.0}",-42.0,9.5,0,Normal
2026-08-18 22:25:30,H:79% T:30C,Temp & Humidity,"{""temperature"": 30.0, ""humidity"": 79.0}",-43.0,9.25,0,Normal
2026-08-18 22:25:30,H:79% T:30C,Temp & Humidity,"{""temperature"": 30.0, ""humidity"": 79.0}",-43.0,9.25,0,Normal
2026-08-18 22:25:30,H:79% T:30C,Temp & Humidity,"{""temperature"": 30.0, ""humidity"": 79.0}",-43.0,9.5,0,Normal
2026-08-18 22:25:30,H:79% T:30C,Temp & Humidity,"{""temperature"": 30.0, ""humidity"": 79.0}",-43.0,9.25,0,Normal
2026-08-18 22:25:30,H:79% T:30C,Temp & Humidity,"{""temperature"": 30.0, ""humidity"": 79.0}",-43.0,9.5,0,Normal
2026-08-18 22:25:30,H:79% T:30C,Temp & Humidity,"{""temperature"": 30.0, ""humidity"": 79.0}",-43.0,9.5,0,Normal
2026-08-18 22:25:30,H:79% T:30C,Temp & Humidity,"{""temperature"": 30.0, ""humidity"": 79.0}",-43.0,9.5,0,Normal
2026-08-18 22:25:30,H:79% T:30C,Temp & Humidity,"{""temperature"": 30.0, ""humidity"": 79.0}",-44.0,9.5,0,Normal
2026-08-18 22:25:30,H:79% T:30C,Temp & Humidity,"{""temperature"": 30.0, ""humidity"": 79.0}",-44.0,9.25,0,Normal
2026-08-18 22:25:30,H:79% T:30C,Temp & Humidity,"{""temperature"": 30.0, ""humidity"": 79.0}",-43.0,9.0,0,Normal
2026-08-18 22:25:30,H:79% T:30C,Temp & Humidity,"{""temperature"": 30.0, ""humidity"": 79.0}",-47.0,9.25,0,Normal
2026-08-18 22:25:30,H:79% T:30C,Temp & Humidity,"{""temperature"": 30.0, ""humidity"": 79.0}",-42.0,9.5,0,Normal
2026-08-18 22:25:30,H:79% T:30C,Temp & Humidity,"{""temperature"": 30.0, ""humidity"": 79.0}",-42.0,9.0,0,Normal
2026-08-18 22:25:30,H:79% T:30C,Temp & Humidity,"{""temperature"": 30.0, ""humidity"": 79.0}",-42.0,9.5,0,Normal
2026-08-18 22:25:30,H:79% T:30C,Temp & Humidity,"{""temperature"": 30.0, ""humidity"": 79.0}",-42.0,9.25,0,Normal
2026-08-18 22:25:30,H:79% T:30C,Temp & Humidity,"{""temperature"": 30.0, ""humidity"": 79.0}",-43.0,9.25,0,Normal
2026-08-18 22:25:30,H:79% T:30C,Temp & Humidity,"{""temperature"": 30.0, ""humidity"": 79.0}",-42.0,9.5,0,Normal
2026-08-18 22:25:30,H:79% T:30C,Temp & Humidity,"{""temperature"": 30.0, ""humidity"": 79.0}",-40.0,8.0,0,Normal
2026-08-18 22:25:30,H:79% T:30C,Temp & Humidity,"{""temperature"": 30.0, ""humidity"": 79.0}",-42.0,8.75,0,Normal
2026-08-18 22:25:30,H:79% T:30C,Temp & Humidity,"{""temperature"": 30.0, ""humidity"": 79.0}",-42.0,9.5,0,Normal
2026-08-18 22:25:30,H:79% T:30C,Temp & Humidity,"{""temperature"": 30.0, ""humidity"": 79.0}",-43.0,9.25,0,Normal
2026-08-18 22:25:30,H:79% T:30C,Temp & Humidity,"{""temperature"": 30.0, ""humidity"": 79.0}",-43.0,9.25,0,Normal
2026-08-18 22:25:30,H:79% T:30C,Temp & Humidity,"{""temperature"": 30.0, ""humidity"": 79.0}",-43.0,9.25,0,Normal
2026-08-18 22:25:30,H:79% T:30C,Temp & Humidity,"{""temperature"": 30.0, ""humidity"": 79.0}",-43.0,9.5,0,Normal
2026-08-18 22:25:30,H:79% T:30C,Temp & Humidity,"{""temperature"": 30.0, ""humidity"": 79.0}",-43.0,9.0,0,Normal
2026-08-18 22:25:30,H:79% T:30C,Temp & Humidity,"{""temperature"": 30.0, ""humidity"": 79.0}",-43.0,9.0,0,Normal
2026-08-18 22:25:30,H:79% T:30C,Temp & Humidity,"{""temperature"": 30.0, ""humidity"": 79.0}",-42.0,9.5,0,Normal
2026-08-18 22:25:30,H:79% T:30C,Temp & Humidity,"{""temperature"": 30.0, ""humidity"": 79.0}",-42.0,9.25,0,Normal
2026-08-18 22:25:30,H:79% T:30C,Temp & Humidity,"{""temperature"": 30.0, ""humidity"": 79.0}",-42.0,9.25,0,Normal
2026-08-18 22:25:30,H:79% T:30C,Temp & Humidity,"{""temperature"": 30.0, ""humidity"": 79.0}",-43.0,9.25,0,Normal
2026-08-18 22:25:30,H:79% T:30C,Temp & Humidity,"{""temperature"": 30.0, ""humidity"": 79.0}",-43.0,9.25,0,Normal
2026-08-18 22:25:30,H:79% T:30C,Temp & Humidity,"{""temperature"": 30.0, ""humidity"": 79.0}",-43.0,9.5,0,Normal
2026-08-18 22:25:30,H:79% T:30C,Temp & Humidity,"{""temperature"": 30.0, ""humidity"": 79.0}",-43.0,9.25,0,Normal
2026-08-18 22:25:30,H:79% T:30C,Temp & Humidity,"{""temperature"": 30.0, ""humidity"": 79.0}",-42.0,9.5,0,Normal
2026-08-18 22:25:30,H:79% T:30C,Temp & Humidity,"{""temperature"": 30.0, ""humidity"": 79.0}",-43.0,9.25,0,Normal
2026-08-18 22:25:30,H:79% T:30C,Temp & Humidity,"{""temperature"": 30.0, ""humidity"": 79.0}",-42.0,9.25,0,Normal
2026-08-18 22:25:30,H:79% T:30C,Temp & Humidity,"{""temperature"": 30.0, ""humidity"": 79.0}",-42.0,9.5,0,Normal
2026-08-18 22:25:30,H:79% T:30C,Temp & Humidity,"{""temperature"": 30.0, ""humidity"": 79.0}",-42.0,9.5,0,Normal
2026-08-18 22:25:30,H:79% T:30C,Temp & Humidity,"{""temperature"": 30.0, ""humidity"": 79.0}",-42.0,9.0,0,Normal
2026-08-18 22:25:30,H:79% T:30C,Temp & Humidity,"{""temperature"": 30.0, ""humidity"": 79.0}",-42.0,9.5,0,Normal
2026-08-18 22:25:30,H:79% T:30C,Temp & Humidity,"{""temperature"": 30.0, ""humidity"": 79.0}",-42.0,9.5,0,Normal
2026-08-18 22:25:30,H:79% T:30C,Temp & Humidity,"{""temperature"": 30.0, ""humidity"": 79.0}",-42.0,9.25,0,Normal
2026-08-18 22:25:30,H:79% T:30C,Temp & Humidity,"{""temperature"": 30.0, ""humidity"": 79.0}",-42.0,9.25,0,Normal
2026-08-18 22:25:30,H:79% T:30C,Temp & Humidity,"{""temperature"": 30.0, ""humidity"": 79.0}",-42.0,9.5,0,Normal
2026-08-18 22:25:30,H:79% T:30C,Temp & Humidity,"{""temperature"": 30.0, ""humidity"": 79.0}",-42.0,9.25,0,Normal
2026-08-18 22:25:30,H:79% T:30C,Temp & Humidity,"{""temperature"": 30.0, ""humidity"": 79.0}",-42.0,9.5,0,Normal
2026-08-18 22:25:30,H:79% T:30C,Temp & Humidity,"{""temperature"": 30.0, ""humidity"": 79.0}",-42.0,9.5,0,Normal
2026-08-18 22:25:30,H:79% T:30C,Temp & Humidity,"{""temperature"": 30.0, ""humidity"": 79.0}",-42.0,9.25,0,Normal
2026-08-18 22:25:30,H:79% T:30C,Temp & Humidity,"{""temperature"": 30.0, ""humidity"": 79.0}",-42.0,9.25,0,Normal
2026-08-18 22:25:30,H:79% T:30C,Temp & Humidity,"{""temperature"": 30.0, ""humidity"": 79.0}",-47.0,9.25,0,Normal
2026-08-18 22:25:30,H:79% T:30C,Temp & Humidity,"{""temperature"": 30.0, ""humidity"": 79.0}",-42.0,9.25,0,Normal
2026-08-18 22:25:30,H:79% T:30C,Temp & Humidity,"{""temperature"": 30.0, ""humidity"": 79.0}",-42.0,9.5,0,Normal
2026-08-18 22:25:30,H:79% T:30C,Temp & Humidity,"{""temperature"": 30.0, ""humidity"": 79.0}",-42.0,9.5,0,Normal
2026-08-18 22:25:30,H:79% T:30C,Temp & Humidity,"{""temperature"": 30.0, ""humidity"": 79.0}",-42.0,9.5,0,Normal
2026-08-18 22:25:30,H:79% T:30C,Temp & Humidity,"{""temperature"": 30.0, ""humidity"": 79.0}",-42.0,9.5,0,Normal
2026-08-18 22:25:30,H:79% T:30C,Temp & Humidity,"{""temperature"": 30.0, ""humidity"": 79.0}",-42.0,9.25,0,Normal
2026-08-18 22:25:30,H:79% T:30C,Temp & Humidity,"{""temperature"": 30.0, ""humidity"": 79.0}",-42.0,9.0,0,Normal
2026-08-18 22:25:30,H:79% T:30C,Temp & Humidity,"{""temperature"": 30.0, ""humidity"": 79.0}",-42.0,9.5,0,Normal
2026-08-18 22:25:30,H:79% T:30C,Temp & Humidity,"{""temperature"": 30.0, ""humidity"": 79.0}",-42.0,9.25,0,Normal
2026-08-18 22:25:30,H:79% T:30C,Temp & Humidity,"{""temperature"": 30.0, ""humidity"": 79.0}",-42.0,9.0,0,Normal
2026-08-18 22:25:30,H:79% T:30C,Temp & Humidity,"{""temperature"": 30.0, ""humidity"": 79.0}",-42.0,9.75,0,Normal
2026-08-18 22:25:30,H:79% T:30C,Temp & Humidity,"{""temperature"": 30.0, ""humidity"": 79.0}",-42.0,9.0,0,Normal
2026-08-18 22:25:30,H:79% T:30C,Temp & Humidity,"{""temperature"": 30.0, ""humidity"": 79.0}",-42.0,9.75,0,Normal
2026-08-18 22:25:30,H:79% T:30C,Temp & Humidity,"{""temperature"": 30.0, ""humidity"": 79.0}",-42.0,8.75,0,Normal
2026-08-18 22:25:30,H:79% T:30C,Temp & Humidity,"{""temperature"": 30.0, ""humidity"": 79.0}",-42.0,9.25,0,Normal
2026-08-18 22:25:30,H:79% T:30C,Temp & Humidity,"{""temperature"": 30.0, ""humidity"": 79.0}",-42.0,9.25,0,Normal
2026-08-18 22:25:30,H:79% T:30C,Temp & Humidity,"{""temperature"": 30.0, ""humidity"": 79.0}",-41.0,9.5,0,Normal
2026-08-18 22:25:30,H:79% T:30C,Temp & Humidity,"{""temperature"": 30.0, ""humidity"": 79.0}",-42.0,9.25,0,Normal
2026-08-18 22:25:30,H:79% T:30C,Temp & Humidity,"{""temperature"": 30.0, ""humidity"": 79.0}",-42.0,9.5,0,Normal
2026-08-18 22:25:30,H:79% T:30C,Temp & Humidity,"{""temperature"": 30.0, ""humidity"": 79.0}",-42.0,12.25,0,Normal
2026-08-18 22:25:30,H:79% T:30C,Temp & Humidity,"{""temperature"": 30.0, ""humidity"": 79.0}",-42.0,9.5,0,Normal
2026-08-18 22:25:30,H:79% T:30C,Temp & Humidity,"{""temperature"": 30.0, ""humidity"": 79.0}",-42.0,9.25,0,Normal
2026-08-18 22:25:30,H:79% T:30C,Temp & Humidity,"{""temperature"": 30.0, ""humidity"": 79.0}",-42.0,9.25,0,Normal
2026-08-18 22:25:30,H:79% T:30C,Temp & Humidity,"{""temperature"": 30.0, ""humidity"": 79.0}",-41.0,9.0,0,Normal
2026-08-18 22:25:30,H:79% T:30C,Temp & Humidity,"{""temperature"": 30.0, ""humidity"": 79.0}",-42.0,9.25,0,Normal
2026-08-18 22:25:30,H:79% T:30C,Temp & Humidity,"{""temperature"": 30.0, ""humidity"": 79.0}",-42.0,11.5,0,Normal
2026-08-18 22:25:30,H:79% T:30C,Temp & Humidity,"{""temperature"": 30.0, ""humidity"": 79.0}",-42.0,9.75,0,Normal
2026-08-18 22:25:30,H:79% T:30C,Temp & Humidity,"{""temperature"": 30.0, ""humidity"": 79.0}",-42.0,9.0,0,Normal
2026-08-18 22:25:30,H:79% T:30C,Temp & Humidity,"{""temperature"": 30.0, ""humidity"": 79.0}",-42.0,9.5,0,Normal
2026-08-18 22:25:30,H:79% T:30C,Temp & Humidity,"{""temperature"": 30.0, ""humidity"": 79.0}",-41.0,9.5,0,Normal
2026-08-18 22:25:30,H:79% T:30C,Temp & Humidity,"{""temperature"": 30.0, ""humidity"": 79.0}",-42.0,9.25,0,Normal
2026-08-18 22:25:30,H:79% T:30C,Temp & Humidity,"{""temperature"": 30.0, ""humidity"": 79.0}",-42.0,9.5,0,Normal
2026-08-18 22:25:30,H:80% T:30C,Temp & Humidity,"{""temperature"": 30.0, ""humidity"": 80.0}",-42.0,9.5,1,Sudden Humidity Shift (+1000.0%/min)
2026-08-18 22:25:30,H:79% T:30C,Temp & Humidity,"{""temperature"": 30.0, ""humidity"": 79.0}",-42.0,9.25,1,Sudden Humidity Shift (-1000.0%/min)
2026-08-18 22:25:30,H:79% T:30C,Temp & Humidity,"{""temperature"": 30.0, ""humidity"": 79.0}",-41.0,9.75,0,Normal
2026-08-18 22:25:30,H:80% T:30C,Temp & Humidity,"{""temperature"": 30.0, ""humidity"": 80.0}",-42.0,9.25,1,Sudden Humidity Shift (+1000.0%/min)
2026-08-18 22:25:30,H:80% T:30C,Temp & Humidity,"{""temperature"": 30.0, ""humidity"": 80.0}",-42.0,9.5,0,Normal
2026-08-18 22:25:30,H:80% T:30C,Temp & Humidity,"{""temperature"": 30.0, ""humidity"": 80.0}",-42.0,9.25,0,Normal
2026-08-18 22:25:30,H:80% T:30C,Temp & Humidity,"{""temperature"": 30.0, ""humidity"": 80.0}",-42.0,9.0,0,Normal
2026-08-18 22:25:30,H:80% T:30C,Temp & Humidity,"{""temperature"": 30.0, ""humidity"": 80.0}",-42.0,9.5,0,Normal
2026-08-18 22:25:30,H:80% T:30C,Temp & Humidity,"{""temperature"": 30.0, ""humidity"": 80.0}",-42.0,9.5,0,Normal
2026-08-18 22:25:30,H:80% T:30C,Temp & Humidity,"{""temperature"": 30.0, ""humidity"": 80.0}",-42.0,9.25,0,Normal
2026-08-18 22:25:30,H:80% T:30C,Temp & Humidity,"{""temperature"": 30.0, ""humidity"": 80.0}",-42.0,9.5,0,Normal
2026-08-18 22:25:30,H:80% T:30C,Temp & Humidity,"{""temperature"": 30.0, ""humidity"": 80.0}",-42.0,9.0,0,Normal
2026-08-18 22:25:30,H:80% T:30C,Temp & Humidity,"{""temperature"": 30.0, ""humidity"": 80.0}",-42.0,9.5,0,Normal
2026-08-18 22:25:30,H:80% T:30C,Temp & Humidity,"{""temperature"": 30.0, ""humidity"": 80.0}",-42.0,9.25,0,Normal
2026-08-18 22:25:30,H:80% T:30C,Temp & Humidity,"{""temperature"": 30.0, ""humidity"": 80.0}",-42.0,9.75,0,Normal
2026-08-18 22:25:30,H:80% T:30C,Temp & Humidity,"{""temperature"": 30.0, ""humidity"": 80.0}",-42.0,9.0,0,Normal
2026-08-18 22:25:30,H:80% T:30C,Temp & Humidity,"{""temperature"": 30.0, ""humidity"": 80.0}",-42.0,9.5,0,Normal
2026-08-18 22:25:30,H:80% T:30C,Temp & Humidity,"{""temperature"": 30.0, ""humidity"": 80.0}",-42.0,9.25,0,Normal
2026-08-18 22:25:30,H:80% T:30C,Temp & Humidity,"{""temperature"": 30.0, ""humidity"": 80.0}",-41.0,9.75,0,Normal
2026-08-18 22:25:30,H:80% T:30C,Temp & Humidity,"{""temperature"": 30.0, ""humidity"": 80.0}",-41.0,9.0,0,Normal
2026-08-18 22:25:30,H:80% T:30C,Temp & Humidity,"{""temperature"": 30.0, ""humidity"": 80.0}",-42.0,9.25,0,Normal
2026-08-18 22:25:30,H:80% T:30C,Temp & Humidity,"{""temperature"": 30.0, ""humidity"": 80.0}",-42.0,9.25,0,Normal
2026-08-18 22:25:30,H:80% T:30C,Temp & Humidity,"{""temperature"": 30.0, ""humidity"": 80.0}",-42.0,9.75,0,Normal
2026-08-18 22:25:30,H:80% T:30C,Temp & Humidity,"{""temperature"": 30.0, ""humidity"": 80.0}",-41.0,9.25,0,Normal
2026-08-18 22:25:30,H:80% T:30C,Temp & Humidity,"{""temperature"": 30.0, ""humidity"": 80.0}",-41.0,9.25,0,Normal
2026-08-18 22:25:30,H:81% T:30C,Temp & Humidity,"{""temperature"": 30.0, ""humidity"": 81.0}",-42.0,9.5,1,Sudden Humidity Shift (+1000.0%/min)
2026-08-18 22:25:30,H:81% T:30C,Temp & Humidity,"{""temperature"": 30.0, ""humidity"": 81.0}",-42.0,9.5,0,Normal
2026-08-18 22:25:30,H:81% T:30C,Temp & Humidity,"{""temperature"": 30.0, ""humidity"": 81.0}",-42.0,9.25,0,Normal
2026-08-18 22:25:30,H:81% T:30C,Temp & Humidity,"{""temperature"": 30.0, ""humidity"": 81.0}",-42.0,9.5,0,Normal
2026-08-18 22:25:30,H:81% T:30C,Temp & Humidity,"{""temperature"": 30.0, ""humidity"": 81.0}",-42.0,9.25,0,Normal
2026-08-18 22:25:30,H:81% T:30C,Temp & Humidity,"{""temperature"": 30.0, ""humidity"": 81.0}",-42.0,9.5,0,Normal
2026-08-18 22:25:30,H:81% T:30C,Temp & Humidity,"{""temperature"": 30.0, ""humidity"": 81.0}",-42.0,9.25,0,Normal
2026-08-18 22:25:30,H:81% T:30C,Temp & Humidity,"{""temperature"": 30.0, ""humidity"": 81.0}",-42.0,9.5,0,Normal
2026-08-18 22:25:30,H:81% T:30C,Temp & Humidity,"{""temperature"": 30.0, ""humidity"": 81.0}",-47.0,8.75,0,Normal
2026-08-18 22:25:30,H:81% T:30C,Temp & Humidity,"{""temperature"": 30.0, ""humidity"": 81.0}",-42.0,9.75,0,Normal
2026-08-18 22:25:30,H:81% T:30C,Temp & Humidity,"{""temperature"": 30.0, ""humidity"": 81.0}",-42.0,9.25,0,Normal
2026-08-18 22:25:30,H:81% T:30C,Temp & Humidity,"{""temperature"": 30.0, ""humidity"": 81.0}",-42.0,9.75,0,Normal
2026-08-18 22:25:30,H:81% T:30C,Temp & Humidity,"{""temperature"": 30.0, ""humidity"": 81.0}",-47.0,9.0,0,Normal
2026-08-18 22:25:30,H:81% T:30C,Temp & Humidity,"{""temperature"": 30.0, ""humidity"": 81.0}",-42.0,9.5,0,Normal
2026-08-18 22:25:30,H:81% T:30C,Temp & Humidity,"{""temperature"": 30.0, ""humidity"": 81.0}",-42.0,9.5,0,Normal
2026-08-18 22:25:30,H:81% T:30C,Temp & Humidity,"{""temperature"": 30.0, ""humidity"": 81.0}",-42.0,9.25,0,Normal
2026-08-18 22:25:30,H:81% T:30C,Temp & Humidity,"{""temperature"": 30.0, ""humidity"": 81.0}",-42.0,9.25,0,Normal
2026-08-18 22:25:30,H:81% T:30C,Temp & Humidity,"{""temperature"": 30.0, ""humidity"": 81.0}",-42.0,9.75,0,Normal
2026-08-18 22:25:30,H:81% T:30C,Temp & Humidity,"{""temperature"": 30.0, ""humidity"": 81.0}",-42.0,9.25,0,Normal
2026-08-18 22:25:30,H:80% T:30C,Temp & Humidity,"{""temperature"": 30.0, ""humidity"": 80.0}",-42.0,9.75,1,Sudden Humidity Shift (-1000.0%/min)
2026-08-18 22:25:30,H:80% T:30C,Temp & Humidity,"{""temperature"": 30.0, ""humidity"": 80.0}",-42.0,9.25,0,Normal
2026-08-18 22:25:30,H:81% T:30C,Temp & Humidity,"{""temperature"": 30.0, ""humidity"": 81.0}",-42.0,12.5,1,Sudden Humidity Shift (+1000.0%/min)
2026-08-18 22:25:30,H:81% T:30C,Temp & Humidity,"{""temperature"": 30.0, ""humidity"": 81.0}",-42.0,9.5,0,Normal
2026-08-18 22:25:30,H:81% T:30C,Temp & Humidity,"{""temperature"": 30.0, ""humidity"": 81.0}",-42.0,9.25,0,Normal
2026-08-18 22:25:30,H:80% T:30C,Temp & Humidity,"{""temperature"": 30.0, ""humidity"": 80.0}",-42.0,9.5,1,Sudden Humidity Shift (-1000.0%/min)
2026-08-18 22:25:30,H:80% T:30C,Temp & Humidity,"{""temperature"": 30.0, ""humidity"": 80.0}",-42.0,9.75,0,Normal
2026-08-18 22:25:30,H:80% T:30C,Temp & Humidity,"{""temperature"": 30.0, ""humidity"": 80.0}",-42.0,9.5,0,Normal
2026-08-18 22:25:30,H:81% T:30C,Temp & Humidity,"{""temperature"": 30.0, ""humidity"": 81.0}",-42.0,9.5,1,Sudden Humidity Shift (+1000.0%/min)
2026-08-18 22:25:30,H:81% T:30C,Temp & Humidity,"{""temperature"": 30.0, ""humidity"": 81.0}",-41.0,9.75,0,Normal
2026-08-18 22:25:30,H:81% T:30C,Temp & Humidity,"{""temperature"": 30.0, ""humidity"": 81.0}",-42.0,9.25,0,Normal
2026-08-18 22:25:30,H:80% T:30C,Temp & Humidity,"{""temperature"": 30.0, ""humidity"": 80.0}",-42.0,9.25,1,Sudden Humidity Shift (-1000.0%/min)
2026-08-18 22:25:30,H:81% T:30C,Temp & Humidity,"{""temperature"": 30.0, ""humidity"": 81.0}",-42.0,9.5,0,Normal
2026-08-18 22:25:30,H:80% T:30C,Temp & Humidity,"{""temperature"": 30.0, ""humidity"": 80.0}",-42.0,9.25,0,Normal
2026-08-18 22:25:30,H:81% T:30C,Temp & Humidity,"{""temperature"": 30.0, ""humidity"": 81.0}",-42.0,9.75,0,Normal
2026-08-18 22:25:30,H:80% T:30C,Temp & Humidity,"{""temperature"": 30.0, ""humidity"": 80.0}",-42.0,9.25,0,Normal
2026-08-18 22:25:30,H:81% T:30C,Temp & Humidity,"{""temperature"": 30.0, ""humidity"": 81.0}",-42.0,9.75,0,Normal
2026-08-18 22:25:30,H:81% T:30C,Temp & Humidity,"{""temperature"": 30.0, ""humidity"": 81.0}",-47.0,9.5,0,Normal
2026-08-18 22:25:30,H:81% T:30C,Temp & Humidity,"{""temperature"": 30.0, ""humidity"": 81.0}",-42.0,9.5,0,Normal
2026-08-18 22:25:30,H:81% T:30C,Temp & Humidity,"{""temperature"": 30.0, ""humidity"": 81.0}",-42.0,9.25,0,Normal
2026-08-18 22:25:30,H:81% T:30C,Temp & Humidity,"{""temperature"": 30.0, ""humidity"": 81.0}",-42.0,9.5,0,Normal
2026-08-18 22:25:30,H:81% T:30C,Temp & Humidity,"{""temperature"": 30.0, ""humidity"": 81.0}",-42.0,9.5,0,Normal
2026-08-18 22:25:30,H:80% T:30C,Temp & Humidity,"{""temperature"": 30.0, ""humidity"": 80.0}",-47.0,9.25,0,Normal
2026-08-18 22:25:30,H:81% T:30C,Temp & Humidity,"{""temperature"": 30.0, ""humidity"": 81.0}",-42.0,9.25,0,Normal
2026-08-18 22:25:30,H:81% T:30C,Temp & Humidity,"{""temperature"": 30.0, ""humidity"": 81.0}",-42.0,9.25,0,Normal
2026-08-18 22:25:30,H:81% T:30C,Temp & Humidity,"{""temperature"": 30.0, ""humidity"": 81.0}",-42.0,9.25,0,Normal
2026-08-18 22:25:30,H:81% T:30C,Temp & Humidity,"{""temperature"": 30.0, ""humidity"": 81.0}",-42.0,9.25,0,Normal
2026-08-18 22:25:30,H:81% T:30C,Temp & Humidity,"{""temperature"": 30.0, ""humidity"": 81.0}",-42.0,9.25,0,Normal
2026-08-18 22:25:30,H:81% T:30C,Temp & Humidity,"{""temperature"": 30.0, ""humidity"": 81.0}",-42.0,9.25,0,Normal
2026-08-18 22:25:30,H:81% T:30C,Temp & Humidity,"{""temperature"": 30.0, ""humidity"": 81.0}",-42.0,9.0,0,Normal
2026-08-18 22:25:30,H:80% T:30C,Temp & Humidity,"{""temperature"": 30.0, ""humidity"": 80.0}",-42.0,9.25,0,Normal
2026-08-18 22:25:30,H:81% T:30C,Temp & Humidity,"{""temperature"": 30.0, ""humidity"": 81.0}",-41.0,9.5,0,Normal
2026-08-18 22:25:30,H:81% T:30C,Temp & Humidity,"{""temperature"": 30.0, ""humidity"": 81.0}",-42.0,9.25,0,Normal
2026-08-18 22:25:30,H:80% T:30C,Temp & Humidity,"{""temperature"": 30.0, ""humidity"": 80.0}",-42.0,9.25,0,Normal
2026-08-18 22:25:30,H:81% T:30C,Temp & Humidity,"{""temperature"": 30.0, ""humidity"": 81.0}",-42.0,9.25,0,Normal
2026-08-18 22:25:30,H:81% T:30C,Temp & Humidity,"{""temperature"": 30.0, ""humidity"": 81.0}",-42.0,9.25,0,Normal
2026-08-18 22:25:30,H:81% T:30C,Temp & Humidity,"{""temperature"": 30.0, ""humidity"": 81.0}",-42.0,9.5,0,Normal
2026-08-18 22:25:30,H:80% T:30C,Temp & Humidity,"{""temperature"": 30.0, ""humidity"": 80.0}",-42.0,9.25,0,Normal
2026-08-18 22:25:30,H:80% T:30C,Temp & Humidity,"{""temperature"": 30.0, ""humidity"": 80.0}",-42.0,9.5,0,Normal
2026-08-18 22:25:30,H:81% T:30C,Temp & Humidity,"{""temperature"": 30.0, ""humidity"": 81.0}",-42.0,9.75,0,Normal
2026-08-18 22:25:30,H:81% T:30C,Temp & Humidity,"{""temperature"": 30.0, ""humidity"": 81.0}",-42.0,9.0,0,Normal
2026-08-18 22:25:30,H:80% T:30C,Temp & Humidity,"{""temperature"": 30.0, ""humidity"": 80.0}",-42.0,9.25,0,Normal
2026-08-18 22:25:30,H:81% T:30C,Temp & Humidity,"{""temperature"": 30.0, ""humidity"": 81.0}",-42.0,9.5,0,Normal
2026-08-18 22:25:30,H:81% T:30C,Temp & Humidity,"{""temperature"": 30.0, ""humidity"": 81.0}",-42.0,9.0,0,Normal
2026-08-18 22:25:30,H:80% T:30C,Temp & Humidity,"{""temperature"": 30.0, ""humidity"": 80.0}",-47.0,9.25,0,Normal
2026-08-18 22:25:30,H:81% T:30C,Temp & Humidity,"{""temperature"": 30.0, ""humidity"": 81.0}",-47.0,9.0,0,Normal
2026-08-18 22:25:30,H:81% T:30C,Temp & Humidity,"{""temperature"": 30.0, ""humidity"": 81.0}",-42.0,9.25,0,Normal
2026-08-18 22:25:30,H:80% T:30C,Temp & Humidity,"{""temperature"": 30.0, ""humidity"": 80.0}",-42.0,9.25,0,Normal
2026-08-18 22:25:30,H:80% T:30C,Temp & Humidity,"{""temperature"": 30.0, ""humidity"": 80.0}",-42.0,9.75,0,Normal
2026-08-18 22:25:30,H:81% T:30C,Temp & Humidity,"{""temperature"": 30.0, ""humidity"": 81.0}",-42.0,9.25,0,Normal
2026-08-18 22:25:30,H:80% T:30C,Temp & Humidity,"{""temperature"": 30.0, ""humidity"": 80.0}",-42.0,9.5,0,Normal
2026-08-18 22:25:30,H:81% T:30C,Temp & Humidity,"{""temperature"": 30.0, ""humidity"": 81.0}",-42.0,9.5,0,Normal
2026-08-18 22:25:30,H:81% T:30C,Temp & Humidity,"{""temperature"": 30.0, ""humidity"": 81.0}",-42.0,9.75,0,Normal
2026-08-18 22:25:30,H:80% T:30C,Temp & Humidity,"{""temperature"": 30.0, ""humidity"": 80.0}",-42.0,9.5,0,Normal
2026-08-18 22:25:30,H:81% T:30C,Temp & Humidity,"{""temperature"": 30.0, ""humidity"": 81.0}",-41.0,9.5,0,Normal
2026-08-18 22:25:30,H:80% T:30C,Temp & Humidity,"{""temperature"": 30.0, ""humidity"": 80.0}",-42.0,9.25,0,Normal
2026-08-18 22:25:30,H:80% T:30C,Temp & Humidity,"{""temperature"": 30.0, ""humidity"": 80.0}",-42.0,9.5,0,Normal
2026-08-18 22:25:30,H:81% T:30C,Temp & Humidity,"{""temperature"": 30.0, ""humidity"": 81.0}",-42.0,9.25,0,Normal
2026-08-18 22:25:30,H:81% T:30C,Temp & Humidity,"{""temperature"": 30.0, ""humidity"": 81.0}",-42.0,9.5,0,Normal
2026-08-18 22:25:30,H:81% T:30C,Temp & Humidity,"{""temperature"": 30.0, ""humidity"": 81.0}",-42.0,9.0,0,Normal
2026-08-18 22:25:30,H:80% T:30C,Temp & Humidity,"{""temperature"": 30.0, ""humidity"": 80.0}",-42.0,9.5,0,Normal
2026-08-18 22:25:30,H:80% T:30C,Temp & Humidity,"{""temperature"": 30.0, ""humidity"": 80.0}",-42.0,9.25,0,Normal
2026-08-18 22:25:30,H:80% T:30C,Temp & Humidity,"{""temperature"": 30.0, ""humidity"": 80.0}",-42.0,9.75,0,Normal
2026-08-18 22:25:30,H:80% T:30C,Temp & Humidity,"{""temperature"": 30.0, ""humidity"": 80.0}",-42.0,9.75,0,Normal
2026-08-18 22:25:30,H:80% T:30C,Temp & Humidity,"{""temperature"": 30.0, ""humidity"": 80.0}",-42.0,9.5,0,Normal
2026-08-18 22:25:30,H:80% T:30C,Temp & Humidity,"{""temperature"": 30.0, ""humidity"": 80.0}",-42.0,9.25,0,Normal
2026-08-18 22:25:30,H:80% T:30C,Temp & Humidity,"{""temperature"": 30.0, ""humidity"": 80.0}",-42.0,9.5,0,Normal
2026-08-18 22:25:30,H:80% T:30C,Temp & Humidity,"{""temperature"": 30.0, ""humidity"": 80.0}",-42.0,9.5,0,Normal
2026-08-18 22:25:30,H:80% T:30C,Temp & Humidity,"{""temperature"": 30.0, ""humidity"": 80.0}",-42.0,9.75,0,Normal
2026-08-18 22:25:30,H:80% T:30C,Temp & Humidity,"{""temperature"": 30.0, ""humidity"": 80.0}",-42.0,9.25,0,Normal
2026-08-18 22:25:30,H:80% T:30C,Temp & Humidity,"{""temperature"": 30.0, ""humidity"": 80.0}",-42.0,9.5,0,Normal
2026-08-18 22:25:30,H:81% T:30C,Temp & Humidity,"{""temperature"": 30.0, ""humidity"": 81.0}",-42.0,9.75,0,Normal
2026-08-18 22:25:30,H:80% T:30C,Temp & Humidity,"{""temperature"": 30.0, ""humidity"": 80.0}",-42.0,9.25,0,Normal
2026-08-18 22:25:30,H:81% T:30C,Temp & Humidity,"{""temperature"": 30.0, ""humidity"": 81.0}",-42.0,9.5,0,Normal
2026-08-18 22:25:30,H:81% T:30C,Temp & Humidity,"{""temperature"": 30.0, ""humidity"": 81.0}",-42.0,9.5,0,Normal
2026-08-18 22:25:30,H:80% T:30C,Temp & Humidity,"{""temperature"": 30.0, ""humidity"": 80.0}",-42.0,9.0,0,Normal
2026-08-18 22:25:30,H:80% T:30C,Temp & Humidity,"{""temperature"": 30.0, ""humidity"": 80.0}",-42.0,9.25,0,Normal
2026-08-18 22:25:30,H:81% T:30C,Temp & Humidity,"{""temperature"": 30.0, ""humidity"": 81.0}",-42.0,9.25,0,Normal
2026-08-18 22:25:30,H:81% T:30C,Temp & Humidity,"{""temperature"": 30.0, ""humidity"": 81.0}",-42.0,9.5,0,Normal
2026-08-18 22:25:30,H:81% T:30C,Temp & Humidity,"{""temperature"": 30.0, ""humidity"": 81.0}",-42.0,9.5,0,Normal
2026-08-18 22:25:30,H:81% T:30C,Temp & Humidity,"{""temperature"": 30.0, ""humidity"": 81.0}",-42.0,9.5,0,Normal
2026-08-18 22:25:30,H:81% T:30C,Temp & Humidity,"{""temperature"": 30.0, ""humidity"": 81.0}",-42.0,9.0,0,Normal
2026-08-18 22:25:30,H:81% T:30C,Temp & Humidity,"{""temperature"": 30.0, ""humidity"": 81.0}",-42.0,9.75,0,Normal
2026-08-18 22:25:30,H:81% T:30C,Temp & Humidity,"{""temperature"": 30.0, ""humidity"": 81.0}",-42.0,9.25,0,Normal
2026-08-18 22:25:30,H:81% T:30C,Temp & Humidity,"{""temperature"": 30.0, ""humidity"": 81.0}",-47.0,9.25,0,Normal
2026-08-18 22:25:30,H:81% T:30C,Temp & Humidity,"{""temperature"": 30.0, ""humidity"": 81.0}",-42.0,9.5,0,Normal
2026-08-18 22:25:30,H:81% T:30C,Temp & Humidity,"{""temperature"": 30.0, ""humidity"": 81.0}",-42.0,9.5,0,Normal
2026-08-18 22:25:30,H:81% T:30C,Temp & Humidity,"{""temperature"": 30.0, ""humidity"": 81.0}",-42.0,9.25,0,Normal
2026-08-18 22:25:30,H:81% T:30C,Temp & Humidity,"{""temperature"": 30.0, ""humidity"": 81.0}",-42.0,9.5,0,Normal
2026-08-18 22:25:30,H:81% T:30C,Temp & Humidity,"{""temperature"": 30.0, ""humidity"": 81.0}",-42.0,9.5,0,Normal
2026-08-18 22:25:30,H:81% T:30C,Temp & Humidity,"{""temperature"": 30.0, ""humidity"": 81.0}",-41.0,9.5,0,Normal
2026-08-18 22:25:30,H:81% T:30C,Temp & Humidity,"{""temperature"": 30.0, ""humidity"": 81.0}",-42.0,9.5,0,Normal
2026-08-18 22:25:30,H:81% T:30C,Temp & Humidity,"{""temperature"": 30.0, ""humidity"": 81.0}",-42.0,9.75,0,Normal
2026-08-18 22:25:30,H:81% T:30C,Temp & Humidity,"{""temperature"": 30.0, ""humidity"": 81.0}",-47.0,9.0,0,Normal
2026-08-18 22:25:30,H:81% T:30C,Temp & Humidity,"{""temperature"": 30.0, ""humidity"": 81.0}",-42.0,9.25,0,Normal
2026-08-18 22:25:30,H:81% T:30C,Temp & Humidity,"{""temperature"": 30.0, ""humidity"": 81.0}",-41.0,9.75,0,Normal
2026-08-18 22:25:30,H:81% T:30C,Temp & Humidity,"{""temperature"": 30.0, ""humidity"": 81.0}",-43.0,9.25,0,Normal
2026-08-18 22:25:30,H:81% T:30C,Temp & Humidity,"{""temperature"": 30.0, ""humidity"": 81.0}",-42.0,9.75,0,Normal
2026-08-18 22:25:30,H:81% T:30C,Temp & Humidity,"{""temperature"": 30.0, ""humidity"": 81.0}",-42.0,9.5,0,Normal
2026-08-18 22:25:30,H:81% T:30C,Temp & Humidity,"{""temperature"": 30.0, ""humidity"": 81.0}",-42.0,9.5,0,Normal
2026-08-18 22:25:30,H:81% T:30C,Temp & Humidity,"{""temperature"": 30.0, ""humidity"": 81.0}",-42.0,9.25,0,Normal
2026-08-18 22:25:30,H:81% T:30C,Temp & Humidity,"{""temperature"": 30.0, ""humidity"": 81.0}",-42.0,9.25,0,Normal
2026-08-18 22:25:30,H:82% T:30C,Temp & Humidity,"{""temperature"": 30.0, ""humidity"": 82.0}",-42.0,10.25,0,Normal
2026-08-18 22:25:30,H:81% T:30C,Temp & Humidity,"{""temperature"": 30.0, ""humidity"": 81.0}",-42.0,9.0,0,Normal
2026-08-18 22:25:30,H:82% T:30C,Temp & Humidity,"{""temperature"": 30.0, ""humidity"": 82.0}",-42.0,9.75,0,Normal
2026-08-18 22:25:30,H:81% T:30C,Temp & Humidity,"{""temperature"": 30.0, ""humidity"": 81.0}",-42.0,9.5,0,Normal
2026-08-18 22:25:30,H:81% T:30C,Temp & Humidity,"{""temperature"": 30.0, ""humidity"": 81.0}",-42.0,9.5,0,Normal
2026-08-18 22:25:30,H:81% T:30C,Temp & Humidity,"{""temperature"": 30.0, ""humidity"": 81.0}",-42.0,9.5,0,Normal
2026-08-18 22:25:30,H:81% T:30C,Temp & Humidity,"{""temperature"": 30.0, ""humidity"": 81.0}",-42.0,9.0,0,Normal
2026-08-18 22:25:30,H:81% T:30C,Temp & Humidity,"{""temperature"": 30.0, ""humidity"": 81.0}",-42.0,9.5,0,Normal
2026-08-18 22:25:30,H:81% T:30C,Temp & Humidity,"{""temperature"": 30.0, ""humidity"": 81.0}",-42.0,9.5,0,Normal
2026-08-18 22:25:30,H:81% T:30C,Temp & Humidity,"{""temperature"": 30.0, ""humidity"": 81.0}",-42.0,9.25,0,Normal
2026-08-18 22:25:30,H:81% T:30C,Temp & Humidity,"{""temperature"": 30.0, ""humidity"": 81.0}",-42.0,9.5,0,Normal
2026-08-18 22:25:30,H:81% T:30C,Temp & Humidity,"{""temperature"": 30.0, ""humidity"": 81.0}",-42.0,9.0,0,Normal
2026-08-18 22:25:30,H:81% T:30C,Temp & Humidity,"{""temperature"": 30.0, ""humidity"": 81.0}",-42.0,9.25,0,Normal
2026-08-18 22:25:30,H:81% T:30C,Temp & Humidity,"{""temperature"": 30.0, ""humidity"": 81.0}",-42.0,9.5,0,Normal
2026-08-18 22:25:30,H:81% T:30C,Temp & Humidity,"{""temperature"": 30.0, ""humidity"": 81.0}",-42.0,9.25,0,Normal
2026-08-18 22:25:30,H:81% T:30C,Temp & Humidity,"{""temperature"": 30.0, ""humidity"": 81.0}",-42.0,9.5,0,Normal
2026-08-18 22:25:30,H:81% T:30C,Temp & Humidity,"{""temperature"": 30.0, ""humidity"": 81.0}",-42.0,9.5,0,Normal
2026-08-18 22:25:30,H:81% T:30C,Temp & Humidity,"{""temperature"": 30.0, ""humidity"": 81.0}",-42.0,9.5,0,Normal
2026-08-18 22:25:30,H:81% T:30C,Temp & Humidity,"{""temperature"": 30.0, ""humidity"": 81.0}",-42.0,9.25,0,Normal
2026-08-18 22:25:30,H:81% T:30C,Temp & Humidity,"{""temperature"": 30.0, ""humidity"": 81.0}",-42.0,9.0,0,Normal
2026-08-18 22:25:30,H:82% T:30C,Temp & Humidity,"{""temperature"": 30.0, ""humidity"": 82.0}",-42.0,9.25,0,Normal
2026-08-18 22:25:30,H:82% T:30C,Temp & Humidity,"{""temperature"": 30.0, ""humidity"": 82.0}",-42.0,9.25,0,Normal
2026-08-18 22:25:30,H:82% T:30C,Temp & Humidity,"{""temperature"": 30.0, ""humidity"": 82.0}",-47.0,9.25,0,Normal
2026-08-18 22:25:30,H:82% T:30C,Temp & Humidity,"{""temperature"": 30.0, ""humidity"": 82.0}",-42.0,9.25,0,Normal
2026-08-18 22:25:30,H:82% T:30C,Temp & Humidity,"{""temperature"": 30.0, ""humidity"": 82.0}",-42.0,9.0,0,Normal
2026-08-18 22:25:30,H:82% T:30C,Temp & Humidity,"{""temperature"": 30.0, ""humidity"": 82.0}",-42.0,9.0,0,Normal
2026-08-18 22:25:30,H:82% T:30C,Temp & Humidity,"{""temperature"": 30.0, ""humidity"": 82.0}",-42.0,9.25,0,Normal
2026-08-18 22:25:30,H:81% T:30C,Temp & Humidity,"{""temperature"": 30.0, ""humidity"": 81.0}",-47.0,9.25,1,Sudden Humidity Shift (-1000.0%/min)
2026-08-18 22:25:30,H:82% T:30C,Temp & Humidity,"{""temperature"": 30.0, ""humidity"": 82.0}",-42.0,9.5,0,Normal
2026-08-18 22:25:30,H:81% T:30C,Temp & Humidity,"{""temperature"": 30.0, ""humidity"": 81.0}",-42.0,9.5,0,Normal
2026-08-18 22:25:30,H:82% T:30C,Temp & Humidity,"{""temperature"": 30.0, ""humidity"": 82.0}",-42.0,9.25,0,Normal
2026-08-18 22:25:30,H:81% T:30C,Temp & Humidity,"{""temperature"": 30.0, ""humidity"": 81.0}",-42.0,9.25,0,Normal
2026-08-18 22:25:30,H:82% T:30C,Temp & Humidity,"{""temperature"": 30.0, ""humidity"": 82.0}",-42.0,9.75,0,Normal
2026-08-18 22:25:30,H:82% T:30C,Temp & Humidity,"{""temperature"": 30.0, ""humidity"": 82.0}",-42.0,9.25,0,Normal
2026-08-18 22:25:30,H:82% T:30C,Temp & Humidity,"{""temperature"": 30.0, ""humidity"": 82.0}",-42.0,9.25,0,Normal
2026-08-18 22:25:30,H:82% T:30C,Temp & Humidity,"{""temperature"": 30.0, ""humidity"": 82.0}",-42.0,9.25,0,Normal
2026-08-18 22:25:30,H:82% T:30C,Temp & Humidity,"{""temperature"": 30.0, ""humidity"": 82.0}",-42.0,9.5,0,Normal
2026-08-18 22:25:30,H:82% T:30C,Temp & Humidity,"{""temperature"": 30.0, ""humidity"": 82.0}",-42.0,9.5,0,Normal
2026-08-18 22:25:30,H:82% T:30C,Temp & Humidity,"{""temperature"": 30.0, ""humidity"": 82.0}",-42.0,9.5,0,Normal
2026-08-18 22:25:30,H:82% T:30C,Temp & Humidity,"{""temperature"": 30.0, ""humidity"": 82.0}",-42.0,9.0,0,Normal
2026-08-18 22:25:30,H:82% T:30C,Temp & Humidity,"{""temperature"": 30.0, ""humidity"": 82.0}",-42.0,9.5,0,Normal
2026-08-18 22:25:30,H:82% T:30C,Temp & Humidity,"{""temperature"": 30.0, ""humidity"": 82.0}",-42.0,9.25,0,Normal
2026-08-18 22:25:31,H:81% T:30C,Temp & Humidity,"{""temperature"": 30.0, ""humidity"": 81.0}",-42.0,9.25,0,Normal
2026-08-18 22:25:31,H:81% T:30C,Temp & Humidity,"{""temperature"": 30.0, ""humidity"": 81.0}",-42.0,9.25,0,Normal
2026-08-18 22:25:31,H:81% T:30C,Temp & Humidity,"{""temperature"": 30.0, ""humidity"": 81.0}",-42.0,9.25,0,Normal
2026-08-18 22:25:31,H:81% T:30C,Temp & Humidity,"{""temperature"": 30.0, ""humidity"": 81.0}",-42.0,9.5,0,Normal
2026-08-18 22:25:31,H:81% T:30C,Temp & Humidity,"{""temperature"": 30.0, ""humidity"": 81.0}",-41.0,9.25,0,Normal
2026-08-18 22:25:31,H:81% T:30C,Temp & Humidity,"{""temperature"": 30.0, ""humidity"": 81.0}",-42.0,9.25,0,Normal
2026-08-18 22:25:31,H:81% T:30C,Temp & Humidity,"{""temperature"": 30.0, ""humidity"": 81.0}",-42.0,9.25,0,Normal
2026-08-18 22:25:31,H:81% T:30C,Temp & Humidity,"{""temperature"": 30.0, ""humidity"": 81.0}",-42.0,9.5,0,Normal
2026-08-18 22:25:31,H:81% T:30C,Temp & Humidity,"{""temperature"": 30.0, ""humidity"": 81.0}",-42.0,9.5,0,Normal
2026-08-18 22:25:31,H:81% T:30C,Temp & Humidity,"{""temperature"": 30.0, ""humidity"": 81.0}",-42.0,9.5,0,Normal
2026-08-18 22:25:31,H:81% T:30C,Temp & Humidity,"{""temperature"": 30.0, ""humidity"": 81.0}",-42.0,9.25,0,Normal
2026-08-18 22:25:31,H:81% T:30C,Temp & Humidity,"{""temperature"": 30.0, ""humidity"": 81.0}",-42.0,9.25,0,Normal
2026-08-18 22:25:31,H:81% T:30C,Temp & Humidity,"{""temperature"": 30.0, ""humidity"": 81.0}",-42.0,9.75,0,Normal
2026-08-18 22:25:31,H:81% T:30C,Temp & Humidity,"{""temperature"": 30.0, ""humidity"": 81.0}",-42.0,9.75,0,Normal
2026-08-18 22:25:31,H:81% T:30C,Temp & Humidity,"{""temperature"": 30.0, ""humidity"": 81.0}",-42.0,9.5,0,Normal
2026-08-18 22:25:31,H:81% T:30C,Temp & Humidity,"{""temperature"": 30.0, ""humidity"": 81.0}",-42.0,9.0,0,Normal
2026-08-18 22:25:31,H:81% T:30C,Temp & Humidity,"{""temperature"": 30.0, ""humidity"": 81.0}",-42.0,9.0,0,Normal
2026-08-18 22:25:31,H:81% T:30C,Temp & Humidity,"{""temperature"": 30.0, ""humidity"": 81.0}",-42.0,9.25,0,Normal
2026-08-18 22:25:31,H:81% T:30C,Temp & Humidity,"{""temperature"": 30.0, ""humidity"": 81.0}",-42.0,9.5,0,Normal
2026-08-18 22:25:31,H:81% T:30C,Temp & Humidity,"{""temperature"": 30.0, ""humidity"": 81.0}",-42.0,9.75,0,Normal
2026-08-18 22:25:31,H:81% T:30C,Temp & Humidity,"{""temperature"": 30.0, ""humidity"": 81.0}",-42.0,9.25,0,Normal
2026-08-18 22:25:31,H:82% T:30C,Temp & Humidity,"{""temperature"": 30.0, ""humidity"": 82.0}",-42.0,9.75,0,Normal
2026-08-18 22:25:31,H:82% T:30C,Temp & Humidity,"{""temperature"": 30.0, ""humidity"": 82.0}",-43.0,9.25,0,Normal
2026-08-18 22:25:31,H:81% T:30C,Temp & Humidity,"{""temperature"": 30.0, ""humidity"": 81.0}",-42.0,9.5,0,Normal
2026-08-18 22:25:31,H:82% T:30C,Temp & Humidity,"{""temperature"": 30.0, ""humidity"": 82.0}",-43.0,9.25,0,Normal
2026-08-18 22:25:31,H:82% T:30C,Temp & Humidity,"{""temperature"": 30.0, ""humidity"": 82.0}",-42.0,9.5,0,Normal
2026-08-18 22:25:31,H:82% T:30C,Temp & Humidity,"{""temperature"": 30.0, ""humidity"": 82.0}",-42.0,9.0,0,Normal
2026-08-18 22:25:31,H:82% T:30C,Temp & Humidity,"{""temperature"": 30.0, ""humidity"": 82.0}",-43.0,9.5,0,Normal
2026-08-18 22:25:31,H:82% T:30C,Temp & Humidity,"{""temperature"": 30.0, ""humidity"": 82.0}",-43.0,9.0,0,Normal
2026-08-18 22:25:31,H:81% T:30C,Temp & Humidity,"{""temperature"": 30.0, ""humidity"": 81.0}",-42.0,9.75,0,Normal
2026-08-18 22:25:31,H:82% T:30C,Temp & Humidity,"{""temperature"": 30.0, ""humidity"": 82.0}",-43.0,9.5,0,Normal
2026-08-18 22:25:31,H:82% T:30C,Temp & Humidity,"{""temperature"": 30.0, ""humidity"": 82.0}",-42.0,9.25,0,Normal
2026-08-18 22:25:31,H:81% T:30C,Temp & Humidity,"{""temperature"": 30.0, ""humidity"": 81.0}",-42.0,9.5,0,Normal
2026-08-18 22:25:31,H:82% T:30C,Temp & Humidity,"{""temperature"": 30.0, ""humidity"": 82.0}",-42.0,9.25,0,Normal
2026-08-18 22:25:31,H:82% T:30C,Temp & Humidity,"{""temperature"": 30.0, ""humidity"": 82.0}",-42.0,9.25,0,Normal
2026-08-18 22:25:31,H:82% T:30C,Temp & Humidity,"{""temperature"": 30.0, ""humidity"": 82.0}",-42.0,9.5,0,Normal
2026-08-18 22:25:31,H:82% T:30C,Temp & Humidity,"{""temperature"": 30.0, ""humidity"": 82.0}",-42.0,9.75,0,Normal
2026-08-18 22:25:31,H:82% T:30C,Temp & Humidity,"{""temperature"": 30.0, ""humidity"": 82.0}",-42.0,9.75,0,Normal
2026-08-18 22:25:31,H:82% T:30C,Temp & Humidity,"{""temperature"": 30.0, ""humidity"": 82.0}",-41.0,9.5,0,Normal
2026-08-18 22:25:31,H:82% T:30C,Temp & Humidity,"{""temperature"": 30.0, ""humidity"": 82.0}",-42.0,9.25,0,Normal
2026-08-18 22:25:31,H:82% T:30C,Temp & Humidity,"{""temperature"": 30.0, ""humidity"": 82.0}",-42.0,9.75,0,Normal
2026-08-18 22:25:31,H:82% T:30C,Temp & Humidity,"{""temperature"": 30.0, ""humidity"": 82.0}",-42.0,9.5,0,Normal
2026-08-18 22:25:31,H:82% T:30C,Temp & Humidity,"{""temperature"": 30.0, ""humidity"": 82.0}",-42.0,9.5,0,Normal
2026-08-18 22:25:31,H:82% T:30C,Temp & Humidity,"{""temperature"": 30.0, ""humidity"": 82.0}",-42.0,9.5,0,Normal
2026-08-18 22:25:31,H:82% T:30C,Temp & Humidity,"{""temperature"": 30.0, ""humidity"": 82.0}",-43.0,10.0,0,Normal
2026-08-18 22:25:31,H:82% T:30C,Temp & Humidity,"{""temperature"": 30.0, ""humidity"": 82.0}",-42.0,9.25,0,Normal
2026-08-18 22:25:31,H:81% T:30C,Temp & Humidity,"{""temperature"": 30.0, ""humidity"": 81.0}",-42.0,9.25,0,Normal
2026-08-18 22:25:31,H:82% T:30C,Temp & Humidity,"{""temperature"": 30.0, ""humidity"": 82.0}",-42.0,9.25,0,Normal
2026-08-18 22:25:31,H:82% T:30C,Temp & Humidity,"{""temperature"": 30.0, ""humidity"": 82.0}",-42.0,9.25,0,Normal
2026-08-18 22:25:31,H:82% T:30C,Temp & Humidity,"{""temperature"": 30.0, ""humidity"": 82.0}",-43.0,9.25,0,Normal
2026-08-18 22:25:31,H:82% T:30C,Temp & Humidity,"{""temperature"": 30.0, ""humidity"": 82.0}",-42.0,9.25,0,Normal
2026-08-18 22:25:31,H:82% T:30C,Temp & Humidity,"{""temperature"": 30.0, ""humidity"": 82.0}",-42.0,9.0,0,Normal
2026-08-18 22:25:31,H:82% T:30C,Temp & Humidity,"{""temperature"": 30.0, ""humidity"": 82.0}",-42.0,9.25,0,Normal
2026-08-18 22:25:31,H:82% T:30C,Temp & Humidity,"{""temperature"": 30.0, ""humidity"": 82.0}",-42.0,9.25,0,Normal
2026-08-18 22:25:31,H:82% T:30C,Temp & Humidity,"{""temperature"": 30.0, ""humidity"": 82.0}",-42.0,9.5,0,Normal
2026-08-18 22:25:31,H:82% T:30C,Temp & Humidity,"{""temperature"": 30.0, ""humidity"": 82.0}",-42.0,9.5,0,Normal
2026-08-18 22:25:31,H:82% T:30C,Temp & Humidity,"{""temperature"": 30.0, ""humidity"": 82.0}",-42.0,9.25,0,Normal
2026-08-18 22:25:31,H:82% T:30C,Temp & Humidity,"{""temperature"": 30.0, ""humidity"": 82.0}",-42.0,9.25,0,Normal
2026-08-18 22:25:31,H:82% T:30C,Temp & Humidity,"{""temperature"": 30.0, ""humidity"": 82.0}",-42.0,9.25,0,Normal
2026-08-18 22:25:31,H:82% T:30C,Temp & Humidity,"{""temperature"": 30.0, ""humidity"": 82.0}",-42.0,9.5,0,Normal
2026-08-18 22:25:31,H:82% T:30C,Temp & Humidity,"{""temperature"": 30.0, ""humidity"": 82.0}",-42.0,9.5,0,Normal
2026-08-18 22:25:31,H:82% T:30C,Temp & Humidity,"{""temperature"": 30.0, ""humidity"": 82.0}",-42.0,9.0,0,Normal
2026-08-18 22:25:31,H:82% T:30C,Temp & Humidity,"{""temperature"": 30.0, ""humidity"": 82.0}",-47.0,9.0,0,Normal
2026-08-18 22:25:31,H:82% T:30C,Temp & Humidity,"{""temperature"": 30.0, ""humidity"": 82.0}",-42.0,9.5,0,Normal
2026-08-18 22:25:31,H:82% T:30C,Temp & Humidity,"{""temperature"": 30.0, ""humidity"": 82.0}",-42.0,9.5,0,Normal
2026-08-18 22:25:31,H:82% T:30C,Temp & Humidity,"{""temperature"": 30.0, ""humidity"": 82.0}",-42.0,9.5,0,Normal
2026-08-18 22:25:31,H:82% T:30C,Temp & Humidity,"{""temperature"": 30.0, ""humidity"": 82.0}",-42.0,9.25,0,Normal
2026-08-18 22:25:31,H:82% T:30C,Temp & Humidity,"{""temperature"": 30.0, ""humidity"": 82.0}",-42.0,9.75,0,Normal
2026-08-18 22:25:31,H:82% T:30C,Temp & Humidity,"{""temperature"": 30.0, ""humidity"": 82.0}",-42.0,9.5,0,Normal
2026-08-18 22:25:31,H:82% T:30C,Temp & Humidity,"{""temperature"": 30.0, ""humidity"": 82.0}",-42.0,9.25,0,Normal
2026-08-18 22:25:31,H:82% T:30C,Temp & Humidity,"{""temperature"": 30.0, ""humidity"": 82.0}",-42.0,9.5,0,Normal
2026-08-18 22:25:31,H:82% T:30C,Temp & Humidity,"{""temperature"": 30.0, ""humidity"": 82.0}",-47.0,9.0,0,Normal
2026-08-18 22:25:31,H:82% T:30C,Temp & Humidity,"{""temperature"": 30.0, ""humidity"": 82.0}",-42.0,9.0,0,Normal
2026-08-18 22:25:31,H:82% T:30C,Temp & Humidity,"{""temperature"": 30.0, ""humidity"": 82.0}",-47.0,9.0,0,Normal
2026-08-18 22:25:31,H:82% T:30C,Temp & Humidity,"{""temperature"": 30.0, ""humidity"": 82.0}",-42.0,9.5,0,Normal
2026-08-18 22:25:31,H:82% T:30C,Temp & Humidity,"{""temperature"": 30.0, ""humidity"": 82.0}",-42.0,9.25,0,Normal
2026-08-18 22:25:31,H:82% T:30C,Temp & Humidity,"{""temperature"": 30.0, ""humidity"": 82.0}",-42.0,9.5,0,Normal
2026-08-18 22:25:31,H:82% T:30C,Temp & Humidity,"{""temperature"": 30.0, ""humidity"": 82.0}",-42.0,9.25,0,Normal
2026-08-18 22:25:31,H:82% T:30C,Temp & Humidity,"{""temperature"": 30.0, ""humidity"": 82.0}",-42.0,9.5,0,Normal
2026-08-18 22:25:31,H:82% T:30C,Temp & Humidity,"{""temperature"": 30.0, ""humidity"": 82.0}",-42.0,9.25,0,Normal
2026-08-18 22:25:31,H:82% T:30C,Temp & Humidity,"{""temperature"": 30.0, ""humidity"": 82.0}",-42.0,9.25,0,Normal
2026-08-18 22:25:31,H:82% T:30C,Temp & Humidity,"{""temperature"": 30.0, ""humidity"": 82.0}",-42.0,9.5,0,Normal
2026-08-18 22:25:31,H:82% T:30C,Temp & Humidity,"{""temperature"": 30.0, ""humidity"": 82.0}",-42.0,9.25,0,Normal
2026-08-18 22:25:31,H:82% T:30C,Temp & Humidity,"{""temperature"": 30.0, ""humidity"": 82.0}",-42.0,9.5,0,Normal
2026-08-18 22:25:31,H:82% T:30C,Temp & Humidity,"{""temperature"": 30.0, ""humidity"": 82.0}",-42.0,9.5,0,Normal
2026-08-18 22:25:31,H:82% T:30C,Temp & Humidity,"{""temperature"": 30.0, ""humidity"": 82.0}",-42.0,9.25,0,Normal
2026-08-18 22:25:31,H:82% T:30C,Temp & Humidity,"{""temperature"": 30.0, ""humidity"": 82.0}",-42.0,9.25,0,Normal
2026-08-18 22:25:31,H:82% T:30C,Temp & Humidity,"{""temperature"": 30.0, ""humidity"": 82.0}",-42.0,9.5,0,Normal
2026-08-18 22:25:31,H:82% T:30C,Temp & Humidity,"{""temperature"": 30.0, ""humidity"": 82.0}",-42.0,9.5,0,Normal
2026-08-18 22:25:31,H:82% T:30C,Temp & Humidity,"{""temperature"": 30.0, ""humidity"": 82.0}",-42.0,9.0,0,Normal
2026-08-18 22:25:31,H:82% T:30C,Temp & Humidity,"{""temperature"": 30.0, ""humidity"": 82.0}",-42.0,9.25,0,Normal
2026-08-18 22:25:31,H:82% T:30C,Temp & Humidity,"{""temperature"": 30.0, ""humidity"": 82.0}",-42.0,9.5,0,Normal
2026-08-18 22:25:31,H:82% T:30C,Temp & Humidity,"{""temperature"": 30.0, ""humidity"": 82.0}",-41.0,9.25,0,Normal
2026-08-18 22:25:31,H:82% T:30C,Temp & Humidity,"{""temperature"": 30.0, ""humidity"": 82.0}",-42.0,9.25,0,Normal
2026-08-18 22:25:31,H:82% T:30C,Temp & Humidity,"{""temperature"": 30.0, ""humidity"": 82.0}",-42.0,9.25,0,Normal
2026-08-18 22:25:31,H:82% T:30C,Temp & Humidity,"{""temperature"": 30.0, ""humidity"": 82.0}",-42.0,9.0,0,Normal
2026-08-18 22:25:31,H:82% T:30C,Temp & Humidity,"{""temperature"": 30.0, ""humidity"": 82.0}",-42.0,9.25,0,Normal
2026-08-18 22:25:31,H:82% T:30C,Temp & Humidity,"{""temperature"": 30.0, ""humidity"": 82.0}",-42.0,9.25,0,Normal
2026-08-18 22:25:31,H:82% T:30C,Temp & Humidity,"{""temperature"": 30.0, ""humidity"": 82.0}",-42.0,9.5,0,Normal
2026-08-18 22:25:31,H:82% T:30C,Temp & Humidity,"{""temperature"": 30.0, ""humidity"": 82.0}",-42.0,9.25,0,Normal
2026-08-18 22:25:31,H:82% T:30C,Temp & Humidity,"{""temperature"": 30.0, ""humidity"": 82.0}",-42.0,9.25,0,Normal
2026-08-18 22:25:31,H:82% T:30C,Temp & Humidity,"{""temperature"": 30.0, ""humidity"": 82.0}",-42.0,9.25,0,Normal
2026-08-18 22:25:31,H:82% T:30C,Temp & Humidity,"{""temperature"": 30.0, ""humidity"": 82.0}",-42.0,9.5,0,Normal
2026-08-18 22:25:31,H:82% T:30C,Temp & Humidity,"{""temperature"": 30.0, ""humidity"": 82.0}",-42.0,9.25,0,Normal
2026-08-18 22:25:31,H:82% T:30C,Temp & Humidity,"{""temperature"": 30.0, ""humidity"": 82.0}",-42.0,9.5,0,Normal
2026-08-18 22:25:31,H:82% T:30C,Temp & Humidity,"{""temperature"": 30.0, ""humidity"": 82.0}",-42.0,9.75,0,Normal
2026-08-18 22:25:31,H:82% T:30C,Temp & Humidity,"{""temperature"": 30.0, ""humidity"": 82.0}",-42.0,9.5,0,Normal
2026-08-18 22:25:31,H:82% T:30C,Temp & Humidity,"{""temperature"": 30.0, ""humidity"": 82.0}",-42.0,9.5,0,Normal
2026-08-18 22:25:31,H:82% T:30C,Temp & Humidity,"{""temperature"": 30.0, ""humidity"": 82.0}",-42.0,9.5,0,Normal
2026-08-18 22:25:31,H:82% T:30C,Temp & Humidity,"{""temperature"": 30.0, ""humidity"": 82.0}",-42.0,9.0,0,Normal
2026-08-18 22:25:31,H:82% T:30C,Temp & Humidity,"{""temperature"": 30.0, ""humidity"": 82.0}",-42.0,9.0,0,Normal
2026-08-18 22:25:31,H:82% T:30C,Temp & Humidity,"{""temperature"": 30.0, ""humidity"": 82.0}",-42.0,9.25,0,Normal
2026-08-18 22:25:31,H:82% T:30C,Temp & Humidity,"{""temperature"": 30.0, ""humidity"": 82.0}",-47.0,9.25,0,Normal
2026-08-18 22:25:31,H:82% T:30C,Temp & Humidity,"{""temperature"": 30.0, ""humidity"": 82.0}",-42.0,9.5,0,Normal
2026-08-18 22:25:31,H:82% T:30C,Temp & Humidity,"{""temperature"": 30.0, ""humidity"": 82.0}",-42.0,9.5,0,Normal
2026-08-18 22:25:31,H:82% T:30C,Temp & Humidity,"{""temperature"": 30.0, ""humidity"": 82.0}",-42.0,9.25,0,Normal
2026-08-18 22:25:31,H:82% T:30C,Temp & Humidity,"{""temperature"": 30.0, ""humidity"": 82.0}",-42.0,9.0,0,Normal
2026-08-18 22:25:31,H:82% T:30C,Temp & Humidity,"{""temperature"": 30.0, ""humidity"": 82.0}",-42.0,9.25,0,Normal
2026-08-18 22:25:31,H:82% T:30C,Temp & Humidity,"{""temperature"": 30.0, ""humidity"": 82.0}",-42.0,9.0,0,Normal
2026-08-18 22:25:31,H:82% T:30C,Temp & Humidity,"{""temperature"": 30.0, ""humidity"": 82.0}",-42.0,9.25,0,Normal
2026-08-18 22:25:31,H:82% T:30C,Temp & Humidity,"{""temperature"": 30.0, ""humidity"": 82.0}",-42.0,9.75,0,Normal
2026-08-18 22:25:31,H:82% T:30C,Temp & Humidity,"{""temperature"": 30.0, ""humidity"": 82.0}",-42.0,9.5,0,Normal
2026-08-18 22:25:31,H:82% T:30C,Temp & Humidity,"{""temperature"": 30.0, ""humidity"": 82.0}",-42.0,9.25,0,Normal
2026-08-18 22:25:31,H:82% T:30C,Temp & Humidity,"{""temperature"": 30.0, ""humidity"": 82.0}",-42.0,9.25,0,Normal
2026-08-18 22:25:31,H:82% T:30C,Temp & Humidity,"{""temperature"": 30.0, ""humidity"": 82.0}",-42.0,9.5,0,Normal
2026-08-18 22:25:31,H:82% T:30C,Temp & Humidity,"{""temperature"": 30.0, ""humidity"": 82.0}",-42.0,9.5,0,Normal
2026-08-18 22:25:31,H:82% T:30C,Temp & Humidity,"{""temperature"": 30.0, ""humidity"": 82.0}",-42.0,9.25,0,Normal
2026-08-18 22:25:31,H:82% T:30C,Temp & Humidity,"{""temperature"": 30.0, ""humidity"": 82.0}",-42.0,9.0,0,Normal
2026-08-18 22:25:31,H:82% T:30C,Temp & Humidity,"{""temperature"": 30.0, ""humidity"": 82.0}",-41.0,9.5,0,Normal
2026-08-18 22:25:31,H:82% T:30C,Temp & Humidity,"{""temperature"": 30.0, ""humidity"": 82.0}",-42.0,9.5,0,Normal
2026-08-18 22:25:31,H:82% T:30C,Temp & Humidity,"{""temperature"": 30.0, ""humidity"": 82.0}",-42.0,9.25,0,Normal
2026-08-18 22:25:31,H:82% T:30C,Temp & Humidity,"{""temperature"": 30.0, ""humidity"": 82.0}",-41.0,9.25,0,Normal
2026-08-18 22:25:31,H:82% T:30C,Temp & Humidity,"{""temperature"": 30.0, ""humidity"": 82.0}",-42.0,9.25,0,Normal
2026-08-18 22:25:31,H:82% T:30C,Temp & Humidity,"{""temperature"": 30.0, ""humidity"": 82.0}",-42.0,9.5,0,Normal
2026-08-18 22:25:31,H:82% T:30C,Temp & Humidity,"{""temperature"": 30.0, ""humidity"": 82.0}",-42.0,9.25,0,Normal
2026-08-18 22:25:31,H:82% T:30C,Temp & Humidity,"{""temperature"": 30.0, ""humidity"": 82.0}",-42.0,9.0,0,Normal
2026-08-18 22:25:31,H:82% T:30C,Temp & Humidity,"{""temperature"": 30.0, ""humidity"": 82.0}",-42.0,9.25,0,Normal
2026-08-18 22:25:31,H:82% T:30C,Temp & Humidity,"{""temperature"": 30.0, ""humidity"": 82.0}",-42.0,9.0,0,Normal
2026-08-18 22:25:31,H:82% T:30C,Temp & Humidity,"{""temperature"": 30.0, ""humidity"": 82.0}",-42.0,9.25,0,Normal
2026-08-18 22:25:31,H:82% T:30C,Temp & Humidity,"{""temperature"": 30.0, ""humidity"": 82.0}",-42.0,9.25,0,Normal
2026-08-18 22:25:31,H:82% T:30C,Temp & Humidity,"{""temperature"": 30.0, ""humidity"": 82.0}",-42.0,9.5,0,Normal
2026-08-18 22:25:31,H:82% T:30C,Temp & Humidity,"{""temperature"": 30.0, ""humidity"": 82.0}",-42.0,9.5,0,Normal
2026-08-18 22:25:31,H:82% T:30C,Temp & Humidity,"{""temperature"": 30.0, ""humidity"": 82.0}",-42.0,9.5,0,Normal
2026-08-18 22:25:31,H:82% T:30C,Temp & Humidity,"{""temperature"": 30.0, ""humidity"": 82.0}",-42.0,9.75,0,Normal
2026-08-18 22:25:31,H:82% T:30C,Temp & Humidity,"{""temperature"": 30.0, ""humidity"": 82.0}",-42.0,9.5,0,Normal
2026-08-18 22:25:31,H:82% T:30C,Temp & Humidity,"{""temperature"": 30.0, ""humidity"": 82.0}",-42.0,9.25,0,Normal
2026-08-18 22:25:31,H:82% T:30C,Temp & Humidity,"{""temperature"": 30.0, ""humidity"": 82.0}",-42.0,9.5,0,Normal
2026-08-18 22:25:31,H:82% T:30C,Temp & Humidity,"{""temperature"": 30.0, ""humidity"": 82.0}",-47.0,9.0,0,Normal
2026-08-18 22:25:31,H:82% T:30C,Temp & Humidity,"{""temperature"": 30.0, ""humidity"": 82.0}",-42.0,9.25,0,Normal
2026-08-18 22:25:31,H:82% T:30C,Temp & Humidity,"{""temperature"": 30.0, ""humidity"": 82.0}",-42.0,9.25,0,Normal
2026-08-18 22:25:31,H:82% T:30C,Temp & Humidity,"{""temperature"": 30.0, ""humidity"": 82.0}",-42.0,9.5,0,Normal
2026-08-18 22:25:31,H:82% T:30C,Temp & Humidity,"{""temperature"": 30.0, ""humidity"": 82.0}",-42.0,9.25,0,Normal
2026-08-18 22:25:31,H:82% T:30C,Temp & Humidity,"{""temperature"": 30.0, ""humidity"": 82.0}",-42.0,9.5,0,Normal
2026-08-18 22:25:31,H:82% T:30C,Temp & Humidity,"{""temperature"": 30.0, ""humidity"": 82.0}",-42.0,9.5,0,Normal
2026-08-18 22:25:31,H:82% T:30C,Temp & Humidity,"{""temperature"": 30.0, ""humidity"": 82.0}",-42.0,9.25,0,Normal
2026-08-18 22:25:31,H:82% T:30C,Temp & Humidity,"{""temperature"": 30.0, ""humidity"": 82.0}",-42.0,9.25,0,Normal
2026-08-18 22:25:31,H:82% T:30C,Temp & Humidity,"{""temperature"": 30.0, ""humidity"": 82.0}",-42.0,9.5,0,Normal
2026-08-18 22:25:31,H:82% T:30C,Temp & Humidity,"{""temperature"": 30.0, ""humidity"": 82.0}",-42.0,9.5,0,Normal
2026-08-18 22:25:31,H:82% T:30C,Temp & Humidity,"{""temperature"": 30.0, ""humidity"": 82.0}",-42.0,9.25,0,Normal
2026-08-18 22:25:31,H:82% T:30C,Temp & Humidity,"{""temperature"": 30.0, ""humidity"": 82.0}",-42.0,9.5,0,Normal
2026-08-18 22:25:31,H:82% T:30C,Temp & Humidity,"{""temperature"": 30.0, ""humidity"": 82.0}",-42.0,9.25,0,Normal
2026-08-18 22:25:31,H:82% T:30C,Temp & Humidity,"{""temperature"": 30.0, ""humidity"": 82.0}",-42.0,9.25,0,Normal
2026-08-18 22:25:31,H:82% T:30C,Temp & Humidity,"{""temperature"": 30.0, ""humidity"": 82.0}",-42.0,9.25,0,Normal
2026-08-18 22:25:31,H:82% T:30C,Temp & Humidity,"{""temperature"": 30.0, ""humidity"": 82.0}",-41.0,9.5,0,Normal
2026-08-18 22:25:31,H:82% T:30C,Temp & Humidity,"{""temperature"": 30.0, ""humidity"": 82.0}",-42.0,9.25,0,Normal
2026-08-18 22:25:31,H:82% T:30C,Temp & Humidity,"{""temperature"": 30.0, ""humidity"": 82.0}",-42.0,9.25,0,Normal
2026-08-18 22:25:31,H:82% T:30C,Temp & Humidity,"{""temperature"": 30.0, ""humidity"": 82.0}",-42.0,9.25,0,Normal
2026-08-18 22:25:31,H:82% T:30C,Temp & Humidity,"{""temperature"": 30.0, ""humidity"": 82.0}",-42.0,9.25,0,Normal
2026-08-18 22:25:31,H:82% T:30C,Temp & Humidity,"{""temperature"": 30.0, ""humidity"": 82.0}",-42.0,9.5,0,Normal
2026-08-18 22:25:31,H:82% T:30C,Temp & Humidity,"{""temperature"": 30.0, ""humidity"": 82.0}",-42.0,9.25,0,Normal
2026-08-18 22:25:31,H:82% T:30C,Temp & Humidity,"{""temperature"": 30.0, ""humidity"": 82.0}",-43.0,9.25,0,Normal
2026-08-18 22:25:31,H:82% T:30C,Temp & Humidity,"{""temperature"": 30.0, ""humidity"": 82.0}",-42.0,9.5,0,Normal
2026-08-18 22:25:31,H:82% T:30C,Temp & Humidity,"{""temperature"": 30.0, ""humidity"": 82.0}",-42.0,9.5,0,Normal
2026-08-18 22:25:31,H:82% T:30C,Temp & Humidity,"{""temperature"": 30.0, ""humidity"": 82.0}",-43.0,9.5,0,Normal
2026-08-18 22:25:31,H:82% T:30C,Temp & Humidity,"{""temperature"": 30.0, ""humidity"": 82.0}",-42.0,9.25,0,Normal
2026-08-18 22:25:31,H:82% T:30C,Temp & Humidity,"{""temperature"": 30.0, ""humidity"": 82.0}",-43.0,9.25,0,Normal
2026-08-18 22:25:31,H:82% T:30C,Temp & Humidity,"{""temperature"": 30.0, ""humidity"": 82.0}",-42.0,9.5,0,Normal
2026-08-18 22:25:31,H:82% T:30C,Temp & Humidity,"{""temperature"": 30.0, ""humidity"": 82.0}",-42.0,12.25,0,Normal
2026-08-18 22:25:31,H:82% T:30C,Temp & Humidity,"{""temperature"": 30.0, ""humidity"": 82.0}",-42.0,9.25,0,Normal
2026-08-18 22:25:31,H:82% T:30C,Temp & Humidity,"{""temperature"": 30.0, ""humidity"": 82.0}",-42.0,9.25,0,Normal
2026-08-18 22:25:31,H:82% T:30C,Temp & Humidity,"{""temperature"": 30.0, ""humidity"": 82.0}",-42.0,9.5,0,Normal
2026-08-18 22:25:31,H:82% T:30C,Temp & Humidity,"{""temperature"": 30.0, ""humidity"": 82.0}",-42.0,9.25,0,Normal
2026-08-18 22:25:31,H:82% T:30C,Temp & Humidity,"{""temperature"": 30.0, ""humidity"": 82.0}",-43.0,9.5,0,Normal
2026-08-18 22:25:31,H:82% T:30C,Temp & Humidity,"{""temperature"": 30.0, ""humidity"": 82.0}",-42.0,9.25,0,Normal
2026-08-18 22:25:31,H:82% T:30C,Temp & Humidity,"{""temperature"": 30.0, ""humidity"": 82.0}",-42.0,9.25,0,Normal
2026-08-18 22:25:31,H:82% T:30C,Temp & Humidity,"{""temperature"": 30.0, ""humidity"": 82.0}",-42.0,9.5,0,Normal
2026-08-18 22:25:31,H:82% T:30C,Temp & Humidity,"{""temperature"": 30.0, ""humidity"": 82.0}",-43.0,9.75,0,Normal
2026-08-18 22:25:31,H:82% T:30C,Temp & Humidity,"{""temperature"": 30.0, ""humidity"": 82.0}",-42.0,10.0,0,Normal
2026-08-18 22:25:31,H:82% T:30C,Temp & Humidity,"{""temperature"": 30.0, ""humidity"": 82.0}",-42.0,9.75,0,Normal
2026-08-18 22:25:31,H:82% T:30C,Temp & Humidity,"{""temperature"": 30.0, ""humidity"": 82.0}",-42.0,9.25,0,Normal
2026-08-18 22:25:31,H:82% T:30C,Temp & Humidity,"{""temperature"": 30.0, ""humidity"": 82.0}",-42.0,9.5,0,Normal
2026-08-18 22:25:31,H:82% T:30C,Temp & Humidity,"{""temperature"": 30.0, ""humidity"": 82.0}",-42.0,9.5,0,Normal
2026-08-18 22:25:31,H:82% T:30C,Temp & Humidity,"{""temperature"": 30.0, ""humidity"": 82.0}",-42.0,9.5,0,Normal
2026-08-18 22:25:31,H:82% T:30C,Temp & Humidity,"{""temperature"": 30.0, ""humidity"": 82.0}",-43.0,9.25,0,Normal
2026-08-18 22:25:31,H:82% T:30C,Temp & Humidity,"{""temperature"": 30.0, ""humidity"": 82.0}",-42.0,9.25,0,Normal
2026-08-18 22:25:31,H:82% T:30C,Temp & Humidity,"{""temperature"": 30.0, ""humidity"": 82.0}",-42.0,9.5,0,Normal
2026-08-18 22:25:31,H:82% T:30C,Temp & Humidity,"{""temperature"": 30.0, ""humidity"": 82.0}",-42.0,9.0,0,Normal
2026-08-18 22:25:31,H:82% T:30C,Temp & Humidity,"{""temperature"": 30.0, ""humidity"": 82.0}",-42.0,9.25,0,Normal
2026-08-18 22:25:31,H:82% T:30C,Temp & Humidity,"{""temperature"": 30.0, ""humidity"": 82.0}",-42.0,9.25,0,Normal
2026-08-18 22:25:31,H:82% T:30C,Temp & Humidity,"{""temperature"": 30.0, ""humidity"": 82.0}",-42.0,9.5,0,Normal
2026-08-18 22:25:31,H:82% T:30C,Temp & Humidity,"{""temperature"": 30.0, ""humidity"": 82.0}",-42.0,9.75,0,Normal
2026-08-18 22:25:31,H:82% T:30C,Temp & Humidity,"{""temperature"": 30.0, ""humidity"": 82.0}",-42.0,9.5,0,Normal
2026-08-18 22:25:31,H:82% T:30C,Temp & Humidity,"{""temperature"": 30.0, ""humidity"": 82.0}",-42.0,9.5,0,Normal
2026-08-18 22:25:31,H:82% T:30C,Temp & Humidity,"{""temperature"": 30.0, ""humidity"": 82.0}",-42.0,9.25,0,Normal
2026-08-18 22:25:31,H:82% T:30C,Temp & Humidity,"{""temperature"": 30.0, ""humidity"": 82.0}",-42.0,9.25,0,Normal
2026-08-18 22:25:31,H:82% T:30C,Temp & Humidity,"{""temperature"": 30.0, ""humidity"": 82.0}",-42.0,9.5,0,Normal
2026-08-18 22:25:31,H:82% T:30C,Temp & Humidity,"{""temperature"": 30.0, ""humidity"": 82.0}",-42.0,9.0,0,Normal
2026-08-18 22:25:31,H:82% T:30C,Temp & Humidity,"{""temperature"": 30.0, ""humidity"": 82.0}",-42.0,9.5,0,Normal
2026-08-18 22:25:31,H:82% T:30C,Temp & Humidity,"{""temperature"": 30.0, ""humidity"": 82.0}",-43.0,9.5,0,Normal
2026-08-18 22:25:31,H:82% T:30C,Temp & Humidity,"{""temperature"": 30.0, ""humidity"": 82.0}",-42.0,9.75,0,Normal
2026-08-18 22:25:31,H:82% T:30C,Temp & Humidity,"{""temperature"": 30.0, ""humidity"": 82.0}",-42.0,9.0,0,Normal
2026-08-18 22:25:31,H:82% T:30C,Temp & Humidity,"{""temperature"": 30.0, ""humidity"": 82.0}",-42.0,9.75,0,Normal
2026-08-18 22:25:31,H:82% T:30C,Temp & Humidity,"{""temperature"": 30.0, ""humidity"": 82.0}",-42.0,9.0,0,Normal
2026-08-18 22:25:31,H:82% T:30C,Temp & Humidity,"{""temperature"": 30.0, ""humidity"": 82.0}",-42.0,9.5,0,Normal
2026-08-18 22:25:31,H:82% T:30C,Temp & Humidity,"{""temperature"": 30.0, ""humidity"": 82.0}",-42.0,9.25,0,Normal
2026-08-18 22:25:31,H:82% T:30C,Temp & Humidity,"{""temperature"": 30.0, ""humidity"": 82.0}",-42.0,9.5,0,Normal
2026-08-18 22:25:31,H:82% T:30C,Temp & Humidity,"{""temperature"": 30.0, ""humidity"": 82.0}",-42.0,9.25,0,Normal
2026-08-18 22:25:31,H:82% T:30C,Temp & Humidity,"{""temperature"": 30.0, ""humidity"": 82.0}",-42.0,9.5,0,Normal
2026-08-18 22:25:31,H:82% T:30C,Temp & Humidity,"{""temperature"": 30.0, ""humidity"": 82.0}",-42.0,9.25,0,Normal
2026-08-18 22:25:31,H:82% T:30C,Temp & Humidity,"{""temperature"": 30.0, ""humidity"": 82.0}",-42.0,9.75,0,Normal
2026-08-18 22:25:31,H:82% T:30C,Temp & Humidity,"{""temperature"": 30.0, ""humidity"": 82.0}",-42.0,9.5,0,Normal
2026-08-18 22:25:31,H:82% T:30C,Temp & Humidity,"{""temperature"": 30.0, ""humidity"": 82.0}",-42.0,9.25,0,Normal
2026-08-18 22:25:31,H:82% T:30C,Temp & Humidity,"{""temperature"": 30.0, ""humidity"": 82.0}",-42.0,9.25,0,Normal
2026-08-18 22:25:31,H:82% T:30C,Temp & Humidity,"{""temperature"": 30.0, ""humidity"": 82.0}",-47.0,9.25,0,Normal
2026-08-18 22:25:31,H:82% T:30C,Temp & Humidity,"{""temperature"": 30.0, ""humidity"": 82.0}",-47.0,9.25,0,Normal
2026-08-18 22:25:31,H:82% T:30C,Temp & Humidity,"{""temperature"": 30.0, ""humidity"": 82.0}",-42.0,9.5,0,Normal
2026-08-18 22:25:31,H:82% T:30C,Temp & Humidity,"{""temperature"": 30.0, ""humidity"": 82.0}",-42.0,9.25,0,Normal
2026-08-18 22:25:31,H:82% T:30C,Temp & Humidity,"{""temperature"": 30.0, ""humidity"": 82.0}",-42.0,9.75,0,Normal
2026-08-18 22:25:31,H:82% T:30C,Temp & Humidity,"{""temperature"": 30.0, ""humidity"": 82.0}",-42.0,9.5,0,Normal
2026-08-18 22:25:31,H:82% T:30C,Temp & Humidity,"{""temperature"": 30.0, ""humidity"": 82.0}",-42.0,9.75,0,Normal
2026-08-18 22:25:31,H:82% T:30C,Temp & Humidity,"{""temperature"": 30.0, ""humidity"": 82.0}",-42.0,9.25,0,Normal
2026-08-18 22:25:31,H:82% T:30C,Temp & Humidity,"{""temperature"": 30.0, ""humidity"": 82.0}",-42.0,9.25,0,Normal
2026-08-18 22:25:31,H:82% T:30C,Temp & Humidity,"{""temperature"": 30.0, ""humidity"": 82.0}",-42.0,9.25,0,Normal
2026-08-18 22:25:31,H:82% T:30C,Temp & Humidity,"{""temperature"": 30.0, ""humidity"": 82.0}",-42.0,9.25,0,Normal
2026-08-18 22:25:31,H:82% T:30C,Temp & Humidity,"{""temperature"": 30.0, ""humidity"": 82.0}",-42.0,9.5,0,Normal
2026-08-18 22:25:31,H:82% T:30C,Temp & Humidity,"{""temperature"": 30.0, ""humidity"": 82.0}",-42.0,9.5,0,Normal
2026-08-18 22:25:31,H:82% T:30C,Temp & Humidity,"{""temperature"": 30.0, ""humidity"": 82.0}",-42.0,9.0,0,Normal
2026-08-18 22:25:31,H:82% T:30C,Temp & Humidity,"{""temperature"": 30.0, ""humidity"": 82.0}",-42.0,11.25,0,Normal
2026-08-18 22:25:31,H:82% T:30C,Temp & Humidity,"{""temperature"": 30.0, ""humidity"": 82.0}",-42.0,9.75,0,Normal
2026-08-18 22:25:31,H:82% T:30C,Temp & Humidity,"{""temperature"": 30.0, ""humidity"": 82.0}",-42.0,9.5,0,Normal
2026-08-18 22:25:31,H:82% T:30C,Temp & Humidity,"{""temperature"": 30.0, ""humidity"": 82.0}",-42.0,9.25,0,Normal
2026-08-18 22:25:31,H:82% T:30C,Temp & Humidity,"{""temperature"": 30.0, ""humidity"": 82.0}",-42.0,9.5,0,Normal
2026-08-18 22:25:31,H:82% T:30C,Temp & Humidity,"{""temperature"": 30.0, ""humidity"": 82.0}",-42.0,9.25,0,Normal
2026-08-18 22:25:31,H:82% T:30C,Temp & Humidity,"{""temperature"": 30.0, ""humidity"": 82.0}",-42.0,9.5,0,Normal
2026-08-18 22:25:31,H:82% T:30C,Temp & Humidity,"{""temperature"": 30.0, ""humidity"": 82.0}",-42.0,9.25,0,Normal
2026-08-18 22:25:31,H:82% T:30C,Temp & Humidity,"{""temperature"": 30.0, ""humidity"": 82.0}",-42.0,9.5,0,Normal
2026-08-18 22:25:31,H:82% T:30C,Temp & Humidity,"{""temperature"": 30.0, ""humidity"": 82.0}",-42.0,9.25,0,Normal
2026-08-18 22:25:31,H:82% T:30C,Temp & Humidity,"{""temperature"": 30.0, ""humidity"": 82.0}",-43.0,9.25,0,Normal
2026-08-18 22:25:31,H:82% T:30C,Temp & Humidity,"{""temperature"": 30.0, ""humidity"": 82.0}",-41.0,9.25,0,Normal
2026-08-18 22:25:31,H:82% T:30C,Temp & Humidity,"{""temperature"": 30.0, ""humidity"": 82.0}",-42.0,9.25,0,Normal
2026-08-18 22:25:31,H:82% T:30C,Temp & Humidity,"{""temperature"": 30.0, ""humidity"": 82.0}",-42.0,9.75,0,Normal
2026-08-18 22:25:31,H:82% T:30C,Temp & Humidity,"{""temperature"": 30.0, ""humidity"": 82.0}",-43.0,9.25,0,Normal
2026-08-18 22:25:31,H:82% T:30C,Temp & Humidity,"{""temperature"": 30.0, ""humidity"": 82.0}",-52.0,9.0,1,Isolation Forest ML Outlier
2026-08-18 22:25:31,H:82% T:30C,Temp & Humidity,"{""temperature"": 30.0, ""humidity"": 82.0}",-43.0,12.5,0,Normal
2026-08-18 22:25:31,H:82% T:30C,Temp & Humidity,"{""temperature"": 30.0, ""humidity"": 82.0}",-42.0,9.25,0,Normal
2026-08-18 22:25:31,H:82% T:30C,Temp & Humidity,"{""temperature"": 30.0, ""humidity"": 82.0}",-42.0,9.75,0,Normal
2026-08-18 22:25:31,H:82% T:30C,Temp & Humidity,"{""temperature"": 30.0, ""humidity"": 82.0}",-43.0,9.5,0,Normal
2026-08-18 22:25:31,H:82% T:30C,Temp & Humidity,"{""temperature"": 30.0, ""humidity"": 82.0}",-41.0,9.0,0,Normal
2026-08-18 22:25:31,H:82% T:30C,Temp & Humidity,"{""temperature"": 30.0, ""humidity"": 82.0}",-42.0,8.25,0,Normal
2026-08-18 22:25:31,H:82% T:30C,Temp & Humidity,"{""temperature"": 30.0, ""humidity"": 82.0}",-42.0,9.5,0,Normal
2026-08-18 22:25:31,H:83% T:30C,Temp & Humidity,"{""temperature"": 30.0, ""humidity"": 83.0}",-42.0,9.25,1,Sudden Humidity Shift (+1000.0%/min)
2026-08-18 22:25:31,H:83% T:30C,Temp & Humidity,"{""temperature"": 30.0, ""humidity"": 83.0}",-42.0,9.5,0,Normal
2026-08-18 22:25:31,H:83% T:30C,Temp & Humidity,"{""temperature"": 30.0, ""humidity"": 83.0}",-42.0,9.5,0,Normal
2026-08-18 22:25:31,H:83% T:30C,Temp & Humidity,"{""temperature"": 30.0, ""humidity"": 83.0}",-42.0,9.25,0,Normal
2026-08-18 22:25:31,H:83% T:30C,Temp & Humidity,"{""temperature"": 30.0, ""humidity"": 83.0}",-42.0,9.5,0,Normal
2026-08-18 22:25:31,H:83% T:30C,Temp & Humidity,"{""temperature"": 30.0, ""humidity"": 83.0}",-42.0,9.75,0,Normal
2026-08-18 22:25:31,H:83% T:30C,Temp & Humidity,"{""temperature"": 30.0, ""humidity"": 83.0}",-42.0,9.0,0,Normal
2026-08-18 22:25:31,H:83% T:30C,Temp & Humidity,"{""temperature"": 30.0, ""humidity"": 83.0}",-42.0,9.0,0,Normal
2026-08-18 22:25:31,H:83% T:30C,Temp & Humidity,"{""temperature"": 30.0, ""humidity"": 83.0}",-42.0,9.75,0,Normal
2026-08-18 22:25:31,H:83% T:30C,Temp & Humidity,"{""temperature"": 30.0, ""humidity"": 83.0}",-42.0,9.0,0,Normal
2026-08-18 22:25:31,H:82% T:30C,Temp & Humidity,"{""temperature"": 30.0, ""humidity"": 82.0}",-42.0,9.25,1,Sudden Humidity Shift (-1000.0%/min)
2026-08-18 22:25:31,H:82% T:30C,Temp & Humidity,"{""temperature"": 30.0, ""humidity"": 82.0}",-43.0,9.5,0,Normal
2026-08-18 22:25:31,H:82% T:30C,Temp & Humidity,"{""temperature"": 30.0, ""humidity"": 82.0}",-42.0,9.5,0,Normal
2026-08-18 22:25:31,H:82% T:30C,Temp & Humidity,"{""temperature"": 30.0, ""humidity"": 82.0}",-43.0,9.25,0,Normal
2026-08-18 22:25:31,H:82% T:30C,Temp & Humidity,"{""temperature"": 30.0, ""humidity"": 82.0}",-43.0,9.25,0,Normal
2026-08-18 22:25:31,H:82% T:30C,Temp & Humidity,"{""temperature"": 30.0, ""humidity"": 82.0}",-43.0,9.25,0,Normal
2026-08-18 22:25:31,H:82% T:30C,Temp & Humidity,"{""temperature"": 30.0, ""humidity"": 82.0}",-43.0,9.0,0,Normal
2026-08-18 22:25:31,H:82% T:30C,Temp & Humidity,"{""temperature"": 30.0, ""humidity"": 82.0}",-43.0,9.25,0,Normal
2026-08-18 22:25:31,H:82% T:30C,Temp & Humidity,"{""temperature"": 30.0, ""humidity"": 82.0}",-43.0,9.5,0,Normal
2026-08-18 22:25:31,H:82% T:30C,Temp & Humidity,"{""temperature"": 30.0, ""humidity"": 82.0}",-43.0,9.5,0,Normal
2026-08-18 22:25:31,H:82% T:30C,Temp & Humidity,"{""temperature"": 30.0, ""humidity"": 82.0}",-42.0,12.25,0,Normal
2026-08-18 22:25:31,H:82% T:30C,Temp & Humidity,"{""temperature"": 30.0, ""humidity"": 82.0}",-42.0,10.5,0,Normal
2026-08-18 22:25:31,H:82% T:30C,Temp & Humidity,"{""temperature"": 30.0, ""humidity"": 82.0}",-43.0,9.5,0,Normal
2026-08-18 22:25:31,H:82% T:30C,Temp & Humidity,"{""temperature"": 30.0, ""humidity"": 82.0}",-43.0,10.0,0,Normal
2026-08-18 22:25:31,H:82% T:30C,Temp & Humidity,"{""temperature"": 30.0, ""humidity"": 82.0}",-42.0,9.5,0,Normal
2026-08-18 22:25:31,H:82% T:30C,Temp & Humidity,"{""temperature"": 30.0, ""humidity"": 82.0}",-42.0,9.25,0,Normal
2026-08-18 22:25:31,H:82% T:30C,Temp & Humidity,"{""temperature"": 30.0, ""humidity"": 82.0}",-47.0,9.75,0,Normal
2026-08-18 22:25:31,H:82% T:30C,Temp & Humidity,"{""temperature"": 30.0, ""humidity"": 82.0}",-42.0,9.5,0,Normal
2026-08-18 22:25:31,H:82% T:30C,Temp & Humidity,"{""temperature"": 30.0, ""humidity"": 82.0}",-43.0,9.25,0,Normal
2026-08-18 22:25:31,H:82% T:30C,Temp & Humidity,"{""temperature"": 30.0, ""humidity"": 82.0}",-43.0,9.25,0,Normal
2026-08-18 22:25:31,H:82% T:30C,Temp & Humidity,"{""temperature"": 30.0, ""humidity"": 82.0}",-42.0,9.25,0,Normal
2026-08-18 22:25:31,H:82% T:30C,Temp & Humidity,"{""temperature"": 30.0, ""humidity"": 82.0}",-42.0,9.5,0,Normal
2026-08-18 22:25:31,H:82% T:30C,Temp & Humidity,"{""temperature"": 30.0, ""humidity"": 82.0}",-42.0,9.5,0,Normal
2026-08-18 22:25:31,H:82% T:30C,Temp & Humidity,"{""temperature"": 30.0, ""humidity"": 82.0}",-42.0,9.5,0,Normal
2026-08-18 22:25:31,H:82% T:30C,Temp & Humidity,"{""temperature"": 30.0, ""humidity"": 82.0}",-42.0,9.5,0,Normal
2026-08-18 22:25:31,H:82% T:30C,Temp & Humidity,"{""temperature"": 30.0, ""humidity"": 82.0}",-40.0,8.25,0,Normal
2026-08-18 22:25:31,H:82% T:30C,Temp & Humidity,"{""temperature"": 30.0, ""humidity"": 82.0}",-50.0,9.25,1,Isolation Forest ML Outlier
2026-08-18 22:25:31,H:82% T:30C,Temp & Humidity,"{""temperature"": 30.0, ""humidity"": 82.0}",-50.0,9.25,1,Isolation Forest ML Outlier
2026-08-18 22:25:31,H:82% T:30C,Temp & Humidity,"{""temperature"": 30.0, ""humidity"": 82.0}",-52.0,8.75,1,Isolation Forest ML Outlier
2026-08-18 22:25:31,H:82% T:30C,Temp & Humidity,"{""temperature"": 30.0, ""humidity"": 82.0}",-53.0,9.25,1,Isolation Forest ML Outlier
2026-08-18 22:25:31,H:82% T:30C,Temp & Humidity,"{""temperature"": 30.0, ""humidity"": 82.0}",-44.0,10.0,0,Normal
2026-08-18 22:25:31,H:82% T:30C,Temp & Humidity,"{""temperature"": 30.0, ""humidity"": 82.0}",-52.0,9.25,1,Isolation Forest ML Outlier
2026-08-18 22:25:31,H:82% T:30C,Temp & Humidity,"{""temperature"": 30.0, ""humidity"": 82.0}",-51.0,9.25,1,Isolation Forest ML Outlier
2026-08-18 22:25:31,H:82% T:30C,Temp & Humidity,"{""temperature"": 30.0, ""humidity"": 82.0}",-64.0,9.5,1,Isolation Forest ML Outlier
2026-08-18 22:25:31,H:82% T:30C,Temp & Humidity,"{""temperature"": 30.0, ""humidity"": 82.0}",-63.0,9.25,1,Isolation Forest ML Outlier
2026-08-18 22:25:31,H:83% T:30C,Temp & Humidity,"{""temperature"": 30.0, ""humidity"": 83.0}",-61.0,9.5,1,Sudden Humidity Shift (+1000.0%/min) | Isolation Forest ML Outlier
2026-08-18 22:25:31,H:82% T:30C,Temp & Humidity,"{""temperature"": 30.0, ""humidity"": 82.0}",-62.0,9.0,1,Sudden Humidity Shift (-1000.0%/min) | Isolation Forest ML Outlier
2026-08-18 22:25:31,H:83% T:29C,Temp & Humidity,"{""temperature"": 29.0, ""humidity"": 83.0}",-62.0,9.25,1,Sudden Temp Spike (-1000.0°C/min) | Sudden Humidity Shift (+1000.0%/min) | Isolation Forest ML Outlier
2026-08-18 22:25:31,H:83% T:29C,Temp & Humidity,"{""temperature"": 29.0, ""humidity"": 83.0}",-62.0,9.5,1,Isolation Forest ML Outlier
2026-08-18 22:25:31,H:83% T:29C,Temp & Humidity,"{""temperature"": 29.0, ""humidity"": 83.0}",-62.0,9.25,1,Isolation Forest ML Outlier
2026-08-18 22:25:31,H:83% T:29C,Temp & Humidity,"{""temperature"": 29.0, ""humidity"": 83.0}",-62.0,9.25,1,Isolation Forest ML Outlier
2026-08-18 22:25:31,H:83% T:29C,Temp & Humidity,"{""temperature"": 29.0, ""humidity"": 83.0}",-62.0,9.25,1,Isolation Forest ML Outlier
2026-08-18 22:25:31,H:83% T:29C,Temp & Humidity,"{""temperature"": 29.0, ""humidity"": 83.0}",-62.0,9.25,1,Isolation Forest ML Outlier
2026-08-18 22:25:31,H:83% T:29C,Temp & Humidity,"{""temperature"": 29.0, ""humidity"": 83.0}",-61.0,9.5,1,Isolation Forest ML Outlier
2026-08-18 22:25:31,H:83% T:29C,Temp & Humidity,"{""temperature"": 29.0, ""humidity"": 83.0}",-62.0,9.0,1,Isolation Forest ML Outlier
2026-08-18 22:25:31,H:83% T:29C,Temp & Humidity,"{""temperature"": 29.0, ""humidity"": 83.0}",-62.0,9.75,1,Isolation Forest ML Outlier
2026-08-18 22:25:31,H:84% T:29C,Temp & Humidity,"{""temperature"": 29.0, ""humidity"": 84.0}",-62.0,9.25,1,Sudden Humidity Shift (+1000.0%/min) | Isolation Forest ML Outlier
2026-08-18 22:25:31,H:83% T:29C,Temp & Humidity,"{""temperature"": 29.0, ""humidity"": 83.0}",-62.0,9.25,1,Sudden Humidity Shift (-1000.0%/min) | Isolation Forest ML Outlier
2026-08-18 22:25:31,H:84% T:29C,Temp & Humidity,"{""temperature"": 29.0, ""humidity"": 84.0}",-61.0,9.5,1,Isolation Forest ML Outlier
2026-08-18 22:25:31,H:84% T:29C,Temp & Humidity,"{""temperature"": 29.0, ""humidity"": 84.0}",-62.0,9.5,1,Isolation Forest ML Outlier
2026-08-18 22:25:31,H:84% T:29C,Temp & Humidity,"{""temperature"": 29.0, ""humidity"": 84.0}",-62.0,9.25,1,Isolation Forest ML Outlier
2026-08-18 22:25:31,H:84% T:29C,Temp & Humidity,"{""temperature"": 29.0, ""humidity"": 84.0}",-62.0,9.0,1,Isolation Forest ML Outlier
2026-08-18 22:25:31,H:84% T:29C,Temp & Humidity,"{""temperature"": 29.0, ""humidity"": 84.0}",-65.0,9.5,1,Isolation Forest ML Outlier
2026-08-18 22:25:31,H:84% T:29C,Temp & Humidity,"{""temperature"": 29.0, ""humidity"": 84.0}",-68.0,9.5,1,Isolation Forest ML Outlier
2026-08-18 22:25:31,H:84% T:29C,Temp & Humidity,"{""temperature"": 29.0, ""humidity"": 84.0}",-68.0,9.0,1,Isolation Forest ML Outlier
2026-08-18 22:25:31,H:84% T:29C,Temp & Humidity,"{""temperature"": 29.0, ""humidity"": 84.0}",-60.0,9.5,1,Isolation Forest ML Outlier
2026-08-18 22:25:31,H:84% T:29C,Temp & Humidity,"{""temperature"": 29.0, ""humidity"": 84.0}",-62.0,9.25,1,Isolation Forest ML Outlier
2026-08-18 22:25:31,H:84% T:29C,Temp & Humidity,"{""temperature"": 29.0, ""humidity"": 84.0}",-61.0,9.5,1,Isolation Forest ML Outlier
2026-08-18 22:25:31,H:84% T:29C,Temp & Humidity,"{""temperature"": 29.0, ""humidity"": 84.0}",-60.0,9.75,1,Isolation Forest ML Outlier
2026-08-18 22:25:31,H:84% T:29C,Temp & Humidity,"{""temperature"": 29.0, ""humidity"": 84.0}",-63.0,9.25,1,Isolation Forest ML Outlier
2026-08-18 22:25:31,H:84% T:29C,Temp & Humidity,"{""temperature"": 29.0, ""humidity"": 84.0}",-62.0,9.75,1,Isolation Forest ML Outlier
2026-08-18 22:25:31,H:84% T:29C,Temp & Humidity,"{""temperature"": 29.0, ""humidity"": 84.0}",-58.0,9.5,1,Isolation Forest ML Outlier
2026-08-18 22:25:31,H:84% T:29C,Temp & Humidity,"{""temperature"": 29.0, ""humidity"": 84.0}",-57.0,9.25,1,Isolation Forest ML Outlier
2026-08-18 22:25:31,H:84% T:29C,Temp & Humidity,"{""temperature"": 29.0, ""humidity"": 84.0}",-58.0,9.5,1,Isolation Forest ML Outlier
2026-08-18 22:25:31,H:84% T:29C,Temp & Humidity,"{""temperature"": 29.0, ""humidity"": 84.0}",-57.0,11.5,1,Isolation Forest ML Outlier
2026-08-18 22:25:31,H:84% T:29C,Temp & Humidity,"{""temperature"": 29.0, ""humidity"": 84.0}",-58.0,9.5,1,Isolation Forest ML Outlier
2026-08-18 22:25:31,H:84% T:29C,Temp & Humidity,"{""temperature"": 29.0, ""humidity"": 84.0}",-58.0,9.5,1,Isolation Forest ML Outlier
2026-08-18 22:25:31,H:84% T:29C,Temp & Humidity,"{""temperature"": 29.0, ""humidity"": 84.0}",-58.0,9.25,1,Isolation Forest ML Outlier
2026-08-18 22:25:31,H:84% T:29C,Temp & Humidity,"{""temperature"": 29.0, ""humidity"": 84.0}",-57.0,9.25,1,Isolation Forest ML Outlier
2026-08-18 22:25:31,H:84% T:29C,Temp & Humidity,"{""temperature"": 29.0, ""humidity"": 84.0}",-56.0,9.5,1,Isolation Forest ML Outlier
2026-08-18 22:25:31,H:84% T:29C,Temp & Humidity,"{""temperature"": 29.0, ""humidity"": 84.0}",-55.0,9.5,1,Isolation Forest ML Outlier
2026-08-18 22:25:31,H:85% T:29C,Temp & Humidity,"{""temperature"": 29.0, ""humidity"": 85.0}",-55.0,9.5,1,Isolation Forest ML Outlier
2026-08-18 22:25:31,H:84% T:29C,Temp & Humidity,"{""temperature"": 29.0, ""humidity"": 84.0}",-56.0,9.5,1,Isolation Forest ML Outlier
2026-08-18 22:25:31,H:84% T:29C,Temp & Humidity,"{""temperature"": 29.0, ""humidity"": 84.0}",-56.0,9.5,1,Isolation Forest ML Outlier
2026-08-18 22:25:31,H:85% T:29C,Temp & Humidity,"{""temperature"": 29.0, ""humidity"": 85.0}",-55.0,9.5,1,Isolation Forest ML Outlier
2026-08-18 22:25:31,H:85% T:29C,Temp & Humidity,"{""temperature"": 29.0, ""humidity"": 85.0}",-55.0,9.25,1,Isolation Forest ML Outlier
2026-08-18 22:25:31,H:85% T:29C,Temp & Humidity,"{""temperature"": 29.0, ""humidity"": 85.0}",-56.0,10.0,1,Isolation Forest ML Outlier
2026-08-18 22:25:31,H:85% T:29C,Temp & Humidity,"{""temperature"": 29.0, ""humidity"": 85.0}",-56.0,9.25,1,Isolation Forest ML Outlier
2026-08-18 22:25:31,H:84% T:29C,Temp & Humidity,"{""temperature"": 29.0, ""humidity"": 84.0}",-55.0,9.75,1,Isolation Forest ML Outlier
2026-08-18 22:25:31,H:85% T:29C,Temp & Humidity,"{""temperature"": 29.0, ""humidity"": 85.0}",-55.0,11.0,1,Isolation Forest ML Outlier
2026-08-18 22:25:31,H:84% T:29C,Temp & Humidity,"{""temperature"": 29.0, ""humidity"": 84.0}",-56.0,9.75,1,Isolation Forest ML Outlier
2026-08-18 22:25:31,H:85% T:29C,Temp & Humidity,"{""temperature"": 29.0, ""humidity"": 85.0}",-55.0,9.75,1,Isolation Forest ML Outlier
2026-08-18 22:25:31,H:85% T:29C,Temp & Humidity,"{""temperature"": 29.0, ""humidity"": 85.0}",-56.0,10.0,1,Isolation Forest ML Outlier
2026-08-18 22:25:31,H:85% T:29C,Temp & Humidity,"{""temperature"": 29.0, ""humidity"": 85.0}",-56.0,9.25,1,Isolation Forest ML Outlier
2026-08-18 22:25:31,H:85% T:29C,Temp & Humidity,"{""temperature"": 29.0, ""humidity"": 85.0}",-56.0,9.5,1,Isolation Forest ML Outlier
2026-08-18 22:25:31,H:85% T:29C,Temp & Humidity,"{""temperature"": 29.0, ""humidity"": 85.0}",-56.0,9.25,1,Isolation Forest ML Outlier
2026-08-18 22:25:31,H:85% T:29C,Temp & Humidity,"{""temperature"": 29.0, ""humidity"": 85.0}",-58.0,9.5,1,Isolation Forest ML Outlier
2026-08-18 22:25:31,H:85% T:29C,Temp & Humidity,"{""temperature"": 29.0, ""humidity"": 85.0}",-60.0,9.25,1,Isolation Forest ML Outlier
2026-08-18 22:25:31,H:85% T:29C,Temp & Humidity,"{""temperature"": 29.0, ""humidity"": 85.0}",-62.0,9.25,1,Isolation Forest ML Outlier
2026-08-18 22:25:31,H:85% T:29C,Temp & Humidity,"{""temperature"": 29.0, ""humidity"": 85.0}",-61.0,9.5,1,Isolation Forest ML Outlier
2026-08-18 22:25:31,H:85% T:29C,Temp & Humidity,"{""temperature"": 29.0, ""humidity"": 85.0}",-61.0,9.0,1,Isolation Forest ML Outlier
2026-08-18 22:25:31,H:85% T:29C,Temp & Humidity,"{""temperature"": 29.0, ""humidity"": 85.0}",-61.0,9.0,1,Isolation Forest ML Outlier
2026-08-18 22:25:31,H:85% T:29C,Temp & Humidity,"{""temperature"": 29.0, ""humidity"": 85.0}",-52.0,9.0,1,Isolation Forest ML Outlier
2026-08-18 22:25:31,H:85% T:29C,Temp & Humidity,"{""temperature"": 29.0, ""humidity"": 85.0}",-52.0,9.25,1,Isolation Forest ML Outlier
2026-08-18 22:25:31,H:85% T:29C,Temp & Humidity,"{""temperature"": 29.0, ""humidity"": 85.0}",-53.0,9.5,1,Isolation Forest ML Outlier
2026-08-18 22:25:31,H:85% T:29C,Temp & Humidity,"{""temperature"": 29.0, ""humidity"": 85.0}",-57.0,8.75,1,Isolation Forest ML Outlier
2026-08-18 22:25:31,H:85% T:29C,Temp & Humidity,"{""temperature"": 29.0, ""humidity"": 85.0}",-58.0,9.0,1,Isolation Forest ML Outlier
2026-08-18 22:25:31,H:85% T:29C,Temp & Humidity,"{""temperature"": 29.0, ""humidity"": 85.0}",-57.0,9.5,1,Isolation Forest ML Outlier
2026-08-18 22:25:31,H:85% T:29C,Temp & Humidity,"{""temperature"": 29.0, ""humidity"": 85.0}",-57.0,9.0,1,Isolation Forest ML Outlier
2026-08-18 22:25:31,H:85% T:29C,Temp & Humidity,"{""temperature"": 29.0, ""humidity"": 85.0}",-57.0,9.0,1,Isolation Forest ML Outlier
2026-08-18 22:25:31,H:85% T:29C,Temp & Humidity,"{""temperature"": 29.0, ""humidity"": 85.0}",-57.0,9.0,1,Isolation Forest ML Outlier
2026-08-18 22:25:31,H:85% T:29C,Temp & Humidity,"{""temperature"": 29.0, ""humidity"": 85.0}",-57.0,8.75,1,Isolation Forest ML Outlier
2026-08-18 22:25:31,H:85% T:29C,Temp & Humidity,"{""temperature"": 29.0, ""humidity"": 85.0}",-57.0,9.0,1,Isolation Forest ML Outlier
2026-08-18 22:25:31,H:85% T:29C,Temp & Humidity,"{""temperature"": 29.0, ""humidity"": 85.0}",-57.0,9.0,1,Isolation Forest ML Outlier
2026-08-18 22:25:31,H:85% T:29C,Temp & Humidity,"{""temperature"": 29.0, ""humidity"": 85.0}",-57.0,9.0,1,Isolation Forest ML Outlier
2026-08-18 22:25:31,H:85% T:29C,Temp & Humidity,"{""temperature"": 29.0, ""humidity"": 85.0}",-57.0,9.0,1,Isolation Forest ML Outlier
2026-08-18 22:25:31,H:85% T:29C,Temp & Humidity,"{""temperature"": 29.0, ""humidity"": 85.0}",-57.0,9.25,1,Isolation Forest ML Outlier
2026-08-18 22:25:31,H:85% T:29C,Temp & Humidity,"{""temperature"": 29.0, ""humidity"": 85.0}",-57.0,9.25,1,Isolation Forest ML Outlier
2026-08-18 22:25:31,H:85% T:29C,Temp & Humidity,"{""temperature"": 29.0, ""humidity"": 85.0}",-57.0,9.5,1,Isolation Forest ML Outlier
2026-08-18 22:25:31,H:85% T:29C,Temp & Humidity,"{""temperature"": 29.0, ""humidity"": 85.0}",-56.0,9.0,1,Isolation Forest ML Outlier
2026-08-18 22:25:31,H:85% T:29C,Temp & Humidity,"{""temperature"": 29.0, ""humidity"": 85.0}",-56.0,9.25,1,Isolation Forest ML Outlier
2026-08-18 22:25:31,H:85% T:29C,Temp & Humidity,"{""temperature"": 29.0, ""humidity"": 85.0}",-52.0,9.0,1,Isolation Forest ML Outlier
2026-08-18 22:25:32,H:85% T:29C,Temp & Humidity,"{""temperature"": 29.0, ""humidity"": 85.0}",-44.0,9.25,0,Normal
2026-08-18 22:25:32,H:85% T:29C,Temp & Humidity,"{""temperature"": 29.0, ""humidity"": 85.0}",-44.0,9.25,0,Normal
2026-08-18 22:25:32,H:85% T:29C,Temp & Humidity,"{""temperature"": 29.0, ""humidity"": 85.0}",-51.0,9.75,1,Isolation Forest ML Outlier
2026-08-18 22:25:32,H:85% T:29C,Temp & Humidity,"{""temperature"": 29.0, ""humidity"": 85.0}",-51.0,9.75,1,Isolation Forest ML Outlier
2026-08-18 22:25:32,H:85% T:29C,Temp & Humidity,"{""temperature"": 29.0, ""humidity"": 85.0}",-50.0,9.5,1,Isolation Forest ML Outlier
2026-08-18 22:25:32,H:85% T:29C,Temp & Humidity,"{""temperature"": 29.0, ""humidity"": 85.0}",-50.0,9.5,1,Isolation Forest ML Outlier
2026-08-18 22:25:32,H:85% T:29C,Temp & Humidity,"{""temperature"": 29.0, ""humidity"": 85.0}",-50.0,9.25,1,Isolation Forest ML Outlier
2026-08-18 22:25:32,H:85% T:29C,Temp & Humidity,"{""temperature"": 29.0, ""humidity"": 85.0}",-50.0,9.5,1,Isolation Forest ML Outlier
2026-08-18 22:25:32,H:85% T:29C,Temp & Humidity,"{""temperature"": 29.0, ""humidity"": 85.0}",-50.0,9.5,1,Isolation Forest ML Outlier
2026-08-18 22:25:32,H:85% T:29C,Temp & Humidity,"{""temperature"": 29.0, ""humidity"": 85.0}",-51.0,12.25,1,Isolation Forest ML Outlier
2026-08-18 22:25:32,H:85% T:29C,Temp & Humidity,"{""temperature"": 29.0, ""humidity"": 85.0}",-52.0,9.0,1,Isolation Forest ML Outlier
2026-08-18 22:25:32,H:85% T:29C,Temp & Humidity,"{""temperature"": 29.0, ""humidity"": 85.0}",-51.0,9.25,1,Isolation Forest ML Outlier
2026-08-18 22:25:32,H:85% T:29C,Temp & Humidity,"{""temperature"": 29.0, ""humidity"": 85.0}",-49.0,9.25,1,Isolation Forest ML Outlier
2026-08-18 22:25:32,H:85% T:29C,Temp & Humidity,"{""temperature"": 29.0, ""humidity"": 85.0}",-42.0,9.5,0,Normal
2026-08-18 22:25:32,H:85% T:29C,Temp & Humidity,"{""temperature"": 29.0, ""humidity"": 85.0}",-42.0,9.25,0,Normal
2026-08-18 22:25:32,H:85% T:29C,Temp & Humidity,"{""temperature"": 29.0, ""humidity"": 85.0}",-43.0,9.25,0,Normal
2026-08-18 22:25:32,H:85% T:29C,Temp & Humidity,"{""temperature"": 29.0, ""humidity"": 85.0}",-50.0,9.25,1,Isolation Forest ML Outlier
2026-08-18 22:25:32,H:85% T:29C,Temp & Humidity,"{""temperature"": 29.0, ""humidity"": 85.0}",-43.0,9.75,0,Normal
2026-08-18 22:25:32,H:85% T:29C,Temp & Humidity,"{""temperature"": 29.0, ""humidity"": 85.0}",-42.0,9.25,0,Normal
2026-08-18 22:25:32,H:85% T:29C,Temp & Humidity,"{""temperature"": 29.0, ""humidity"": 85.0}",-42.0,9.5,0,Normal
2026-08-18 22:25:32,H:85% T:29C,Temp & Humidity,"{""temperature"": 29.0, ""humidity"": 85.0}",-43.0,9.5,0,Normal
2026-08-18 22:25:32,H:85% T:29C,Temp & Humidity,"{""temperature"": 29.0, ""humidity"": 85.0}",-43.0,8.75,0,Normal
2026-08-18 22:25:32,H:85% T:29C,Temp & Humidity,"{""temperature"": 29.0, ""humidity"": 85.0}",-43.0,9.0,0,Normal
2026-08-18 22:25:32,H:85% T:29C,Temp & Humidity,"{""temperature"": 29.0, ""humidity"": 85.0}",-42.0,9.0,0,Normal
2026-08-18 22:25:32,H:85% T:29C,Temp & Humidity,"{""temperature"": 29.0, ""humidity"": 85.0}",-43.0,9.0,0,Normal
2026-08-18 22:25:32,H:85% T:29C,Temp & Humidity,"{""temperature"": 29.0, ""humidity"": 85.0}",-42.0,9.25,0,Normal
2026-08-18 22:25:32,H:85% T:29C,Temp & Humidity,"{""temperature"": 29.0, ""humidity"": 85.0}",-43.0,9.5,0,Normal
2026-08-18 22:25:32,H:85% T:29C,Temp & Humidity,"{""temperature"": 29.0, ""humidity"": 85.0}",-42.0,9.5,0,Normal
2026-08-18 22:25:32,H:85% T:29C,Temp & Humidity,"{""temperature"": 29.0, ""humidity"": 85.0}",-43.0,9.25,0,Normal
2026-08-18 22:25:32,H:85% T:29C,Temp & Humidity,"{""temperature"": 29.0, ""humidity"": 85.0}",-42.0,9.25,0,Normal
2026-08-18 22:25:32,H:85% T:29C,Temp & Humidity,"{""temperature"": 29.0, ""humidity"": 85.0}",-43.0,9.25,0,Normal
2026-08-18 22:25:32,H:85% T:29C,Temp & Humidity,"{""temperature"": 29.0, ""humidity"": 85.0}",-43.0,9.25,0,Normal
2026-08-18 22:25:32,H:85% T:29C,Temp & Humidity,"{""temperature"": 29.0, ""humidity"": 85.0}",-43.0,9.25,0,Normal
2026-08-18 22:25:32,H:85% T:29C,Temp & Humidity,"{""temperature"": 29.0, ""humidity"": 85.0}",-43.0,9.25,0,Normal
2026-08-18 22:25:32,H:85% T:29C,Temp & Humidity,"{""temperature"": 29.0, ""humidity"": 85.0}",-42.0,9.25,0,Normal
2026-08-18 22:25:32,H:85% T:29C,Temp & Humidity,"{""temperature"": 29.0, ""humidity"": 85.0}",-43.0,9.25,0,Normal
2026-08-18 22:25:32,H:85% T:29C,Temp & Humidity,"{""temperature"": 29.0, ""humidity"": 85.0}",-48.0,9.25,0,Normal
2026-08-18 22:25:32,H:85% T:29C,Temp & Humidity,"{""temperature"": 29.0, ""humidity"": 85.0}",-43.0,9.25,0,Normal
2026-08-18 22:25:32,H:85% T:29C,Temp & Humidity,"{""temperature"": 29.0, ""humidity"": 85.0}",-42.0,9.25,0,Normal
2026-08-18 22:25:32,H:85% T:29C,Temp & Humidity,"{""temperature"": 29.0, ""humidity"": 85.0}",-42.0,9.75,0,Normal
2026-08-18 22:25:32,H:85% T:29C,Temp & Humidity,"{""temperature"": 29.0, ""humidity"": 85.0}",-43.0,9.25,0,Normal
2026-08-18 22:25:32,H:85% T:29C,Temp & Humidity,"{""temperature"": 29.0, ""humidity"": 85.0}",-43.0,9.25,0,Normal
2026-08-18 22:25:32,H:85% T:29C,Temp & Humidity,"{""temperature"": 29.0, ""humidity"": 85.0}",-43.0,10.25,0,Normal
2026-08-18 22:25:32,H:85% T:29C,Temp & Humidity,"{""temperature"": 29.0, ""humidity"": 85.0}",-42.0,9.5,0,Normal
2026-08-18 22:25:32,H:85% T:29C,Temp & Humidity,"{""temperature"": 29.0, ""humidity"": 85.0}",-42.0,9.5,0,Normal
2026-08-18 22:25:32,H:85% T:29C,Temp & Humidity,"{""temperature"": 29.0, ""humidity"": 85.0}",-42.0,9.25,0,Normal
2026-08-18 22:25:32,H:85% T:29C,Temp & Humidity,"{""temperature"": 29.0, ""humidity"": 85.0}",-43.0,9.5,0,Normal
2026-08-18 22:25:32,H:85% T:29C,Temp & Humidity,"{""temperature"": 29.0, ""humidity"": 85.0}",-47.0,9.25,0,Normal
2026-08-18 22:25:32,H:85% T:29C,Temp & Humidity,"{""temperature"": 29.0, ""humidity"": 85.0}",-47.0,8.75,0,Normal
2026-08-18 22:25:32,H:85% T:29C,Temp & Humidity,"{""temperature"": 29.0, ""humidity"": 85.0}",-43.0,9.25,0,Normal
2026-08-18 22:25:32,H:85% T:29C,Temp & Humidity,"{""temperature"": 29.0, ""humidity"": 85.0}",-43.0,9.5,0,Normal
2026-08-18 22:25:32,H:85% T:29C,Temp & Humidity,"{""temperature"": 29.0, ""humidity"": 85.0}",-43.0,9.25,0,Normal
2026-08-18 22:25:32,H:85% T:29C,Temp & Humidity,"{""temperature"": 29.0, ""humidity"": 85.0}",-43.0,9.25,0,Normal
2026-08-18 22:25:32,H:85% T:29C,Temp & Humidity,"{""temperature"": 29.0, ""humidity"": 85.0}",-42.0,9.75,0,Normal
2026-08-18 22:25:32,H:85% T:29C,Temp & Humidity,"{""temperature"": 29.0, ""humidity"": 85.0}",-43.0,9.25,0,Normal
2026-08-18 22:25:32,H:85% T:29C,Temp & Humidity,"{""temperature"": 29.0, ""humidity"": 85.0}",-43.0,9.25,0,Normal
2026-08-18 22:25:32,H:85% T:29C,Temp & Humidity,"{""temperature"": 29.0, ""humidity"": 85.0}",-43.0,9.5,0,Normal
2026-08-18 22:25:32,H:85% T:29C,Temp & Humidity,"{""temperature"": 29.0, ""humidity"": 85.0}",-42.0,9.25,0,Normal
2026-08-18 22:25:32,H:85% T:29C,Temp & Humidity,"{""temperature"": 29.0, ""humidity"": 85.0}",-43.0,9.5,0,Normal
2026-08-18 22:25:32,H:85% T:29C,Temp & Humidity,"{""temperature"": 29.0, ""humidity"": 85.0}",-43.0,9.25,0,Normal
2026-08-18 22:25:32,H:85% T:29C,Temp & Humidity,"{""temperature"": 29.0, ""humidity"": 85.0}",-43.0,11.75,0,Normal
2026-08-18 22:25:32,H:85% T:29C,Temp & Humidity,"{""temperature"": 29.0, ""humidity"": 85.0}",-43.0,9.5,0,Normal
2026-08-18 22:25:32,H:85% T:29C,Temp & Humidity,"{""temperature"": 29.0, ""humidity"": 85.0}",-43.0,9.0,0,Normal
2026-08-18 22:25:32,H:85% T:29C,Temp & Humidity,"{""temperature"": 29.0, ""humidity"": 85.0}",-43.0,9.5,0,Normal
2026-08-18 22:25:32,H:85% T:29C,Temp & Humidity,"{""temperature"": 29.0, ""humidity"": 85.0}",-42.0,9.5,0,Normal
2026-08-18 22:25:32,H:85% T:29C,Temp & Humidity,"{""temperature"": 29.0, ""humidity"": 85.0}",-43.0,9.5,0,Normal
2026-08-18 22:25:32,H:85% T:29C,Temp & Humidity,"{""temperature"": 29.0, ""humidity"": 85.0}",-42.0,9.25,0,Normal
2026-08-18 22:25:32,H:85% T:29C,Temp & Humidity,"{""temperature"": 29.0, ""humidity"": 85.0}",-43.0,9.5,0,Normal
2026-08-18 22:25:32,H:85% T:29C,Temp & Humidity,"{""temperature"": 29.0, ""humidity"": 85.0}",-43.0,9.5,0,Normal
2026-08-18 22:25:32,H:85% T:29C,Temp & Humidity,"{""temperature"": 29.0, ""humidity"": 85.0}",-42.0,9.25,0,Normal
2026-08-18 22:25:32,H:85% T:29C,Temp & Humidity,"{""temperature"": 29.0, ""humidity"": 85.0}",-43.0,9.25,0,Normal
2026-08-18 22:25:32,H:85% T:29C,Temp & Humidity,"{""temperature"": 29.0, ""humidity"": 85.0}",-42.0,9.5,0,Normal
2026-08-18 22:25:32,H:85% T:29C,Temp & Humidity,"{""temperature"": 29.0, ""humidity"": 85.0}",-43.0,9.0,0,Normal
2026-08-18 22:25:32,H:85% T:29C,Temp & Humidity,"{""temperature"": 29.0, ""humidity"": 85.0}",-43.0,9.5,0,Normal
2026-08-18 22:25:32,H:85% T:29C,Temp & Humidity,"{""temperature"": 29.0, ""humidity"": 85.0}",-48.0,9.25,0,Normal
2026-08-18 22:25:32,H:85% T:29C,Temp & Humidity,"{""temperature"": 29.0, ""humidity"": 85.0}",-42.0,9.25,0,Normal
2026-08-18 22:25:32,H:85% T:29C,Temp & Humidity,"{""temperature"": 29.0, ""humidity"": 85.0}",-43.0,9.25,0,Normal
2026-08-18 22:25:32,H:85% T:29C,Temp & Humidity,"{""temperature"": 29.0, ""humidity"": 85.0}",-43.0,9.0,0,Normal
2026-08-18 22:25:32,H:85% T:29C,Temp & Humidity,"{""temperature"": 29.0, ""humidity"": 85.0}",-43.0,9.0,0,Normal
2026-08-18 22:25:32,H:85% T:29C,Temp & Humidity,"{""temperature"": 29.0, ""humidity"": 85.0}",-43.0,9.0,0,Normal
2026-08-18 22:25:32,H:85% T:29C,Temp & Humidity,"{""temperature"": 29.0, ""humidity"": 85.0}",-42.0,9.25,0,Normal
2026-08-18 22:25:32,H:85% T:29C,Temp & Humidity,"{""temperature"": 29.0, ""humidity"": 85.0}",-42.0,9.25,0,Normal
2026-08-18 22:25:32,H:85% T:29C,Temp & Humidity,"{""temperature"": 29.0, ""humidity"": 85.0}",-43.0,9.25,0,Normal
2026-08-18 22:25:32,H:85% T:29C,Temp & Humidity,"{""temperature"": 29.0, ""humidity"": 85.0}",-48.0,9.25,0,Normal
2026-08-18 22:25:32,H:85% T:29C,Temp & Humidity,"{""temperature"": 29.0, ""humidity"": 85.0}",-42.0,9.25,0,Normal
2026-08-18 22:25:32,H:85% T:29C,Temp & Humidity,"{""temperature"": 29.0, ""humidity"": 85.0}",-43.0,9.0,0,Normal
2026-08-18 22:25:32,H:85% T:29C,Temp & Humidity,"{""temperature"": 29.0, ""humidity"": 85.0}",-43.0,9.25,0,Normal
2026-08-18 22:25:32,H:85% T:29C,Temp & Humidity,"{""temperature"": 29.0, ""humidity"": 85.0}",-43.0,9.25,0,Normal
2026-08-18 22:25:32,H:85% T:29C,Temp & Humidity,"{""temperature"": 29.0, ""humidity"": 85.0}",-43.0,9.5,0,Normal
2026-08-18 22:25:32,H:85% T:29C,Temp & Humidity,"{""temperature"": 29.0, ""humidity"": 85.0}",-51.0,9.5,1,Isolation Forest ML Outlier
2026-08-18 22:25:32,H:85% T:29C,Temp & Humidity,"{""temperature"": 29.0, ""humidity"": 85.0}",-50.0,9.25,1,Isolation Forest ML Outlier
2026-08-18 22:25:32,H:85% T:29C,Temp & Humidity,"{""temperature"": 29.0, ""humidity"": 85.0}",-43.0,10.0,0,Normal
2026-08-18 22:25:32,H:85% T:29C,Temp & Humidity,"{""temperature"": 29.0, ""humidity"": 85.0}",-43.0,9.75,0,Normal
2026-08-18 22:25:32,H:85% T:29C,Temp & Humidity,"{""temperature"": 29.0, ""humidity"": 85.0}",-42.0,9.0,0,Normal
2026-08-18 22:25:32,H:85% T:29C,Temp & Humidity,"{""temperature"": 29.0, ""humidity"": 85.0}",-42.0,9.5,0,Normal
2026-08-18 22:25:32,H:85% T:29C,Temp & Humidity,"{""temperature"": 29.0, ""humidity"": 85.0}",-41.0,9.5,0,Normal
2026-08-18 22:25:32,H:85% T:29C,Temp & Humidity,"{""temperature"": 29.0, ""humidity"": 85.0}",-42.0,9.25,0,Normal
2026-08-18 22:25:32,H:85% T:29C,Temp & Humidity,"{""temperature"": 29.0, ""humidity"": 85.0}",-42.0,9.0,0,Normal
2026-08-18 22:25:32,H:85% T:29C,Temp & Humidity,"{""temperature"": 29.0, ""humidity"": 85.0}",-42.0,9.0,0,Normal
2026-08-18 22:25:32,H:85% T:29C,Temp & Humidity,"{""temperature"": 29.0, ""humidity"": 85.0}",-43.0,9.0,0,Normal
2026-08-18 22:25:32,H:85% T:29C,Temp & Humidity,"{""temperature"": 29.0, ""humidity"": 85.0}",-42.0,9.25,0,Normal
2026-08-18 22:25:32,H:85% T:29C,Temp & Humidity,"{""temperature"": 29.0, ""humidity"": 85.0}",-42.0,9.25,0,Normal
2026-08-18 22:25:32,H:85% T:29C,Temp & Humidity,"{""temperature"": 29.0, ""humidity"": 85.0}",-42.0,9.5,0,Normal
2026-08-18 22:25:32,H:85% T:29C,Temp & Humidity,"{""temperature"": 29.0, ""humidity"": 85.0}",-42.0,9.75,0,Normal
2026-08-18 22:25:32,H:85% T:29C,Temp & Humidity,"{""temperature"": 29.0, ""humidity"": 85.0}",-43.0,9.25,0,Normal
2026-08-18 22:25:32,H:85% T:29C,Temp & Humidity,"{""temperature"": 29.0, ""humidity"": 85.0}",-43.0,9.25,0,Normal
2026-08-18 22:25:32,H:85% T:29C,Temp & Humidity,"{""temperature"": 29.0, ""humidity"": 85.0}",-47.0,9.0,0,Normal
2026-08-18 22:25:32,H:85% T:29C,Temp & Humidity,"{""temperature"": 29.0, ""humidity"": 85.0}",-42.0,9.25,0,Normal
2026-08-18 22:25:32,H:85% T:29C,Temp & Humidity,"{""temperature"": 29.0, ""humidity"": 85.0}",-43.0,9.25,0,Normal
2026-08-18 22:25:32,H:85% T:29C,Temp & Humidity,"{""temperature"": 29.0, ""humidity"": 85.0}",-42.0,9.25,0,Normal
2026-08-18 22:25:32,H:85% T:29C,Temp & Humidity,"{""temperature"": 29.0, ""humidity"": 85.0}",-42.0,9.5,0,Normal
2026-08-18 22:25:32,H:85% T:29C,Temp & Humidity,"{""temperature"": 29.0, ""humidity"": 85.0}",-43.0,9.25,0,Normal
2026-08-18 22:25:32,H:85% T:29C,Temp & Humidity,"{""temperature"": 29.0, ""humidity"": 85.0}",-43.0,9.5,0,Normal
2026-08-18 22:25:32,H:85% T:29C,Temp & Humidity,"{""temperature"": 29.0, ""humidity"": 85.0}",-43.0,9.5,0,Normal
2026-08-18 22:25:32,H:85% T:29C,Temp & Humidity,"{""temperature"": 29.0, ""humidity"": 85.0}",-43.0,9.25,0,Normal
2026-08-18 22:25:32,H:85% T:29C,Temp & Humidity,"{""temperature"": 29.0, ""humidity"": 85.0}",-43.0,9.5,0,Normal
2026-08-18 22:25:32,H:85% T:29C,Temp & Humidity,"{""temperature"": 29.0, ""humidity"": 85.0}",-43.0,9.0,0,Normal
2026-08-18 22:25:32,H:84% T:29C,Temp & Humidity,"{""temperature"": 29.0, ""humidity"": 84.0}",-43.0,10.5,1,Sudden Humidity Shift (-1000.0%/min)
2026-08-18 22:25:32,H:84% T:29C,Temp & Humidity,"{""temperature"": 29.0, ""humidity"": 84.0}",-43.0,9.25,0,Normal
2026-08-18 22:25:32,H:84% T:29C,Temp & Humidity,"{""temperature"": 29.0, ""humidity"": 84.0}",-43.0,12.5,0,Normal
2026-08-18 22:25:32,H:84% T:29C,Temp & Humidity,"{""temperature"": 29.0, ""humidity"": 84.0}",-48.0,9.0,0,Normal
2026-08-18 22:25:32,H:85% T:29C,Temp & Humidity,"{""temperature"": 29.0, ""humidity"": 85.0}",-43.0,9.25,1,Sudden Humidity Shift (+1000.0%/min)
2026-08-18 22:25:32,H:84% T:29C,Temp & Humidity,"{""temperature"": 29.0, ""humidity"": 84.0}",-43.0,9.25,1,Sudden Humidity Shift (-1000.0%/min)
2026-08-18 22:25:32,H:84% T:29C,Temp & Humidity,"{""temperature"": 29.0, ""humidity"": 84.0}",-43.0,9.25,0,Normal
2026-08-18 22:25:32,H:84% T:29C,Temp & Humidity,"{""temperature"": 29.0, ""humidity"": 84.0}",-43.0,9.25,0,Normal
2026-08-18 22:25:32,H:84% T:29C,Temp & Humidity,"{""temperature"": 29.0, ""humidity"": 84.0}",-43.0,9.75,0,Normal
2026-08-18 22:25:32,H:84% T:29C,Temp & Humidity,"{""temperature"": 29.0, ""humidity"": 84.0}",-43.0,9.5,0,Normal
2026-08-18 22:25:32,H:84% T:29C,Temp & Humidity,"{""temperature"": 29.0, ""humidity"": 84.0}",-43.0,9.75,0,Normal
2026-08-18 22:25:32,H:84% T:29C,Temp & Humidity,"{""temperature"": 29.0, ""humidity"": 84.0}",-43.0,9.75,0,Normal
2026-08-18 22:25:32,H:84% T:29C,Temp & Humidity,"{""temperature"": 29.0, ""humidity"": 84.0}",-43.0,9.25,0,Normal
2026-08-18 22:25:32,H:84% T:29C,Temp & Humidity,"{""temperature"": 29.0, ""humidity"": 84.0}",-42.0,9.25,0,Normal
2026-08-18 22:25:32,H:84% T:29C,Temp & Humidity,"{""temperature"": 29.0, ""humidity"": 84.0}",-51.0,9.25,1,Isolation Forest ML Outlier
2026-08-18 22:25:32,H:84% T:29C,Temp & Humidity,"{""temperature"": 29.0, ""humidity"": 84.0}",-51.0,9.25,1,Isolation Forest ML Outlier
2026-08-18 22:25:32,H:84% T:29C,Temp & Humidity,"{""temperature"": 29.0, ""humidity"": 84.0}",-59.0,9.75,1,Isolation Forest ML Outlier
2026-08-18 22:25:32,H:85% T:29C,Temp & Humidity,"{""temperature"": 29.0, ""humidity"": 85.0}",-62.0,9.0,1,Sudden Humidity Shift (+1000.0%/min) | Isolation Forest ML Outlier
2026-08-18 22:25:32,H:85% T:29C,Temp & Humidity,"{""temperature"": 29.0, ""humidity"": 85.0}",-62.0,9.0,1,Isolation Forest ML Outlier
2026-08-18 22:25:32,H:85% T:29C,Temp & Humidity,"{""temperature"": 29.0, ""humidity"": 85.0}",-62.0,9.0,1,Isolation Forest ML Outlier
2026-08-18 22:25:32,H:85% T:29C,Temp & Humidity,"{""temperature"": 29.0, ""humidity"": 85.0}",-62.0,8.75,1,Isolation Forest ML Outlier
2026-08-18 22:25:32,H:85% T:29C,Temp & Humidity,"{""temperature"": 29.0, ""humidity"": 85.0}",-59.0,9.25,1,Isolation Forest ML Outlier
2026-08-18 22:25:32,H:84% T:29C,Temp & Humidity,"{""temperature"": 29.0, ""humidity"": 84.0}",-62.0,9.0,1,Sudden Humidity Shift (-1000.0%/min) | Isolation Forest ML Outlier
2026-08-18 22:25:32,H:84% T:29C,Temp & Humidity,"{""temperature"": 29.0, ""humidity"": 84.0}",-63.0,9.25,1,Isolation Forest ML Outlier
2026-08-18 22:25:32,H:85% T:29C,Temp & Humidity,"{""temperature"": 29.0, ""humidity"": 85.0}",-63.0,9.0,1,Sudden Humidity Shift (+1000.0%/min) | Isolation Forest ML Outlier
2026-08-18 22:25:32,H:85% T:29C,Temp & Humidity,"{""temperature"": 29.0, ""humidity"": 85.0}",-63.0,9.0,1,Isolation Forest ML Outlier
2026-08-18 22:25:32,H:85% T:29C,Temp & Humidity,"{""temperature"": 29.0, ""humidity"": 85.0}",-63.0,9.0,1,Isolation Forest ML Outlier
2026-08-18 22:25:32,H:85% T:29C,Temp & Humidity,"{""temperature"": 29.0, ""humidity"": 85.0}",-63.0,9.5,1,Isolation Forest ML Outlier
2026-08-18 22:25:32,H:85% T:29C,Temp & Humidity,"{""temperature"": 29.0, ""humidity"": 85.0}",-63.0,9.5,1,Isolation Forest ML Outlier
2026-08-18 22:25:32,H:85% T:29C,Temp & Humidity,"{""temperature"": 29.0, ""humidity"": 85.0}",-64.0,9.0,1,Isolation Forest ML Outlier
2026-08-18 22:25:32,H:85% T:29C,Temp & Humidity,"{""temperature"": 29.0, ""humidity"": 85.0}",-64.0,9.25,1,Isolation Forest ML Outlier
2026-08-18 22:25:32,H:85% T:29C,Temp & Humidity,"{""temperature"": 29.0, ""humidity"": 85.0}",-63.0,9.25,1,Isolation Forest ML Outlier
2026-08-18 22:25:32,H:85% T:29C,Temp & Humidity,"{""temperature"": 29.0, ""humidity"": 85.0}",-57.0,9.25,1,Isolation Forest ML Outlier
2026-08-18 22:25:32,H:85% T:29C,Temp & Humidity,"{""temperature"": 29.0, ""humidity"": 85.0}",-56.0,9.5,1,Isolation Forest ML Outlier
2026-08-18 22:25:32,H:85% T:29C,Temp & Humidity,"{""temperature"": 29.0, ""humidity"": 85.0}",-62.0,9.75,1,Isolation Forest ML Outlier
2026-08-18 22:25:32,H:85% T:29C,Temp & Humidity,"{""temperature"": 29.0, ""humidity"": 85.0}",-62.0,9.25,1,Isolation Forest ML Outlier
2026-08-18 22:25:32,H:85% T:29C,Temp & Humidity,"{""temperature"": 29.0, ""humidity"": 85.0}",-62.0,9.0,1,Isolation Forest ML Outlier
2026-08-18 22:25:32,H:85% T:29C,Temp & Humidity,"{""temperature"": 29.0, ""humidity"": 85.0}",-61.0,8.75,1,Isolation Forest ML Outlier
2026-08-18 22:25:32,H:85% T:29C,Temp & Humidity,"{""temperature"": 29.0, ""humidity"": 85.0}",-62.0,9.0,1,Isolation Forest ML Outlier
2026-08-18 22:25:32,H:85% T:29C,Temp & Humidity,"{""temperature"": 29.0, ""humidity"": 85.0}",-63.0,9.25,1,Isolation Forest ML Outlier
2026-08-18 22:25:32,H:85% T:29C,Temp & Humidity,"{""temperature"": 29.0, ""humidity"": 85.0}",-62.0,9.25,1,Isolation Forest ML Outlier
2026-08-18 22:25:32,H:85% T:29C,Temp & Humidity,"{""temperature"": 29.0, ""humidity"": 85.0}",-62.0,9.25,1,Isolation Forest ML Outlier
2026-08-18 22:25:32,H:85% T:29C,Temp & Humidity,"{""temperature"": 29.0, ""humidity"": 85.0}",-62.0,8.75,1,Isolation Forest ML Outlier
2026-08-18 22:25:32,H:85% T:29C,Temp & Humidity,"{""temperature"": 29.0, ""humidity"": 85.0}",-62.0,9.0,1,Isolation Forest ML Outlier
2026-08-18 22:25:32,H:85% T:29C,Temp & Humidity,"{""temperature"": 29.0, ""humidity"": 85.0}",-62.0,9.0,1,Isolation Forest ML Outlier
2026-08-18 22:25:32,H:85% T:29C,Temp & Humidity,"{""temperature"": 29.0, ""humidity"": 85.0}",-60.0,9.5,1,Isolation Forest ML Outlier
2026-08-18 22:25:32,H:85% T:29C,Temp & Humidity,"{""temperature"": 29.0, ""humidity"": 85.0}",-59.0,9.75,1,Isolation Forest ML Outlier
2026-08-18 22:25:32,H:85% T:29C,Temp & Humidity,"{""temperature"": 29.0, ""humidity"": 85.0}",-59.0,9.0,1,Isolation Forest ML Outlier
2026-08-18 22:25:32,H:85% T:29C,Temp & Humidity,"{""temperature"": 29.0, ""humidity"": 85.0}",-59.0,9.5,1,Isolation Forest ML Outlier
2026-08-18 22:25:32,H:85% T:29C,Temp & Humidity,"{""temperature"": 29.0, ""humidity"": 85.0}",-58.0,9.75,1,Isolation Forest ML Outlier
2026-08-18 22:25:32,H:85% T:29C,Temp & Humidity,"{""temperature"": 29.0, ""humidity"": 85.0}",-58.0,9.5,1,Isolation Forest ML Outlier
2026-08-18 22:25:32,H:85% T:29C,Temp & Humidity,"{""temperature"": 29.0, ""humidity"": 85.0}",-58.0,9.5,1,Isolation Forest ML Outlier
2026-08-18 22:25:32,H:85% T:29C,Temp & Humidity,"{""temperature"": 29.0, ""humidity"": 85.0}",-59.0,9.5,1,Isolation Forest ML Outlier
2026-08-18 22:25:32,H:85% T:29C,Temp & Humidity,"{""temperature"": 29.0, ""humidity"": 85.0}",-60.0,9.5,1,Isolation Forest ML Outlier
2026-08-18 22:25:32,H:85% T:29C,Temp & Humidity,"{""temperature"": 29.0, ""humidity"": 85.0}",-62.0,9.0,1,Isolation Forest ML Outlier
2026-08-18 22:25:32,H:85% T:29C,Temp & Humidity,"{""temperature"": 29.0, ""humidity"": 85.0}",-60.0,9.5,1,Isolation Forest ML Outlier
2026-08-18 22:25:32,H:85% T:29C,Temp & Humidity,"{""temperature"": 29.0, ""humidity"": 85.0}",-56.0,9.5,1,Isolation Forest ML Outlier
2026-08-18 22:25:32,H:85% T:29C,Temp & Humidity,"{""temperature"": 29.0, ""humidity"": 85.0}",-61.0,9.5,1,Isolation Forest ML Outlier
2026-08-18 22:25:32,H:85% T:29C,Temp & Humidity,"{""temperature"": 29.0, ""humidity"": 85.0}",-61.0,9.75,1,Isolation Forest ML Outlier
2026-08-18 22:25:32,H:85% T:29C,Temp & Humidity,"{""temperature"": 29.0, ""humidity"": 85.0}",-61.0,9.25,1,Isolation Forest ML Outlier
2026-08-18 22:25:32,H:85% T:29C,Temp & Humidity,"{""temperature"": 29.0, ""humidity"": 85.0}",-60.0,9.25,1,Isolation Forest ML Outlier
2026-08-18 22:25:32,H:85% T:29C,Temp & Humidity,"{""temperature"": 29.0, ""humidity"": 85.0}",-61.0,9.5,1,Isolation Forest ML Outlier
2026-08-18 22:25:32,H:85% T:29C,Temp & Humidity,"{""temperature"": 29.0, ""humidity"": 85.0}",-61.0,9.5,1,Isolation Forest ML Outlier
2026-08-18 22:25:32,H:85% T:29C,Temp & Humidity,"{""temperature"": 29.0, ""humidity"": 85.0}",-63.0,9.5,1,Isolation Forest ML Outlier
2026-08-18 22:25:32,H:85% T:29C,Temp & Humidity,"{""temperature"": 29.0, ""humidity"": 85.0}",-62.0,8.75,1,Isolation Forest ML Outlier
2026-08-18 22:25:32,H:85% T:29C,Temp & Humidity,"{""temperature"": 29.0, ""humidity"": 85.0}",-61.0,9.5,1,Isolation Forest ML Outlier
2026-08-18 22:25:32,H:85% T:29C,Temp & Humidity,"{""temperature"": 29.0, ""humidity"": 85.0}",-62.0,9.5,1,Isolation Forest ML Outlier
2026-08-18 22:25:32,H:85% T:29C,Temp & Humidity,"{""temperature"": 29.0, ""humidity"": 85.0}",-61.0,9.25,1,Isolation Forest ML Outlier
2026-08-18 22:25:32,H:85% T:29C,Temp & Humidity,"{""temperature"": 29.0, ""humidity"": 85.0}",-62.0,9.25,1,Isolation Forest ML Outlier
2026-08-18 22:25:32,H:85% T:29C,Temp & Humidity,"{""temperature"": 29.0, ""humidity"": 85.0}",-61.0,9.25,1,Isolation Forest ML Outlier
2026-08-18 22:25:32,H:85% T:29C,Temp & Humidity,"{""temperature"": 29.0, ""humidity"": 85.0}",-62.0,9.25,1,Isolation Forest ML Outlier
2026-08-18 22:25:32,H:85% T:29C,Temp & Humidity,"{""temperature"": 29.0, ""humidity"": 85.0}",-62.0,9.0,1,Isolation Forest ML Outlier
2026-08-18 22:25:32,H:85% T:29C,Temp & Humidity,"{""temperature"": 29.0, ""humidity"": 85.0}",-65.0,9.5,1,Isolation Forest ML Outlier
2026-08-18 22:25:32,H:85% T:29C,Temp & Humidity,"{""temperature"": 29.0, ""humidity"": 85.0}",-64.0,9.25,1,Isolation Forest ML Outlier
2026-08-18 22:25:32,H:85% T:29C,Temp & Humidity,"{""temperature"": 29.0, ""humidity"": 85.0}",-63.0,9.25,1,Isolation Forest ML Outlier
2026-08-18 22:25:32,H:85% T:29C,Temp & Humidity,"{""temperature"": 29.0, ""humidity"": 85.0}",-64.0,9.75,1,Isolation Forest ML Outlier
2026-08-18 22:25:32,H:85% T:29C,Temp & Humidity,"{""temperature"": 29.0, ""humidity"": 85.0}",-62.0,9.0,1,Isolation Forest ML Outlier
2026-08-18 22:25:32,H:85% T:29C,Temp & Humidity,"{""temperature"": 29.0, ""humidity"": 85.0}",-63.0,9.25,1,Isolation Forest ML Outlier
2026-08-18 22:25:32,H:85% T:29C,Temp & Humidity,"{""temperature"": 29.0, ""humidity"": 85.0}",-61.0,9.75,1,Isolation Forest ML Outlier
2026-08-18 22:25:32,H:85% T:29C,Temp & Humidity,"{""temperature"": 29.0, ""humidity"": 85.0}",-61.0,9.25,1,Isolation Forest ML Outlier
2026-08-18 22:25:32,H:85% T:29C,Temp & Humidity,"{""temperature"": 29.0, ""humidity"": 85.0}",-57.0,9.25,1,Isolation Forest ML Outlier
2026-08-18 22:25:32,H:85% T:29C,Temp & Humidity,"{""temperature"": 29.0, ""humidity"": 85.0}",-57.0,9.0,1,Isolation Forest ML Outlier
2026-08-18 22:25:32,H:85% T:29C,Temp & Humidity,"{""temperature"": 29.0, ""humidity"": 85.0}",-61.0,9.25,1,Isolation Forest ML Outlier
2026-08-18 22:25:32,H:85% T:29C,Temp & Humidity,"{""temperature"": 29.0, ""humidity"": 85.0}",-60.0,9.5,1,Isolation Forest ML Outlier
2026-08-18 22:25:32,H:85% T:29C,Temp & Humidity,"{""temperature"": 29.0, ""humidity"": 85.0}",-62.0,9.5,1,Isolation Forest ML Outlier
2026-08-18 22:25:32,H:85% T:29C,Temp & Humidity,"{""temperature"": 29.0, ""humidity"": 85.0}",-62.0,8.75,1,Isolation Forest ML Outlier
2026-08-18 22:25:32,H:85% T:29C,Temp & Humidity,"{""temperature"": 29.0, ""humidity"": 85.0}",-62.0,9.25,1,Isolation Forest ML Outlier
2026-08-18 22:25:32,H:85% T:29C,Temp & Humidity,"{""temperature"": 29.0, ""humidity"": 85.0}",-62.0,9.0,1,Isolation Forest ML Outlier
2026-08-18 22:25:32,H:85% T:29C,Temp & Humidity,"{""temperature"": 29.0, ""humidity"": 85.0}",-62.0,9.0,1,Isolation Forest ML Outlier
2026-08-18 22:25:32,H:85% T:29C,Temp & Humidity,"{""temperature"": 29.0, ""humidity"": 85.0}",-62.0,9.0,1,Isolation Forest ML Outlier
2026-08-18 22:25:32,H:85% T:29C,Temp & Humidity,"{""temperature"": 29.0, ""humidity"": 85.0}",-62.0,9.0,1,Isolation Forest ML Outlier
2026-08-18 22:25:32,H:85% T:29C,Temp & Humidity,"{""temperature"": 29.0, ""humidity"": 85.0}",-62.0,9.25,1,Isolation Forest ML Outlier
2026-08-18 22:25:32,H:85% T:29C,Temp & Humidity,"{""temperature"": 29.0, ""humidity"": 85.0}",-61.0,8.75,1,Isolation Forest ML Outlier
2026-08-18 22:25:32,H:85% T:29C,Temp & Humidity,"{""temperature"": 29.0, ""humidity"": 85.0}",-59.0,9.25,1,Isolation Forest ML Outlier
2026-08-18 22:25:32,H:85% T:29C,Temp & Humidity,"{""temperature"": 29.0, ""humidity"": 85.0}",-63.0,9.25,1,Isolation Forest ML Outlier
2026-08-18 22:25:32,H:85% T:29C,Temp & Humidity,"{""temperature"": 29.0, ""humidity"": 85.0}",-62.0,9.5,1,Isolation Forest ML Outlier
2026-08-18 22:25:32,H:85% T:29C,Temp & Humidity,"{""temperature"": 29.0, ""humidity"": 85.0}",-66.0,9.5,1,Isolation Forest ML Outlier
2026-08-18 22:25:32,H:85% T:29C,Temp & Humidity,"{""temperature"": 29.0, ""humidity"": 85.0}",-66.0,9.0,1,Isolation Forest ML Outlier
2026-08-18 22:25:32,H:85% T:29C,Temp & Humidity,"{""temperature"": 29.0, ""humidity"": 85.0}",-65.0,9.25,1,Isolation Forest ML Outlier
2026-08-18 22:25:32,H:85% T:29C,Temp & Humidity,"{""temperature"": 29.0, ""humidity"": 85.0}",-62.0,9.0,1,Isolation Forest ML Outlier
2026-08-18 22:25:32,H:85% T:29C,Temp & Humidity,"{""temperature"": 29.0, ""humidity"": 85.0}",-56.0,9.25,1,Isolation Forest ML Outlier
2026-08-18 22:25:32,H:85% T:29C,Temp & Humidity,"{""temperature"": 29.0, ""humidity"": 85.0}",-53.0,9.5,1,Isolation Forest ML Outlier
2026-08-18 22:25:32,H:85% T:29C,Temp & Humidity,"{""temperature"": 29.0, ""humidity"": 85.0}",-58.0,9.0,1,Isolation Forest ML Outlier
2026-08-18 22:25:32,H:85% T:29C,Temp & Humidity,"{""temperature"": 29.0, ""humidity"": 85.0}",-61.0,9.75,1,Isolation Forest ML Outlier
2026-08-18 22:25:32,H:85% T:29C,Temp & Humidity,"{""temperature"": 29.0, ""humidity"": 85.0}",-62.0,8.75,1,Isolation Forest ML Outlier
2026-08-18 22:25:32,H:85% T:29C,Temp & Humidity,"{""temperature"": 29.0, ""humidity"": 85.0}",-62.0,9.25,1,Isolation Forest ML Outlier
2026-08-18 22:25:32,H:85% T:29C,Temp & Humidity,"{""temperature"": 29.0, ""humidity"": 85.0}",-62.0,8.75,1,Isolation Forest ML Outlier
2026-08-18 22:25:32,H:85% T:29C,Temp & Humidity,"{""temperature"": 29.0, ""humidity"": 85.0}",-62.0,9.0,1,Isolation Forest ML Outlier
2026-08-18 22:25:32,H:85% T:29C,Temp & Humidity,"{""temperature"": 29.0, ""humidity"": 85.0}",-62.0,9.0,1,Isolation Forest ML Outlier
2026-08-18 22:25:32,H:85% T:29C,Temp & Humidity,"{""temperature"": 29.0, ""humidity"": 85.0}",-62.0,9.0,1,Isolation Forest ML Outlier
2026-08-18 22:25:32,H:85% T:29C,Temp & Humidity,"{""temperature"": 29.0, ""humidity"": 85.0}",-62.0,9.0,1,Isolation Forest ML Outlier
2026-08-18 22:25:32,H:85% T:29C,Temp & Humidity,"{""temperature"": 29.0, ""humidity"": 85.0}",-62.0,9.25,1,Isolation Forest ML Outlier
2026-08-18 22:25:32,H:85% T:29C,Temp & Humidity,"{""temperature"": 29.0, ""humidity"": 85.0}",-62.0,9.0,1,Isolation Forest ML Outlier
2026-08-18 22:25:32,H:85% T:29C,Temp & Humidity,"{""temperature"": 29.0, ""humidity"": 85.0}",-62.0,9.0,1,Isolation Forest ML Outlier
2026-08-18 22:25:32,H:85% T:29C,Temp & Humidity,"{""temperature"": 29.0, ""humidity"": 85.0}",-62.0,9.25,1,Isolation Forest ML Outlier
2026-08-18 22:25:32,H:85% T:29C,Temp & Humidity,"{""temperature"": 29.0, ""humidity"": 85.0}",-62.0,9.25,1,Isolation Forest ML Outlier
2026-08-18 22:25:32,H:85% T:29C,Temp & Humidity,"{""temperature"": 29.0, ""humidity"": 85.0}",-63.0,9.0,1,Isolation Forest ML Outlier
2026-08-18 22:25:32,H:85% T:29C,Temp & Humidity,"{""temperature"": 29.0, ""humidity"": 85.0}",-62.0,8.5,1,Isolation Forest ML Outlier
2026-08-18 22:25:32,H:85% T:29C,Temp & Humidity,"{""temperature"": 29.0, ""humidity"": 85.0}",-64.0,9.5,1,Isolation Forest ML Outlier
2026-08-18 22:25:32,H:85% T:29C,Temp & Humidity,"{""temperature"": 29.0, ""humidity"": 85.0}",-67.0,9.5,1,Isolation Forest ML Outlier
2026-08-18 22:25:32,H:85% T:29C,Temp & Humidity,"{""temperature"": 29.0, ""humidity"": 85.0}",-65.0,9.25,1,Isolation Forest ML Outlier
2026-08-18 22:25:32,H:85% T:29C,Temp & Humidity,"{""temperature"": 29.0, ""humidity"": 85.0}",-62.0,8.75,1,Isolation Forest ML Outlier
2026-08-18 22:25:32,H:85% T:29C,Temp & Humidity,"{""temperature"": 29.0, ""humidity"": 85.0}",-63.0,9.25,1,Isolation Forest ML Outlier
2026-08-18 22:25:32,H:85% T:29C,Temp & Humidity,"{""temperature"": 29.0, ""humidity"": 85.0}",-63.0,9.25,1,Isolation Forest ML Outlier
2026-08-18 22:25:32,H:85% T:29C,Temp & Humidity,"{""temperature"": 29.0, ""humidity"": 85.0}",-63.0,9.5,1,Isolation Forest ML Outlier
2026-08-18 22:25:32,H:85% T:29C,Temp & Humidity,"{""temperature"": 29.0, ""humidity"": 85.0}",-63.0,9.25,1,Isolation Forest ML Outlier
2026-08-18 22:25:32,H:85% T:29C,Temp & Humidity,"{""temperature"": 29.0, ""humidity"": 85.0}",-62.0,9.0,1,Isolation Forest ML Outlier
2026-08-18 22:25:32,H:85% T:29C,Temp & Humidity,"{""temperature"": 29.0, ""humidity"": 85.0}",-62.0,9.0,1,Isolation Forest ML Outlier
2026-08-18 22:25:32,H:85% T:29C,Temp & Humidity,"{""temperature"": 29.0, ""humidity"": 85.0}",-63.0,9.5,1,Isolation Forest ML Outlier
2026-08-18 22:25:32,H:85% T:29C,Temp & Humidity,"{""temperature"": 29.0, ""humidity"": 85.0}",-56.0,9.75,1,Isolation Forest ML Outlier
2026-08-18 22:25:32,H:85% T:29C,Temp & Humidity,"{""temperature"": 29.0, ""humidity"": 85.0}",-59.0,10.0,1,Isolation Forest ML Outlier
2026-08-18 22:25:32,H:85% T:29C,Temp & Humidity,"{""temperature"": 29.0, ""humidity"": 85.0}",-54.0,9.25,1,Isolation Forest ML Outlier
2026-08-18 22:25:32,H:85% T:29C,Temp & Humidity,"{""temperature"": 29.0, ""humidity"": 85.0}",-58.0,9.25,1,Isolation Forest ML Outlier
2026-08-18 22:25:32,H:85% T:29C,Temp & Humidity,"{""temperature"": 29.0, ""humidity"": 85.0}",-57.0,9.0,1,Isolation Forest ML Outlier
2026-08-18 22:25:32,H:85% T:29C,Temp & Humidity,"{""temperature"": 29.0, ""humidity"": 85.0}",-56.0,8.75,1,Isolation Forest ML Outlier
2026-08-18 22:25:32,H:85% T:29C,Temp & Humidity,"{""temperature"": 29.0, ""humidity"": 85.0}",-57.0,9.0,1,Isolation Forest ML Outlier
2026-08-18 22:25:32,H:85% T:29C,Temp & Humidity,"{""temperature"": 29.0, ""humidity"": 85.0}",-57.0,8.75,1,Isolation Forest ML Outlier
2026-08-18 22:25:32,H:85% T:29C,Temp & Humidity,"{""temperature"": 29.0, ""humidity"": 85.0}",-57.0,9.25,1,Isolation Forest ML Outlier
2026-08-18 22:25:32,H:85% T:29C,Temp & Humidity,"{""temperature"": 29.0, ""humidity"": 85.0}",-54.0,9.75,1,Isolation Forest ML Outlier
2026-08-18 22:25:32,H:85% T:29C,Temp & Humidity,"{""temperature"": 29.0, ""humidity"": 85.0}",-63.0,9.25,1,Isolation Forest ML Outlier
2026-08-18 22:25:32,H:85% T:29C,Temp & Humidity,"{""temperature"": 29.0, ""humidity"": 85.0}",-64.0,9.5,1,Isolation Forest ML Outlier
2026-08-18 22:25:32,H:85% T:29C,Temp & Humidity,"{""temperature"": 29.0, ""humidity"": 85.0}",-64.0,9.5,1,Isolation Forest ML Outlier
2026-08-18 22:25:32,H:85% T:29C,Temp & Humidity,"{""temperature"": 29.0, ""humidity"": 85.0}",-63.0,9.25,1,Isolation Forest ML Outlier
2026-08-18 22:25:32,H:85% T:29C,Temp & Humidity,"{""temperature"": 29.0, ""humidity"": 85.0}",-62.0,9.25,1,Isolation Forest ML Outlier
2026-08-18 22:25:32,H:85% T:29C,Temp & Humidity,"{""temperature"": 29.0, ""humidity"": 85.0}",-62.0,9.5,1,Isolation Forest ML Outlier
2026-08-18 22:25:32,H:85% T:29C,Temp & Humidity,"{""temperature"": 29.0, ""humidity"": 85.0}",-63.0,9.25,1,Isolation Forest ML Outlier
2026-08-18 22:25:32,H:85% T:29C,Temp & Humidity,"{""temperature"": 29.0, ""humidity"": 85.0}",-62.0,8.75,1,Isolation Forest ML Outlier
2026-08-18 22:25:32,H:85% T:29C,Temp & Humidity,"{""temperature"": 29.0, ""humidity"": 85.0}",-63.0,9.25,1,Isolation Forest ML Outlier
2026-08-18 22:25:32,H:85% T:29C,Temp & Humidity,"{""temperature"": 29.0, ""humidity"": 85.0}",-62.0,9.0,1,Isolation Forest ML Outlier
2026-08-18 22:25:32,H:85% T:29C,Temp & Humidity,"{""temperature"": 29.0, ""humidity"": 85.0}",-58.0,9.0,1,Isolation Forest ML Outlier
2026-08-18 22:25:32,H:85% T:29C,Temp & Humidity,"{""temperature"": 29.0, ""humidity"": 85.0}",-58.0,9.5,1,Isolation Forest ML Outlier
2026-08-18 22:25:32,H:85% T:29C,Temp & Humidity,"{""temperature"": 29.0, ""humidity"": 85.0}",-58.0,9.25,1,Isolation Forest ML Outlier
2026-08-18 22:25:32,H:85% T:29C,Temp & Humidity,"{""temperature"": 29.0, ""humidity"": 85.0}",-58.0,9.0,1,Isolation Forest ML Outlier
2026-08-18 22:25:32,H:85% T:29C,Temp & Humidity,"{""temperature"": 29.0, ""humidity"": 85.0}",-57.0,9.25,1,Isolation Forest ML Outlier
2026-08-18 22:25:32,H:85% T:29C,Temp & Humidity,"{""temperature"": 29.0, ""humidity"": 85.0}",-58.0,9.25,1,Isolation Forest ML Outlier
2026-08-18 22:25:32,H:85% T:29C,Temp & Humidity,"{""temperature"": 29.0, ""humidity"": 85.0}",-57.0,9.25,1,Isolation Forest ML Outlier
2026-08-18 22:25:32,H:85% T:29C,Temp & Humidity,"{""temperature"": 29.0, ""humidity"": 85.0}",-57.0,8.75,1,Isolation Forest ML Outlier
2026-08-18 22:25:32,H:85% T:29C,Temp & Humidity,"{""temperature"": 29.0, ""humidity"": 85.0}",-57.0,9.25,1,Isolation Forest ML Outlier
2026-08-18 22:25:32,H:85% T:29C,Temp & Humidity,"{""temperature"": 29.0, ""humidity"": 85.0}",-61.0,9.5,1,Isolation Forest ML Outlier
2026-08-18 22:25:32,H:85% T:29C,Temp & Humidity,"{""temperature"": 29.0, ""humidity"": 85.0}",-71.0,11.75,1,Isolation Forest ML Outlier
2026-08-18 22:25:32,H:85% T:29C,Temp & Humidity,"{""temperature"": 29.0, ""humidity"": 85.0}",-68.0,9.5,1,Isolation Forest ML Outlier
2026-08-18 22:25:32,H:85% T:29C,Temp & Humidity,"{""temperature"": 29.0, ""humidity"": 85.0}",-67.0,8.75,1,Isolation Forest ML Outlier
2026-08-18 22:25:32,H:85% T:29C,Temp & Humidity,"{""temperature"": 29.0, ""humidity"": 85.0}",-68.0,9.0,1,Isolation Forest ML Outlier
2026-08-18 22:25:32,H:85% T:29C,Temp & Humidity,"{""temperature"": 29.0, ""humidity"": 85.0}",-57.0,9.75,1,Isolation Forest ML Outlier
2026-08-18 22:25:32,H:85% T:29C,Temp & Humidity,"{""temperature"": 29.0, ""humidity"": 85.0}",-57.0,9.5,1,Isolation Forest ML Outlier
2026-08-18 22:25:32,H:85% T:29C,Temp & Humidity,"{""temperature"": 29.0, ""humidity"": 85.0}",-56.0,9.25,1,Isolation Forest ML Outlier
2026-08-18 22:25:32,H:85% T:29C,Temp & Humidity,"{""temperature"": 29.0, ""humidity"": 85.0}",-59.0,9.25,1,Isolation Forest ML Outlier
2026-08-18 22:25:32,H:85% T:29C,Temp & Humidity,"{""temperature"": 29.0, ""humidity"": 85.0}",-61.0,9.5,1,Isolation Forest ML Outlier
2026-08-18 22:25:32,H:85% T:29C,Temp & Humidity,"{""temperature"": 29.0, ""humidity"": 85.0}",-62.0,9.0,1,Isolation Forest ML Outlier
2026-08-18 22:25:32,H:85% T:29C,Temp & Humidity,"{""temperature"": 29.0, ""humidity"": 85.0}",-62.0,9.25,1,Isolation Forest ML Outlier
2026-08-18 22:25:32,H:85% T:29C,Temp & Humidity,"{""temperature"": 29.0, ""humidity"": 85.0}",-62.0,9.25,1,Isolation Forest ML Outlier
2026-08-18 22:25:32,H:85% T:29C,Temp & Humidity,"{""temperature"": 29.0, ""humidity"": 85.0}",-62.0,9.5,1,Isolation Forest ML Outlier
2026-08-18 22:25:32,H:85% T:29C,Temp & Humidity,"{""temperature"": 29.0, ""humidity"": 85.0}",-62.0,8.75,1,Isolation Forest ML Outlier
2026-08-18 22:25:32,H:85% T:29C,Temp & Humidity,"{""temperature"": 29.0, ""humidity"": 85.0}",-62.0,9.0,1,Isolation Forest ML Outlier
2026-08-18 22:25:32,H:85% T:29C,Temp & Humidity,"{""temperature"": 29.0, ""humidity"": 85.0}",-62.0,9.25,1,Isolation Forest ML Outlier
2026-08-18 22:25:32,H:85% T:29C,Temp & Humidity,"{""temperature"": 29.0, ""humidity"": 85.0}",-62.0,9.0,1,Isolation Forest ML Outlier
2026-08-18 22:25:32,H:85% T:29C,Temp & Humidity,"{""temperature"": 29.0, ""humidity"": 85.0}",-62.0,9.0,1,Isolation Forest ML Outlier
2026-08-18 22:25:32,H:85% T:29C,Temp & Humidity,"{""temperature"": 29.0, ""humidity"": 85.0}",-62.0,9.0,1,Isolation Forest ML Outlier
2026-08-18 22:25:32,H:85% T:29C,Temp & Humidity,"{""temperature"": 29.0, ""humidity"": 85.0}",-62.0,8.75,1,Isolation Forest ML Outlier
2026-08-18 22:25:32,H:85% T:29C,Temp & Humidity,"{""temperature"": 29.0, ""humidity"": 85.0}",-74.0,9.0,1,Isolation Forest ML Outlier
2026-08-18 22:25:32,H:85% T:29C,Temp & Humidity,"{""temperature"": 29.0, ""humidity"": 85.0}",-65.0,9.75,1,Isolation Forest ML Outlier
2026-08-18 22:25:32,H:85% T:29C,Temp & Humidity,"{""temperature"": 29.0, ""humidity"": 85.0}",-58.0,9.5,1,Isolation Forest ML Outlier
2026-08-18 22:25:32,H:85% T:29C,Temp & Humidity,"{""temperature"": 29.0, ""humidity"": 85.0}",-63.0,9.0,1,Isolation Forest ML Outlier
2026-08-18 22:25:32,H:85% T:29C,Temp & Humidity,"{""temperature"": 29.0, ""humidity"": 85.0}",-63.0,9.5,1,Isolation Forest ML Outlier
2026-08-18 22:25:32,H:85% T:29C,Temp & Humidity,"{""temperature"": 29.0, ""humidity"": 85.0}",-63.0,9.25,1,Isolation Forest ML Outlier
2026-08-18 22:25:32,H:85% T:29C,Temp & Humidity,"{""temperature"": 29.0, ""humidity"": 85.0}",-63.0,9.25,1,Isolation Forest ML Outlier
2026-08-18 22:25:32,H:85% T:29C,Temp & Humidity,"{""temperature"": 29.0, ""humidity"": 85.0}",-63.0,9.25,1,Isolation Forest ML Outlier
2026-08-18 22:25:32,H:85% T:29C,Temp & Humidity,"{""temperature"": 29.0, ""humidity"": 85.0}",-63.0,9.25,1,Isolation Forest ML Outlier
2026-08-18 22:25:32,H:85% T:29C,Temp & Humidity,"{""temperature"": 29.0, ""humidity"": 85.0}",-63.0,9.25,1,Isolation Forest ML Outlier
2026-08-18 22:25:32,H:85% T:29C,Temp & Humidity,"{""temperature"": 29.0, ""humidity"": 85.0}",-63.0,9.5,1,Isolation Forest ML Outlier
2026-08-18 22:25:32,H:85% T:29C,Temp & Humidity,"{""temperature"": 29.0, ""humidity"": 85.0}",-59.0,9.5,1,Isolation Forest ML Outlier
2026-08-18 22:25:32,H:85% T:29C,Temp & Humidity,"{""temperature"": 29.0, ""humidity"": 85.0}",-69.0,9.5,1,Isolation Forest ML Outlier
2026-08-18 22:25:32,H:85% T:29C,Temp & Humidity,"{""temperature"": 29.0, ""humidity"": 85.0}",-70.0,9.5,1,Isolation Forest ML Outlier
2026-08-18 22:25:32,H:85% T:29C,Temp & Humidity,"{""temperature"": 29.0, ""humidity"": 85.0}",-68.0,9.25,1,Isolation Forest ML Outlier
2026-08-18 22:25:32,H:85% T:29C,Temp & Humidity,"{""temperature"": 29.0, ""humidity"": 85.0}",-61.0,9.25,1,Isolation Forest ML Outlier
2026-08-18 22:25:32,H:85% T:29C,Temp & Humidity,"{""temperature"": 29.0, ""humidity"": 85.0}",-61.0,9.5,1,Isolation Forest ML Outlier
2026-08-18 22:25:32,H:85% T:29C,Temp & Humidity,"{""temperature"": 29.0, ""humidity"": 85.0}",-60.0,9.0,1,Isolation Forest ML Outlier
2026-08-18 22:25:32,H:85% T:29C,Temp & Humidity,"{""temperature"": 29.0, ""humidity"": 85.0}",-61.0,9.75,1,Isolation Forest ML Outlier
2026-08-18 22:25:32,H:85% T:29C,Temp & Humidity,"{""temperature"": 29.0, ""humidity"": 85.0}",-62.0,9.25,1,Isolation Forest ML Outlier
2026-08-18 22:25:32,H:85% T:29C,Temp & Humidity,"{""temperature"": 29.0, ""humidity"": 85.0}",-62.0,9.75,1,Isolation Forest ML Outlier
2026-08-18 22:25:32,H:85% T:29C,Temp & Humidity,"{""temperature"": 29.0, ""humidity"": 85.0}",-61.0,9.5,1,Isolation Forest ML Outlier
2026-08-18 22:25:32,H:85% T:29C,Temp & Humidity,"{""temperature"": 29.0, ""humidity"": 85.0}",-61.0,9.5,1,Isolation Forest ML Outlier
2026-08-18 22:25:32,H:85% T:29C,Temp & Humidity,"{""temperature"": 29.0, ""humidity"": 85.0}",-61.0,10.5,1,Isolation Forest ML Outlier
2026-08-18 22:25:32,H:85% T:29C,Temp & Humidity,"{""temperature"": 29.0, ""humidity"": 85.0}",-61.0,9.0,1,Isolation Forest ML Outlier
2026-08-18 22:25:32,H:85% T:29C,Temp & Humidity,"{""temperature"": 29.0, ""humidity"": 85.0}",-62.0,9.5,1,Isolation Forest ML Outlier
2026-08-18 22:25:32,H:85% T:29C,Temp & Humidity,"{""temperature"": 29.0, ""humidity"": 85.0}",-61.0,9.25,1,Isolation Forest ML Outlier
2026-08-18 22:25:32,H:85% T:29C,Temp & Humidity,"{""temperature"": 29.0, ""humidity"": 85.0}",-76.0,9.5,1,Isolation Forest ML Outlier
2026-08-18 22:25:32,H:85% T:29C,Temp & Humidity,"{""temperature"": 29.0, ""humidity"": 85.0}",-66.0,9.25,1,Isolation Forest ML Outlier
2026-08-18 22:25:32,H:85% T:29C,Temp & Humidity,"{""temperature"": 29.0, ""humidity"": 85.0}",-64.0,9.0,1,Isolation Forest ML Outlier
2026-08-18 22:25:32,H:85% T:29C,Temp & Humidity,"{""temperature"": 29.0, ""humidity"": 85.0}",-63.0,9.0,1,Isolation Forest ML Outlier
2026-08-18 22:25:32,H:85% T:29C,Temp & Humidity,"{""temperature"": 29.0, ""humidity"": 85.0}",-63.0,9.5,1,Isolation Forest ML Outlier
2026-08-18 22:25:32,H:85% T:29C,Temp & Humidity,"{""temperature"": 29.0, ""humidity"": 85.0}",-63.0,9.25,1,Isolation Forest ML Outlier
2026-08-18 22:25:32,H:85% T:29C,Temp & Humidity,"{""temperature"": 29.0, ""humidity"": 85.0}",-63.0,9.5,1,Isolation Forest ML Outlier
2026-08-18 22:25:32,H:85% T:29C,Temp & Humidity,"{""temperature"": 29.0, ""humidity"": 85.0}",-68.0,9.0,1,Isolation Forest ML Outlier
2026-08-18 22:25:32,H:85% T:29C,Temp & Humidity,"{""temperature"": 29.0, ""humidity"": 85.0}",-64.0,9.5,1,Isolation Forest ML Outlier
2026-08-18 22:25:32,H:85% T:29C,Temp & Humidity,"{""temperature"": 29.0, ""humidity"": 85.0}",-69.0,9.25,1,Isolation Forest ML Outlier
2026-08-18 22:25:32,H:85% T:29C,Temp & Humidity,"{""temperature"": 29.0, ""humidity"": 85.0}",-70.0,9.25,1,Isolation Forest ML Outlier
2026-08-18 22:25:32,H:85% T:29C,Temp & Humidity,"{""temperature"": 29.0, ""humidity"": 85.0}",-69.0,9.25,1,Isolation Forest ML Outlier
2026-08-18 22:25:32,H:85% T:29C,Temp & Humidity,"{""temperature"": 29.0, ""humidity"": 85.0}",-69.0,9.25,1,Isolation Forest ML Outlier
2026-08-18 22:25:32,H:85% T:29C,Temp & Humidity,"{""temperature"": 29.0, ""humidity"": 85.0}",-70.0,9.25,1,Isolation Forest ML Outlier
2026-08-18 22:25:32,H:85% T:29C,Temp & Humidity,"{""temperature"": 29.0, ""humidity"": 85.0}",-69.0,9.25,1,Isolation Forest ML Outlier
2026-08-18 22:25:32,H:85% T:29C,Temp & Humidity,"{""temperature"": 29.0, ""humidity"": 85.0}",-70.0,9.5,1,Isolation Forest ML Outlier
2026-08-18 22:25:32,H:85% T:29C,Temp & Humidity,"{""temperature"": 29.0, ""humidity"": 85.0}",-70.0,9.0,1,Isolation Forest ML Outlier
2026-08-18 22:25:32,H:85% T:29C,Temp & Humidity,"{""temperature"": 29.0, ""humidity"": 85.0}",-69.0,9.25,1,Isolation Forest ML Outlier
2026-08-18 22:25:32,H:85% T:29C,Temp & Humidity,"{""temperature"": 29.0, ""humidity"": 85.0}",-70.0,9.25,1,Isolation Forest ML Outlier
2026-08-18 22:25:32,H:85% T:29C,Temp & Humidity,"{""temperature"": 29.0, ""humidity"": 85.0}",-71.0,9.25,1,Isolation Forest ML Outlier
2026-08-18 22:25:32,H:85% T:29C,Temp & Humidity,"{""temperature"": 29.0, ""humidity"": 85.0}",-70.0,9.5,1,Isolation Forest ML Outlier
2026-08-18 22:25:32,H:85% T:29C,Temp & Humidity,"{""temperature"": 29.0, ""humidity"": 85.0}",-67.0,9.5,1,Isolation Forest ML Outlier
2026-08-18 22:25:32,H:85% T:29C,Temp & Humidity,"{""temperature"": 29.0, ""humidity"": 85.0}",-70.0,9.25,1,Isolation Forest ML Outlier
2026-08-18 22:25:32,H:85% T:29C,Temp & Humidity,"{""temperature"": 29.0, ""humidity"": 85.0}",-62.0,9.25,1,Isolation Forest ML Outlier
2026-08-18 22:25:32,H:85% T:29C,Temp & Humidity,"{""temperature"": 29.0, ""humidity"": 85.0}",-61.0,9.5,1,Isolation Forest ML Outlier
2026-08-18 22:25:32,H:85% T:29C,Temp & Humidity,"{""temperature"": 29.0, ""humidity"": 85.0}",-61.0,11.0,1,Isolation Forest ML Outlier
2026-08-18 22:25:32,H:85% T:29C,Temp & Humidity,"{""temperature"": 29.0, ""humidity"": 85.0}",-58.0,9.25,1,Isolation Forest ML Outlier
2026-08-18 22:25:32,H:85% T:29C,Temp & Humidity,"{""temperature"": 29.0, ""humidity"": 85.0}",-58.0,9.75,1,Isolation Forest ML Outlier
2026-08-18 22:25:32,H:85% T:29C,Temp & Humidity,"{""temperature"": 29.0, ""humidity"": 85.0}",-58.0,9.5,1,Isolation Forest ML Outlier
2026-08-18 22:25:32,H:85% T:29C,Temp & Humidity,"{""temperature"": 29.0, ""humidity"": 85.0}",-58.0,9.5,1,Isolation Forest ML Outlier
2026-08-18 22:25:32,H:85% T:29C,Temp & Humidity,"{""temperature"": 29.0, ""humidity"": 85.0}",-58.0,9.25,1,Isolation Forest ML Outlier
2026-08-18 22:25:32,H:85% T:29C,Temp & Humidity,"{""temperature"": 29.0, ""humidity"": 85.0}",-62.0,8.75,1,Isolation Forest ML Outlier
2026-08-18 22:25:32,H:85% T:29C,Temp & Humidity,"{""temperature"": 29.0, ""humidity"": 85.0}",-64.0,9.5,1,Isolation Forest ML Outlier
2026-08-18 22:25:32,H:85% T:29C,Temp & Humidity,"{""temperature"": 29.0, ""humidity"": 85.0}",-64.0,9.5,1,Isolation Forest ML Outlier
2026-08-18 22:25:32,H:85% T:29C,Temp & Humidity,"{""temperature"": 29.0, ""humidity"": 85.0}",-64.0,9.25,1,Isolation Forest ML Outlier
2026-08-18 22:25:32,H:85% T:29C,Temp & Humidity,"{""temperature"": 29.0, ""humidity"": 85.0}",-65.0,9.25,1,Isolation Forest ML Outlier
2026-08-18 22:25:32,H:85% T:29C,Temp & Humidity,"{""temperature"": 29.0, ""humidity"": 85.0}",-65.0,9.5,1,Isolation Forest ML Outlier
2026-08-18 22:25:32,H:85% T:29C,Temp & Humidity,"{""temperature"": 29.0, ""humidity"": 85.0}",-65.0,9.25,1,Isolation Forest ML Outlier
2026-08-18 22:25:33,H:85% T:29C,Temp & Humidity,"{""temperature"": 29.0, ""humidity"": 85.0}",-65.0,9.5,1,Isolation Forest ML Outlier
2026-08-18 22:25:33,H:85% T:29C,Temp & Humidity,"{""temperature"": 29.0, ""humidity"": 85.0}",-63.0,9.25,1,Isolation Forest ML Outlier
2026-08-18 22:25:33,H:85% T:29C,Temp & Humidity,"{""temperature"": 29.0, ""humidity"": 85.0}",-62.0,9.0,1,Isolation Forest ML Outlier
2026-08-18 22:25:33,H:85% T:29C,Temp & Humidity,"{""temperature"": 29.0, ""humidity"": 85.0}",-63.0,9.0,1,Isolation Forest ML Outlier
2026-08-18 22:25:33,H:85% T:29C,Temp & Humidity,"{""temperature"": 29.0, ""humidity"": 85.0}",-63.0,9.25,1,Isolation Forest ML Outlier
2026-08-18 22:25:33,H:85% T:29C,Temp & Humidity,"{""temperature"": 29.0, ""humidity"": 85.0}",-62.0,9.25,1,Isolation Forest ML Outlier
2026-08-18 22:25:33,H:85% T:29C,Temp & Humidity,"{""temperature"": 29.0, ""humidity"": 85.0}",-62.0,8.75,1,Isolation Forest ML Outlier
2026-08-18 22:25:33,H:85% T:29C,Temp & Humidity,"{""temperature"": 29.0, ""humidity"": 85.0}",-63.0,9.0,1,Isolation Forest ML Outlier
2026-08-18 22:25:33,H:85% T:29C,Temp & Humidity,"{""temperature"": 29.0, ""humidity"": 85.0}",-63.0,9.25,1,Isolation Forest ML Outlier
2026-08-18 22:25:33,H:85% T:29C,Temp & Humidity,"{""temperature"": 29.0, ""humidity"": 85.0}",-63.0,9.5,1,Isolation Forest ML Outlier
2026-08-18 22:25:33,H:85% T:29C,Temp & Humidity,"{""temperature"": 29.0, ""humidity"": 85.0}",-63.0,10.25,1,Isolation Forest ML Outlier
2026-08-18 22:25:33,H:85% T:29C,Temp & Humidity,"{""temperature"": 29.0, ""humidity"": 85.0}",-63.0,9.5,1,Isolation Forest ML Outlier
2026-08-18 22:25:33,H:85% T:29C,Temp & Humidity,"{""temperature"": 29.0, ""humidity"": 85.0}",-63.0,9.5,1,Isolation Forest ML Outlier
2026-08-18 22:25:33,H:85% T:29C,Temp & Humidity,"{""temperature"": 29.0, ""humidity"": 85.0}",-63.0,9.5,1,Isolation Forest ML Outlier
2026-08-18 22:25:33,H:85% T:29C,Temp & Humidity,"{""temperature"": 29.0, ""humidity"": 85.0}",-63.0,9.0,1,Isolation Forest ML Outlier
2026-08-18 22:25:33,H:85% T:29C,Temp & Humidity,"{""temperature"": 29.0, ""humidity"": 85.0}",-63.0,9.75,1,Isolation Forest ML Outlier
2026-08-18 22:25:33,H:85% T:29C,Temp & Humidity,"{""temperature"": 29.0, ""humidity"": 85.0}",-63.0,9.0,1,Isolation Forest ML Outlier
2026-08-18 22:25:33,H:85% T:29C,Temp & Humidity,"{""temperature"": 29.0, ""humidity"": 85.0}",-63.0,9.25,1,Isolation Forest ML Outlier
2026-08-18 22:25:33,H:85% T:29C,Temp & Humidity,"{""temperature"": 29.0, ""humidity"": 85.0}",-63.0,9.25,1,Isolation Forest ML Outlier
2026-08-18 22:25:33,H:85% T:29C,Temp & Humidity,"{""temperature"": 29.0, ""humidity"": 85.0}",-63.0,9.5,1,Isolation Forest ML Outlier
2026-08-18 22:25:33,H:85% T:29C,Temp & Humidity,"{""temperature"": 29.0, ""humidity"": 85.0}",-63.0,9.25,1,Isolation Forest ML Outlier
2026-08-18 22:25:33,H:85% T:29C,Temp & Humidity,"{""temperature"": 29.0, ""humidity"": 85.0}",-63.0,9.25,1,Isolation Forest ML Outlier
2026-08-18 22:25:33,H:85% T:29C,Temp & Humidity,"{""temperature"": 29.0, ""humidity"": 85.0}",-63.0,9.5,1,Isolation Forest ML Outlier
2026-08-18 22:25:33,H:85% T:29C,Temp & Humidity,"{""temperature"": 29.0, ""humidity"": 85.0}",-63.0,9.25,1,Isolation Forest ML Outlier
2026-08-18 22:25:33,H:85% T:29C,Temp & Humidity,"{""temperature"": 29.0, ""humidity"": 85.0}",-63.0,9.25,1,Isolation Forest ML Outlier
2026-08-18 22:25:33,H:85% T:29C,Temp & Humidity,"{""temperature"": 29.0, ""humidity"": 85.0}",-63.0,9.75,1,Isolation Forest ML Outlier
2026-08-18 22:25:33,H:85% T:29C,Temp & Humidity,"{""temperature"": 29.0, ""humidity"": 85.0}",-63.0,9.25,1,Isolation Forest ML Outlier
2026-08-18 22:25:33,H:85% T:29C,Temp & Humidity,"{""temperature"": 29.0, ""humidity"": 85.0}",-58.0,9.5,1,Isolation Forest ML Outlier
2026-08-18 22:25:33,H:85% T:29C,Temp & Humidity,"{""temperature"": 29.0, ""humidity"": 85.0}",-69.0,9.5,1,Isolation Forest ML Outlier
2026-08-18 22:25:33,H:85% T:29C,Temp & Humidity,"{""temperature"": 29.0, ""humidity"": 85.0}",-68.0,9.25,1,Isolation Forest ML Outlier
2026-08-18 22:25:33,H:85% T:29C,Temp & Humidity,"{""temperature"": 29.0, ""humidity"": 85.0}",-69.0,9.0,1,Isolation Forest ML Outlier
2026-08-18 22:25:33,H:85% T:29C,Temp & Humidity,"{""temperature"": 29.0, ""humidity"": 85.0}",-68.0,9.25,1,Isolation Forest ML Outlier
2026-08-18 22:25:33,H:85% T:29C,Temp & Humidity,"{""temperature"": 29.0, ""humidity"": 85.0}",-68.0,9.25,1,Isolation Forest ML Outlier
2026-08-18 22:25:33,H:85% T:29C,Temp & Humidity,"{""temperature"": 29.0, ""humidity"": 85.0}",-70.0,9.5,1,Isolation Forest ML Outlier
2026-08-18 22:25:33,H:85% T:29C,Temp & Humidity,"{""temperature"": 29.0, ""humidity"": 85.0}",-69.0,9.75,1,Isolation Forest ML Outlier
2026-08-18 22:25:33,H:85% T:29C,Temp & Humidity,"{""temperature"": 29.0, ""humidity"": 85.0}",-69.0,9.0,1,Isolation Forest ML Outlier
2026-08-18 22:25:33,H:85% T:29C,Temp & Humidity,"{""temperature"": 29.0, ""humidity"": 85.0}",-68.0,9.5,1,Isolation Forest ML Outlier
2026-08-18 22:25:33,H:85% T:29C,Temp & Humidity,"{""temperature"": 29.0, ""humidity"": 85.0}",-67.0,9.5,1,Isolation Forest ML Outlier
2026-08-18 22:25:33,H:85% T:29C,Temp & Humidity,"{""temperature"": 29.0, ""humidity"": 85.0}",-67.0,9.25,1,Isolation Forest ML Outlier
2026-08-18 22:25:33,H:85% T:29C,Temp & Humidity,"{""temperature"": 29.0, ""humidity"": 85.0}",-67.0,9.0,1,Isolation Forest ML Outlier
2026-08-18 22:25:33,H:85% T:29C,Temp & Humidity,"{""temperature"": 29.0, ""humidity"": 85.0}",-67.0,9.0,1,Isolation Forest ML Outlier
2026-08-18 22:25:33,H:85% T:29C,Temp & Humidity,"{""temperature"": 29.0, ""humidity"": 85.0}",-68.0,9.25,1,Isolation Forest ML Outlier
2026-08-18 22:25:33,H:85% T:29C,Temp & Humidity,"{""temperature"": 29.0, ""humidity"": 85.0}",-67.0,9.25,1,Isolation Forest ML Outlier
2026-08-18 22:25:33,H:85% T:29C,Temp & Humidity,"{""temperature"": 29.0, ""humidity"": 85.0}",-67.0,9.5,1,Isolation Forest ML Outlier
2026-08-18 22:25:33,H:85% T:29C,Temp & Humidity,"{""temperature"": 29.0, ""humidity"": 85.0}",-68.0,9.25,1,Isolation Forest ML Outlier
2026-08-18 22:25:33,H:85% T:29C,Temp & Humidity,"{""temperature"": 29.0, ""humidity"": 85.0}",-68.0,9.75,1,Isolation Forest ML Outlier
2026-08-18 22:25:33,H:85% T:29C,Temp & Humidity,"{""temperature"": 29.0, ""humidity"": 85.0}",-67.0,9.0,1,Isolation Forest ML Outlier
2026-08-18 22:25:33,H:85% T:29C,Temp & Humidity,"{""temperature"": 29.0, ""humidity"": 85.0}",-68.0,9.0,1,Isolation Forest ML Outlier
2026-08-18 22:25:33,H:85% T:29C,Temp & Humidity,"{""temperature"": 29.0, ""humidity"": 85.0}",-67.0,9.25,1,Isolation Forest ML Outlier
2026-08-18 22:25:33,H:85% T:29C,Temp & Humidity,"{""temperature"": 29.0, ""humidity"": 85.0}",-67.0,9.5,1,Isolation Forest ML Outlier
2026-08-18 22:25:33,H:85% T:29C,Temp & Humidity,"{""temperature"": 29.0, ""humidity"": 85.0}",-67.0,9.75,1,Isolation Forest ML Outlier
2026-08-18 22:25:33,H:85% T:29C,Temp & Humidity,"{""temperature"": 29.0, ""humidity"": 85.0}",-67.0,9.0,1,Isolation Forest ML Outlier
2026-08-18 22:25:33,H:85% T:29C,Temp & Humidity,"{""temperature"": 29.0, ""humidity"": 85.0}",-67.0,9.5,1,Isolation Forest ML Outlier
2026-08-18 22:25:33,H:85% T:29C,Temp & Humidity,"{""temperature"": 29.0, ""humidity"": 85.0}",-67.0,9.0,1,Isolation Forest ML Outlier
2026-08-18 22:25:33,H:85% T:29C,Temp & Humidity,"{""temperature"": 29.0, ""humidity"": 85.0}",-67.0,9.0,1,Isolation Forest ML Outlier
2026-08-18 22:25:33,H:85% T:29C,Temp & Humidity,"{""temperature"": 29.0, ""humidity"": 85.0}",-66.0,9.75,1,Isolation Forest ML Outlier
2026-08-18 22:25:33,H:85% T:29C,Temp & Humidity,"{""temperature"": 29.0, ""humidity"": 85.0}",-66.0,9.5,1,Isolation Forest ML Outlier
2026-08-18 22:25:33,H:85% T:29C,Temp & Humidity,"{""temperature"": 29.0, ""humidity"": 85.0}",-67.0,8.75,1,Isolation Forest ML Outlier
2026-08-18 22:25:33,H:85% T:29C,Temp & Humidity,"{""temperature"": 29.0, ""humidity"": 85.0}",-67.0,9.5,1,Isolation Forest ML Outlier
2026-08-18 22:25:33,H:85% T:29C,Temp & Humidity,"{""temperature"": 29.0, ""humidity"": 85.0}",-67.0,9.75,1,Isolation Forest ML Outlier
2026-08-18 22:25:33,H:85% T:29C,Temp & Humidity,"{""temperature"": 29.0, ""humidity"": 85.0}",-67.0,9.25,1,Isolation Forest ML Outlier
2026-08-18 22:25:33,H:85% T:29C,Temp & Humidity,"{""temperature"": 29.0, ""humidity"": 85.0}",-67.0,9.0,1,Isolation Forest ML Outlier
2026-08-18 22:25:33,H:85% T:29C,Temp & Humidity,"{""temperature"": 29.0, ""humidity"": 85.0}",-67.0,9.25,1,Isolation Forest ML Outlier
2026-08-18 22:25:33,H:85% T:29C,Temp & Humidity,"{""temperature"": 29.0, ""humidity"": 85.0}",-67.0,9.25,1,Isolation Forest ML Outlier
2026-08-18 22:25:33,H:85% T:29C,Temp & Humidity,"{""temperature"": 29.0, ""humidity"": 85.0}",-66.0,9.5,1,Isolation Forest ML Outlier
2026-08-18 22:25:33,H:85% T:29C,Temp & Humidity,"{""temperature"": 29.0, ""humidity"": 85.0}",-67.0,8.75,1,Isolation Forest ML Outlier
2026-08-18 22:25:33,H:85% T:29C,Temp & Humidity,"{""temperature"": 29.0, ""humidity"": 85.0}",-67.0,9.0,1,Isolation Forest ML Outlier
2026-08-18 22:25:33,H:85% T:29C,Temp & Humidity,"{""temperature"": 29.0, ""humidity"": 85.0}",-67.0,9.5,1,Isolation Forest ML Outlier
2026-08-18 22:25:33,H:85% T:29C,Temp & Humidity,"{""temperature"": 29.0, ""humidity"": 85.0}",-63.0,9.25,1,Isolation Forest ML Outlier
2026-08-18 22:25:33,H:85% T:29C,Temp & Humidity,"{""temperature"": 29.0, ""humidity"": 85.0}",-64.0,9.25,1,Isolation Forest ML Outlier
2026-08-18 22:25:33,H:85% T:29C,Temp & Humidity,"{""temperature"": 29.0, ""humidity"": 85.0}",-67.0,9.5,1,Isolation Forest ML Outlier
2026-08-18 22:25:33,H:85% T:29C,Temp & Humidity,"{""temperature"": 29.0, ""humidity"": 85.0}",-68.0,9.0,1,Isolation Forest ML Outlier
2026-08-18 22:25:33,H:85% T:29C,Temp & Humidity,"{""temperature"": 29.0, ""humidity"": 85.0}",-67.0,9.0,1,Isolation Forest ML Outlier
2026-08-18 22:25:33,H:85% T:29C,Temp & Humidity,"{""temperature"": 29.0, ""humidity"": 85.0}",-67.0,8.75,1,Isolation Forest ML Outlier
2026-08-18 22:25:33,H:85% T:29C,Temp & Humidity,"{""temperature"": 29.0, ""humidity"": 85.0}",-67.0,9.5,1,Isolation Forest ML Outlier
2026-08-18 22:25:33,H:85% T:29C,Temp & Humidity,"{""temperature"": 29.0, ""humidity"": 85.0}",-67.0,9.5,1,Isolation Forest ML Outlier
2026-08-18 22:25:33,H:85% T:29C,Temp & Humidity,"{""temperature"": 29.0, ""humidity"": 85.0}",-67.0,9.5,1,Isolation Forest ML Outlier
2026-08-18 22:25:33,H:85% T:29C,Temp & Humidity,"{""temperature"": 29.0, ""humidity"": 85.0}",-67.0,9.25,1,Isolation Forest ML Outlier
2026-08-18 22:25:33,H:85% T:29C,Temp & Humidity,"{""temperature"": 29.0, ""humidity"": 85.0}",-67.0,8.75,1,Isolation Forest ML Outlier
2026-08-18 22:25:33,H:85% T:29C,Temp & Humidity,"{""temperature"": 29.0, ""humidity"": 85.0}",-67.0,9.25,1,Isolation Forest ML Outlier
2026-08-18 22:25:33,H:85% T:29C,Temp & Humidity,"{""temperature"": 29.0, ""humidity"": 85.0}",-67.0,9.0,1,Isolation Forest ML Outlier
2026-08-18 22:25:33,H:85% T:29C,Temp & Humidity,"{""temperature"": 29.0, ""humidity"": 85.0}",-63.0,9.5,1,Isolation Forest ML Outlier
2026-08-18 22:25:33,H:85% T:29C,Temp & Humidity,"{""temperature"": 29.0, ""humidity"": 85.0}",-64.0,9.0,1,Isolation Forest ML Outlier
2026-08-18 22:25:33,H:85% T:29C,Temp & Humidity,"{""temperature"": 29.0, ""humidity"": 85.0}",-64.0,9.5,1,Isolation Forest ML Outlier
2026-08-18 22:25:33,H:85% T:29C,Temp & Humidity,"{""temperature"": 29.0, ""humidity"": 85.0}",-64.0,9.5,1,Isolation Forest ML Outlier
2026-08-18 22:25:33,H:85% T:29C,Temp & Humidity,"{""temperature"": 29.0, ""humidity"": 85.0}",-54.0,8.75,1,Isolation Forest ML Outlier
2026-08-18 22:25:33,H:85% T:29C,Temp & Humidity,"{""temperature"": 29.0, ""humidity"": 85.0}",-55.0,9.5,1,Isolation Forest ML Outlier
2026-08-18 22:25:33,H:85% T:29C,Temp & Humidity,"{""temperature"": 29.0, ""humidity"": 85.0}",-58.0,9.25,1,Isolation Forest ML Outlier
2026-08-18 22:25:33,H:85% T:29C,Temp & Humidity,"{""temperature"": 29.0, ""humidity"": 85.0}",-62.0,9.5,1,Isolation Forest ML Outlier
2026-08-18 22:25:33,H:85% T:29C,Temp & Humidity,"{""temperature"": 29.0, ""humidity"": 85.0}",-62.0,9.25,1,Isolation Forest ML Outlier
2026-08-18 22:25:33,H:85% T:29C,Temp & Humidity,"{""temperature"": 29.0, ""humidity"": 85.0}",-62.0,9.0,1,Isolation Forest ML Outlier
2026-08-18 22:25:33,H:85% T:29C,Temp & Humidity,"{""temperature"": 29.0, ""humidity"": 85.0}",-63.0,9.0,1,Isolation Forest ML Outlier
2026-08-18 22:25:33,H:85% T:29C,Temp & Humidity,"{""temperature"": 29.0, ""humidity"": 85.0}",-63.0,9.25,1,Isolation Forest ML Outlier
2026-08-18 22:25:33,H:85% T:29C,Temp & Humidity,"{""temperature"": 29.0, ""humidity"": 85.0}",-63.0,9.25,1,Isolation Forest ML Outlier
2026-08-18 22:25:33,H:85% T:29C,Temp & Humidity,"{""temperature"": 29.0, ""humidity"": 85.0}",-63.0,9.5,1,Isolation Forest ML Outlier
2026-08-18 22:25:33,H:85% T:29C,Temp & Humidity,"{""temperature"": 29.0, ""humidity"": 85.0}",-63.0,9.5,1,Isolation Forest ML Outlier
2026-08-18 22:25:33,H:85% T:29C,Temp & Humidity,"{""temperature"": 29.0, ""humidity"": 85.0}",-63.0,9.25,1,Isolation Forest ML Outlier
2026-08-18 22:25:33,H:85% T:29C,Temp & Humidity,"{""temperature"": 29.0, ""humidity"": 85.0}",-63.0,9.0,1,Isolation Forest ML Outlier
2026-08-18 22:25:33,H:85% T:29C,Temp & Humidity,"{""temperature"": 29.0, ""humidity"": 85.0}",-63.0,9.5,1,Isolation Forest ML Outlier
2026-08-18 22:25:33,H:85% T:29C,Temp & Humidity,"{""temperature"": 29.0, ""humidity"": 85.0}",-63.0,9.25,1,Isolation Forest ML Outlier
2026-08-18 22:25:33,H:85% T:29C,Temp & Humidity,"{""temperature"": 29.0, ""humidity"": 85.0}",-63.0,9.5,1,Isolation Forest ML Outlier
2026-08-18 22:25:33,H:85% T:29C,Temp & Humidity,"{""temperature"": 29.0, ""humidity"": 85.0}",-70.0,9.25,1,Isolation Forest ML Outlier
2026-08-18 22:25:33,H:85% T:29C,Temp & Humidity,"{""temperature"": 29.0, ""humidity"": 85.0}",-69.0,9.25,1,Isolation Forest ML Outlier
2026-08-18 22:25:33,H:85% T:29C,Temp & Humidity,"{""temperature"": 29.0, ""humidity"": 85.0}",-64.0,9.5,1,Isolation Forest ML Outlier
2026-08-18 22:25:33,H:85% T:29C,Temp & Humidity,"{""temperature"": 29.0, ""humidity"": 85.0}",-64.0,9.75,1,Isolation Forest ML Outlier
2026-08-18 22:25:33,H:85% T:29C,Temp & Humidity,"{""temperature"": 29.0, ""humidity"": 85.0}",-68.0,9.25,1,Isolation Forest ML Outlier
2026-08-18 22:25:33,H:85% T:29C,Temp & Humidity,"{""temperature"": 29.0, ""humidity"": 85.0}",-68.0,9.25,1,Isolation Forest ML Outlier
2026-08-18 22:25:33,H:85% T:29C,Temp & Humidity,"{""temperature"": 29.0, ""humidity"": 85.0}",-68.0,9.25,1,Isolation Forest ML Outlier
2026-08-18 22:25:33,H:85% T:29C,Temp & Humidity,"{""temperature"": 29.0, ""humidity"": 85.0}",-68.0,9.25,1,Isolation Forest ML Outlier
2026-08-18 22:25:33,H:85% T:29C,Temp & Humidity,"{""temperature"": 29.0, ""humidity"": 85.0}",-65.0,9.25,1,Isolation Forest ML Outlier
2026-08-18 22:25:33,H:85% T:29C,Temp & Humidity,"{""temperature"": 29.0, ""humidity"": 85.0}",-68.0,9.25,1,Isolation Forest ML Outlier
2026-08-18 22:25:33,H:85% T:29C,Temp & Humidity,"{""temperature"": 29.0, ""humidity"": 85.0}",-55.0,9.5,1,Isolation Forest ML Outlier
2026-08-18 22:25:33,H:85% T:29C,Temp & Humidity,"{""temperature"": 29.0, ""humidity"": 85.0}",-57.0,9.0,1,Isolation Forest ML Outlier
2026-08-18 22:25:33,H:85% T:29C,Temp & Humidity,"{""temperature"": 29.0, ""humidity"": 85.0}",-61.0,9.5,1,Isolation Forest ML Outlier
2026-08-18 22:25:33,H:85% T:29C,Temp & Humidity,"{""temperature"": 29.0, ""humidity"": 85.0}",-63.0,9.25,1,Isolation Forest ML Outlier
2026-08-18 22:25:33,H:85% T:29C,Temp & Humidity,"{""temperature"": 29.0, ""humidity"": 85.0}",-63.0,9.5,1,Isolation Forest ML Outlier
2026-08-18 22:25:33,H:85% T:29C,Temp & Humidity,"{""temperature"": 29.0, ""humidity"": 85.0}",-64.0,9.25,1,Isolation Forest ML Outlier
2026-08-18 22:25:33,H:85% T:29C,Temp & Humidity,"{""temperature"": 29.0, ""humidity"": 85.0}",-63.0,9.0,1,Isolation Forest ML Outlier
2026-08-18 22:25:33,H:85% T:29C,Temp & Humidity,"{""temperature"": 29.0, ""humidity"": 85.0}",-62.0,9.0,1,Isolation Forest ML Outlier
2026-08-18 22:25:33,H:85% T:29C,Temp & Humidity,"{""temperature"": 29.0, ""humidity"": 85.0}",-64.0,9.5,1,Isolation Forest ML Outlier
2026-08-18 22:25:33,H:85% T:29C,Temp & Humidity,"{""temperature"": 29.0, ""humidity"": 85.0}",-64.0,9.75,1,Isolation Forest ML Outlier
2026-08-18 22:25:33,H:85% T:29C,Temp & Humidity,"{""temperature"": 29.0, ""humidity"": 85.0}",-64.0,9.5,1,Isolation Forest ML Outlier
2026-08-18 22:25:33,H:85% T:29C,Temp & Humidity,"{""temperature"": 29.0, ""humidity"": 85.0}",-64.0,9.5,1,Isolation Forest ML Outlier
2026-08-18 22:25:33,H:85% T:29C,Temp & Humidity,"{""temperature"": 29.0, ""humidity"": 85.0}",-64.0,9.25,1,Isolation Forest ML Outlier
2026-08-18 22:25:33,H:85% T:29C,Temp & Humidity,"{""temperature"": 29.0, ""humidity"": 85.0}",-64.0,9.25,1,Isolation Forest ML Outlier
2026-08-18 22:25:33,H:85% T:29C,Temp & Humidity,"{""temperature"": 29.0, ""humidity"": 85.0}",-63.0,9.25,1,Isolation Forest ML Outlier
2026-08-18 22:25:33,H:85% T:29C,Temp & Humidity,"{""temperature"": 29.0, ""humidity"": 85.0}",-64.0,9.25,1,Isolation Forest ML Outlier
2026-08-18 22:25:33,H:85% T:29C,Temp & Humidity,"{""temperature"": 29.0, ""humidity"": 85.0}",-63.0,9.75,1,Isolation Forest ML Outlier
2026-08-18 22:25:33,H:85% T:29C,Temp & Humidity,"{""temperature"": 29.0, ""humidity"": 85.0}",-64.0,9.25,1,Isolation Forest ML Outlier
2026-08-18 22:25:33,H:85% T:29C,Temp & Humidity,"{""temperature"": 29.0, ""humidity"": 85.0}",-64.0,9.25,1,Isolation Forest ML Outlier
2026-08-18 22:25:33,H:85% T:29C,Temp & Humidity,"{""temperature"": 29.0, ""humidity"": 85.0}",-63.0,9.0,1,Isolation Forest ML Outlier
2026-08-18 22:25:33,H:85% T:29C,Temp & Humidity,"{""temperature"": 29.0, ""humidity"": 85.0}",-64.0,9.5,1,Isolation Forest ML Outlier
2026-08-18 22:25:33,H:85% T:29C,Temp & Humidity,"{""temperature"": 29.0, ""humidity"": 85.0}",-64.0,9.5,1,Isolation Forest ML Outlier
2026-08-18 22:25:33,H:85% T:29C,Temp & Humidity,"{""temperature"": 29.0, ""humidity"": 85.0}",-64.0,9.25,1,Isolation Forest ML Outlier
2026-08-18 22:25:33,H:85% T:29C,Temp & Humidity,"{""temperature"": 29.0, ""humidity"": 85.0}",-63.0,9.0,1,Isolation Forest ML Outlier
2026-08-18 22:25:33,H:85% T:29C,Temp & Humidity,"{""temperature"": 29.0, ""humidity"": 85.0}",-63.0,9.5,1,Isolation Forest ML Outlier
2026-08-18 22:25:33,H:85% T:29C,Temp & Humidity,"{""temperature"": 29.0, ""humidity"": 85.0}",-63.0,9.25,1,Isolation Forest ML Outlier
2026-08-18 22:25:33,H:85% T:29C,Temp & Humidity,"{""temperature"": 29.0, ""humidity"": 85.0}",-63.0,9.25,1,Isolation Forest ML Outlier
2026-08-18 22:25:33,H:85% T:29C,Temp & Humidity,"{""temperature"": 29.0, ""humidity"": 85.0}",-63.0,9.25,1,Isolation Forest ML Outlier
2026-08-18 22:25:33,H:85% T:29C,Temp & Humidity,"{""temperature"": 29.0, ""humidity"": 85.0}",-63.0,9.5,1,Isolation Forest ML Outlier
2026-08-18 22:25:33,H:85% T:29C,Temp & Humidity,"{""temperature"": 29.0, ""humidity"": 85.0}",-64.0,10.5,1,Isolation Forest ML Outlier
2026-08-18 22:25:33,H:85% T:29C,Temp & Humidity,"{""temperature"": 29.0, ""humidity"": 85.0}",-64.0,9.5,1,Isolation Forest ML Outlier
2026-08-18 22:25:33,H:85% T:29C,Temp & Humidity,"{""temperature"": 29.0, ""humidity"": 85.0}",-64.0,9.5,1,Isolation Forest ML Outlier
2026-08-18 22:25:33,H:85% T:29C,Temp & Humidity,"{""temperature"": 29.0, ""humidity"": 85.0}",-64.0,9.25,1,Isolation Forest ML Outlier
2026-08-18 22:25:33,H:85% T:29C,Temp & Humidity,"{""temperature"": 29.0, ""humidity"": 85.0}",-64.0,9.25,1,Isolation Forest ML Outlier
2026-08-18 22:25:33,H:85% T:29C,Temp & Humidity,"{""temperature"": 29.0, ""humidity"": 85.0}",-63.0,9.25,1,Isolation Forest ML Outlier
2026-08-18 22:25:33,H:85% T:29C,Temp & Humidity,"{""temperature"": 29.0, ""humidity"": 85.0}",-64.0,9.25,1,Isolation Forest ML Outlier
2026-08-18 22:25:33,H:85% T:29C,Temp & Humidity,"{""temperature"": 29.0, ""humidity"": 85.0}",-64.0,9.5,1,Isolation Forest ML Outlier
2026-08-18 22:25:33,H:85% T:29C,Temp & Humidity,"{""temperature"": 29.0, ""humidity"": 85.0}",-64.0,9.25,1,Isolation Forest ML Outlier
2026-08-18 22:25:33,H:85% T:29C,Temp & Humidity,"{""temperature"": 29.0, ""humidity"": 85.0}",-64.0,9.5,1,Isolation Forest ML Outlier
2026-08-18 22:25:33,H:85% T:29C,Temp & Humidity,"{""temperature"": 29.0, ""humidity"": 85.0}",-63.0,9.5,1,Isolation Forest ML Outlier
2026-08-18 22:25:33,H:85% T:29C,Temp & Humidity,"{""temperature"": 29.0, ""humidity"": 85.0}",-64.0,9.25,1,Isolation Forest ML Outlier
2026-08-18 22:25:33,H:85% T:29C,Temp & Humidity,"{""temperature"": 29.0, ""humidity"": 85.0}",-63.0,9.75,1,Isolation Forest ML Outlier
2026-08-18 22:25:33,H:85% T:29C,Temp & Humidity,"{""temperature"": 29.0, ""humidity"": 85.0}",-59.0,9.5,1,Isolation Forest ML Outlier
2026-08-18 22:25:33,H:85% T:29C,Temp & Humidity,"{""temperature"": 29.0, ""humidity"": 85.0}",-58.0,9.5,1,Isolation Forest ML Outlier
2026-08-18 22:25:33,H:85% T:29C,Temp & Humidity,"{""temperature"": 29.0, ""humidity"": 85.0}",-58.0,9.5,1,Isolation Forest ML Outlier
2026-08-18 22:25:33,H:85% T:29C,Temp & Humidity,"{""temperature"": 29.0, ""humidity"": 85.0}",-61.0,9.75,1,Isolation Forest ML Outlier
2026-08-18 22:25:33,H:85% T:29C,Temp & Humidity,"{""temperature"": 29.0, ""humidity"": 85.0}",-68.0,9.0,1,Isolation Forest ML Outlier
2026-08-18 22:25:33,H:85% T:29C,Temp & Humidity,"{""temperature"": 29.0, ""humidity"": 85.0}",-61.0,9.5,1,Isolation Forest ML Outlier
2026-08-18 22:25:33,H:85% T:29C,Temp & Humidity,"{""temperature"": 29.0, ""humidity"": 85.0}",-64.0,9.0,1,Isolation Forest ML Outlier
2026-08-18 22:25:33,H:85% T:29C,Temp & Humidity,"{""temperature"": 29.0, ""humidity"": 85.0}",-64.0,9.25,1,Isolation Forest ML Outlier
2026-08-18 22:25:33,H:85% T:29C,Temp & Humidity,"{""temperature"": 29.0, ""humidity"": 85.0}",-64.0,9.25,1,Isolation Forest ML Outlier
2026-08-18 22:25:33,H:85% T:29C,Temp & Humidity,"{""temperature"": 29.0, ""humidity"": 85.0}",-68.0,9.5,1,Isolation Forest ML Outlier
2026-08-18 22:25:33,H:85% T:29C,Temp & Humidity,"{""temperature"": 29.0, ""humidity"": 85.0}",-67.0,9.25,1,Isolation Forest ML Outlier
2026-08-18 22:25:33,H:85% T:29C,Temp & Humidity,"{""temperature"": 29.0, ""humidity"": 85.0}",-68.0,9.5,1,Isolation Forest ML Outlier
2026-08-18 22:25:33,H:85% T:29C,Temp & Humidity,"{""temperature"": 29.0, ""humidity"": 85.0}",-65.0,9.25,1,Isolation Forest ML Outlier
2026-08-18 22:25:33,H:85% T:29C,Temp & Humidity,"{""temperature"": 29.0, ""humidity"": 85.0}",-66.0,9.5,1,Isolation Forest ML Outlier
2026-08-18 22:25:33,H:85% T:29C,Temp & Humidity,"{""temperature"": 29.0, ""humidity"": 85.0}",-65.0,9.25,1,Isolation Forest ML Outlier
2026-08-18 22:25:33,H:85% T:29C,Temp & Humidity,"{""temperature"": 29.0, ""humidity"": 85.0}",-65.0,10.0,1,Isolation Forest ML Outlier
2026-08-18 22:25:33,H:85% T:29C,Temp & Humidity,"{""temperature"": 29.0, ""humidity"": 85.0}",-65.0,9.5,1,Isolation Forest ML Outlier
2026-08-18 22:25:33,H:85% T:29C,Temp & Humidity,"{""temperature"": 29.0, ""humidity"": 85.0}",-65.0,9.75,1,Isolation Forest ML Outlier
2026-08-18 22:25:33,H:85% T:29C,Temp & Humidity,"{""temperature"": 29.0, ""humidity"": 85.0}",-64.0,9.5,1,Isolation Forest ML Outlier
2026-08-18 22:25:33,H:85% T:29C,Temp & Humidity,"{""temperature"": 29.0, ""humidity"": 85.0}",-64.0,9.25,1,Isolation Forest ML Outlier
2026-08-18 22:25:33,H:85% T:29C,Temp & Humidity,"{""temperature"": 29.0, ""humidity"": 85.0}",-65.0,9.25,1,Isolation Forest ML Outlier
2026-08-18 22:25:33,H:85% T:29C,Temp & Humidity,"{""temperature"": 29.0, ""humidity"": 85.0}",-70.0,9.25,1,Isolation Forest ML Outlier
2026-08-18 22:25:33,H:85% T:29C,Temp & Humidity,"{""temperature"": 29.0, ""humidity"": 85.0}",-71.0,9.5,1,Isolation Forest ML Outlier
2026-08-18 22:25:33,H:85% T:29C,Temp & Humidity,"{""temperature"": 29.0, ""humidity"": 85.0}",-70.0,9.5,1,Isolation Forest ML Outlier
2026-08-18 22:25:33,H:85% T:29C,Temp & Humidity,"{""temperature"": 29.0, ""humidity"": 85.0}",-75.0,9.25,1,Isolation Forest ML Outlier
2026-08-18 22:25:33,H:85% T:29C,Temp & Humidity,"{""temperature"": 29.0, ""humidity"": 85.0}",-76.0,9.75,1,Isolation Forest ML Outlier
2026-08-18 22:25:33,H:85% T:29C,Temp & Humidity,"{""temperature"": 29.0, ""humidity"": 85.0}",-72.0,9.25,1,Isolation Forest ML Outlier
2026-08-18 22:25:33,H:85% T:29C,Temp & Humidity,"{""temperature"": 29.0, ""humidity"": 85.0}",-51.0,9.5,1,Isolation Forest ML Outlier
2026-08-18 22:25:33,H:85% T:29C,Temp & Humidity,"{""temperature"": 29.0, ""humidity"": 85.0}",-53.0,9.0,1,Isolation Forest ML Outlier
2026-08-18 22:25:33,H:85% T:29C,Temp & Humidity,"{""temperature"": 29.0, ""humidity"": 85.0}",-59.0,9.5,1,Isolation Forest ML Outlier
2026-08-18 22:25:33,H:85% T:29C,Temp & Humidity,"{""temperature"": 29.0, ""humidity"": 85.0}",-58.0,9.75,1,Isolation Forest ML Outlier
2026-08-18 22:25:33,H:85% T:29C,Temp & Humidity,"{""temperature"": 29.0, ""humidity"": 85.0}",-68.0,9.75,1,Isolation Forest ML Outlier
2026-08-18 22:25:33,H:85% T:29C,Temp & Humidity,"{""temperature"": 29.0, ""humidity"": 85.0}",-69.0,9.25,1,Isolation Forest ML Outlier
2026-08-18 22:25:33,H:85% T:29C,Temp & Humidity,"{""temperature"": 29.0, ""humidity"": 85.0}",-68.0,9.25,1,Isolation Forest ML Outlier
2026-08-18 22:25:33,H:85% T:29C,Temp & Humidity,"{""temperature"": 29.0, ""humidity"": 85.0}",-68.0,9.0,1,Isolation Forest ML Outlier
2026-08-18 22:25:33,H:85% T:29C,Temp & Humidity,"{""temperature"": 29.0, ""humidity"": 85.0}",-68.0,10.0,1,Isolation Forest ML Outlier
2026-08-18 22:25:33,H:85% T:29C,Temp & Humidity,"{""temperature"": 29.0, ""humidity"": 85.0}",-68.0,9.25,1,Isolation Forest ML Outlier
2026-08-18 22:25:33,H:85% T:29C,Temp & Humidity,"{""temperature"": 29.0, ""humidity"": 85.0}",-53.0,9.75,1,Isolation Forest ML Outlier
2026-08-18 22:25:33,H:85% T:29C,Temp & Humidity,"{""temperature"": 29.0, ""humidity"": 85.0}",-44.0,9.25,0,Normal
2026-08-18 22:25:33,H:85% T:29C,Temp & Humidity,"{""temperature"": 29.0, ""humidity"": 85.0}",-51.0,9.75,1,Isolation Forest ML Outlier
2026-08-18 22:25:33,H:85% T:29C,Temp & Humidity,"{""temperature"": 29.0, ""humidity"": 85.0}",-43.0,9.25,0,Normal
2026-08-18 22:25:33,H:85% T:29C,Temp & Humidity,"{""temperature"": 29.0, ""humidity"": 85.0}",-43.0,9.5,0,Normal
2026-08-18 22:25:33,H:85% T:29C,Temp & Humidity,"{""temperature"": 29.0, ""humidity"": 85.0}",-43.0,9.25,0,Normal
2026-08-18 22:25:33,H:85% T:29C,Temp & Humidity,"{""temperature"": 29.0, ""humidity"": 85.0}",-42.0,9.0,0,Normal
2026-08-18 22:25:33,H:85% T:29C,Temp & Humidity,"{""temperature"": 29.0, ""humidity"": 85.0}",-43.0,9.25,0,Normal
2026-08-18 22:25:33,H:85% T:29C,Temp & Humidity,"{""temperature"": 29.0, ""humidity"": 85.0}",-42.0,9.25,0,Normal
2026-08-18 22:25:33,H:85% T:29C,Temp & Humidity,"{""temperature"": 29.0, ""humidity"": 85.0}",-43.0,12.0,0,Normal
2026-08-18 22:25:33,H:85% T:29C,Temp & Humidity,"{""temperature"": 29.0, ""humidity"": 85.0}",-42.0,9.5,0,Normal
2026-08-18 22:25:33,H:85% T:29C,Temp & Humidity,"{""temperature"": 29.0, ""humidity"": 85.0}",-42.0,9.25,0,Normal
2026-08-18 22:25:33,H:85% T:29C,Temp & Humidity,"{""temperature"": 29.0, ""humidity"": 85.0}",-43.0,9.5,0,Normal
2026-08-18 22:25:33,H:85% T:29C,Temp & Humidity,"{""temperature"": 29.0, ""humidity"": 85.0}",-43.0,9.25,0,Normal
2026-08-18 22:25:33,H:85% T:29C,Temp & Humidity,"{""temperature"": 29.0, ""humidity"": 85.0}",-43.0,9.25,0,Normal
2026-08-18 22:25:33,H:85% T:29C,Temp & Humidity,"{""temperature"": 29.0, ""humidity"": 85.0}",-43.0,9.25,0,Normal
2026-08-18 22:25:33,H:85% T:29C,Temp & Humidity,"{""temperature"": 29.0, ""humidity"": 85.0}",-43.0,9.5,0,Normal
2026-08-18 22:25:33,H:85% T:29C,Temp & Humidity,"{""temperature"": 29.0, ""humidity"": 85.0}",-48.0,9.25,0,Normal
2026-08-18 22:25:33,H:85% T:29C,Temp & Humidity,"{""temperature"": 29.0, ""humidity"": 85.0}",-43.0,9.5,0,Normal
2026-08-18 22:25:33,H:85% T:29C,Temp & Humidity,"{""temperature"": 29.0, ""humidity"": 85.0}",-43.0,9.5,0,Normal
2026-08-18 22:25:33,H:85% T:29C,Temp & Humidity,"{""temperature"": 29.0, ""humidity"": 85.0}",-43.0,9.5,0,Normal
2026-08-18 22:25:33,H:85% T:29C,Temp & Humidity,"{""temperature"": 29.0, ""humidity"": 85.0}",-43.0,9.25,0,Normal
2026-08-18 22:25:33,H:85% T:29C,Temp & Humidity,"{""temperature"": 29.0, ""humidity"": 85.0}",-43.0,9.25,0,Normal
2026-08-18 22:25:33,H:85% T:29C,Temp & Humidity,"{""temperature"": 29.0, ""humidity"": 85.0}",-43.0,9.25,0,Normal
2026-08-18 22:25:33,H:85% T:29C,Temp & Humidity,"{""temperature"": 29.0, ""humidity"": 85.0}",-43.0,9.25,0,Normal
2026-08-18 22:25:33,H:85% T:29C,Temp & Humidity,"{""temperature"": 29.0, ""humidity"": 85.0}",-42.0,9.25,0,Normal
2026-08-18 22:25:33,H:85% T:29C,Temp & Humidity,"{""temperature"": 29.0, ""humidity"": 85.0}",-43.0,9.0,0,Normal
2026-08-18 22:25:33,H:85% T:29C,Temp & Humidity,"{""temperature"": 29.0, ""humidity"": 85.0}",-43.0,9.5,0,Normal
2026-08-18 22:25:33,H:85% T:29C,Temp & Humidity,"{""temperature"": 29.0, ""humidity"": 85.0}",-43.0,9.0,0,Normal
2026-08-18 22:25:33,H:85% T:29C,Temp & Humidity,"{""temperature"": 29.0, ""humidity"": 85.0}",-42.0,9.5,0,Normal
2026-08-18 22:25:33,H:85% T:29C,Temp & Humidity,"{""temperature"": 29.0, ""humidity"": 85.0}",-42.0,8.75,0,Normal
2026-08-18 22:25:33,H:85% T:29C,Temp & Humidity,"{""temperature"": 29.0, ""humidity"": 85.0}",-43.0,9.25,0,Normal
2026-08-18 22:25:33,H:85% T:29C,Temp & Humidity,"{""temperature"": 29.0, ""humidity"": 85.0}",-43.0,9.25,0,Normal
2026-08-18 22:25:33,H:85% T:29C,Temp & Humidity,"{""temperature"": 29.0, ""humidity"": 85.0}",-43.0,9.25,0,Normal
2026-08-18 22:25:33,H:85% T:29C,Temp & Humidity,"{""temperature"": 29.0, ""humidity"": 85.0}",-43.0,9.25,0,Normal
2026-08-18 22:25:33,H:85% T:29C,Temp & Humidity,"{""temperature"": 29.0, ""humidity"": 85.0}",-43.0,9.5,0,Normal
2026-08-18 22:25:33,H:85% T:29C,Temp & Humidity,"{""temperature"": 29.0, ""humidity"": 85.0}",-43.0,9.25,0,Normal
2026-08-18 22:25:33,H:84% T:29C,Temp & Humidity,"{""temperature"": 29.0, ""humidity"": 84.0}",-43.0,9.5,1,Sudden Humidity Shift (-1000.0%/min)
2026-08-18 22:25:33,H:84% T:29C,Temp & Humidity,"{""temperature"": 29.0, ""humidity"": 84.0}",-43.0,9.25,0,Normal
2026-08-18 22:25:33,H:85% T:29C,Temp & Humidity,"{""temperature"": 29.0, ""humidity"": 85.0}",-43.0,9.25,1,Sudden Humidity Shift (+1000.0%/min)
2026-08-18 22:25:33,H:85% T:29C,Temp & Humidity,"{""temperature"": 29.0, ""humidity"": 85.0}",-43.0,9.25,0,Normal
2026-08-18 22:25:33,H:84% T:29C,Temp & Humidity,"{""temperature"": 29.0, ""humidity"": 84.0}",-43.0,9.0,1,Sudden Humidity Shift (-1000.0%/min)
2026-08-18 22:25:33,H:85% T:29C,Temp & Humidity,"{""temperature"": 29.0, ""humidity"": 85.0}",-48.0,9.0,1,Sudden Humidity Shift (+1000.0%/min)
2026-08-18 22:25:33,H:85% T:29C,Temp & Humidity,"{""temperature"": 29.0, ""humidity"": 85.0}",-42.0,9.5,0,Normal
2026-08-18 22:25:33,H:85% T:29C,Temp & Humidity,"{""temperature"": 29.0, ""humidity"": 85.0}",-43.0,9.25,0,Normal
2026-08-18 22:25:33,H:84% T:29C,Temp & Humidity,"{""temperature"": 29.0, ""humidity"": 84.0}",-42.0,9.5,1,Sudden Humidity Shift (-1000.0%/min)
2026-08-18 22:25:33,H:84% T:29C,Temp & Humidity,"{""temperature"": 29.0, ""humidity"": 84.0}",-42.0,9.25,0,Normal
2026-08-18 22:25:33,H:85% T:29C,Temp & Humidity,"{""temperature"": 29.0, ""humidity"": 85.0}",-43.0,9.0,1,Sudden Humidity Shift (+1000.0%/min)
2026-08-18 22:25:33,H:85% T:29C,Temp & Humidity,"{""temperature"": 29.0, ""humidity"": 85.0}",-43.0,9.25,0,Normal
2026-08-18 22:25:33,H:84% T:29C,Temp & Humidity,"{""temperature"": 29.0, ""humidity"": 84.0}",-43.0,9.25,0,Normal
2026-08-18 22:25:33,H:85% T:29C,Temp & Humidity,"{""temperature"": 29.0, ""humidity"": 85.0}",-43.0,9.25,0,Normal
2026-08-18 22:25:33,H:85% T:29C,Temp & Humidity,"{""temperature"": 29.0, ""humidity"": 85.0}",-42.0,9.5,0,Normal
2026-08-18 22:25:33,H:85% T:29C,Temp & Humidity,"{""temperature"": 29.0, ""humidity"": 85.0}",-42.0,9.5,0,Normal
2026-08-18 22:25:33,H:84% T:29C,Temp & Humidity,"{""temperature"": 29.0, ""humidity"": 84.0}",-43.0,9.5,0,Normal
2026-08-18 22:25:33,H:85% T:29C,Temp & Humidity,"{""temperature"": 29.0, ""humidity"": 85.0}",-43.0,9.25,0,Normal
2026-08-18 22:25:33,H:84% T:29C,Temp & Humidity,"{""temperature"": 29.0, ""humidity"": 84.0}",-43.0,9.25,0,Normal
2026-08-18 22:25:33,H:84% T:29C,Temp & Humidity,"{""temperature"": 29.0, ""humidity"": 84.0}",-43.0,9.25,0,Normal
2026-08-18 22:25:33,H:85% T:29C,Temp & Humidity,"{""temperature"": 29.0, ""humidity"": 85.0}",-43.0,9.25,0,Normal
2026-08-18 22:25:33,H:85% T:29C,Temp & Humidity,"{""temperature"": 29.0, ""humidity"": 85.0}",-42.0,9.5,0,Normal
2026-08-18 22:25:33,H:85% T:29C,Temp & Humidity,"{""temperature"": 29.0, ""humidity"": 85.0}",-43.0,9.5,0,Normal
2026-08-18 22:25:33,H:85% T:29C,Temp & Humidity,"{""temperature"": 29.0, ""humidity"": 85.0}",-48.0,8.75,0,Normal
2026-08-18 22:25:33,H:85% T:29C,Temp & Humidity,"{""temperature"": 29.0, ""humidity"": 85.0}",-43.0,9.5,0,Normal
2026-08-18 22:25:33,H:84% T:29C,Temp & Humidity,"{""temperature"": 29.0, ""humidity"": 84.0}",-43.0,9.25,0,Normal
2026-08-18 22:25:33,H:85% T:29C,Temp & Humidity,"{""temperature"": 29.0, ""humidity"": 85.0}",-43.0,9.25,0,Normal
2026-08-18 22:25:33,H:85% T:29C,Temp & Humidity,"{""temperature"": 29.0, ""humidity"": 85.0}",-43.0,9.25,0,Normal
2026-08-18 22:25:33,H:85% T:29C,Temp & Humidity,"{""temperature"": 29.0, ""humidity"": 85.0}",-43.0,9.25,0,Normal
2026-08-18 22:25:33,H:84% T:29C,Temp & Humidity,"{""temperature"": 29.0, ""humidity"": 84.0}",-43.0,9.5,0,Normal
2026-08-18 22:25:33,H:85% T:29C,Temp & Humidity,"{""temperature"": 29.0, ""humidity"": 85.0}",-43.0,10.5,0,Normal
2026-08-18 22:25:33,H:85% T:29C,Temp & Humidity,"{""temperature"": 29.0, ""humidity"": 85.0}",-43.0,9.25,0,Normal
2026-08-18 22:25:33,H:85% T:29C,Temp & Humidity,"{""temperature"": 29.0, ""humidity"": 85.0}",-42.0,9.25,0,Normal
2026-08-18 22:25:33,H:84% T:29C,Temp & Humidity,"{""temperature"": 29.0, ""humidity"": 84.0}",-43.0,9.25,0,Normal
2026-08-18 22:25:33,H:85% T:29C,Temp & Humidity,"{""temperature"": 29.0, ""humidity"": 85.0}",-43.0,9.25,0,Normal
2026-08-18 22:25:33,H:85% T:29C,Temp & Humidity,"{""temperature"": 29.0, ""humidity"": 85.0}",-43.0,9.25,0,Normal
2026-08-18 22:25:33,H:85% T:29C,Temp & Humidity,"{""temperature"": 29.0, ""humidity"": 85.0}",-43.0,9.5,0,Normal
2026-08-18 22:25:33,H:85% T:29C,Temp & Humidity,"{""temperature"": 29.0, ""humidity"": 85.0}",-43.0,9.5,0,Normal
2026-08-18 22:25:33,H:85% T:29C,Temp & Humidity,"{""temperature"": 29.0, ""humidity"": 85.0}",-42.0,9.25,0,Normal
2026-08-18 22:25:33,H:84% T:29C,Temp & Humidity,"{""temperature"": 29.0, ""humidity"": 84.0}",-42.0,9.5,0,Normal
2026-08-18 22:25:33,H:85% T:29C,Temp & Humidity,"{""temperature"": 29.0, ""humidity"": 85.0}",-43.0,9.25,0,Normal
2026-08-18 22:25:33,H:84% T:29C,Temp & Humidity,"{""temperature"": 29.0, ""humidity"": 84.0}",-43.0,9.25,0,Normal
2026-08-18 22:25:33,H:84% T:29C,Temp & Humidity,"{""temperature"": 29.0, ""humidity"": 84.0}",-43.0,9.25,0,Normal
2026-08-18 22:25:33,H:85% T:29C,Temp & Humidity,"{""temperature"": 29.0, ""humidity"": 85.0}",-43.0,9.25,0,Normal
2026-08-18 22:25:33,H:84% T:29C,Temp & Humidity,"{""temperature"": 29.0, ""humidity"": 84.0}",-43.0,9.25,0,Normal
2026-08-18 22:25:33,H:84% T:29C,Temp & Humidity,"{""temperature"": 29.0, ""humidity"": 84.0}",-48.0,9.25,0,Normal
2026-08-18 22:25:33,H:84% T:29C,Temp & Humidity,"{""temperature"": 29.0, ""humidity"": 84.0}",-43.0,9.0,0,Normal
2026-08-18 22:25:33,H:85% T:29C,Temp & Humidity,"{""temperature"": 29.0, ""humidity"": 85.0}",-43.0,9.25,0,Normal
2026-08-18 22:25:33,H:84% T:29C,Temp & Humidity,"{""temperature"": 29.0, ""humidity"": 84.0}",-48.0,9.0,0,Normal
2026-08-18 22:25:33,H:85% T:29C,Temp & Humidity,"{""temperature"": 29.0, ""humidity"": 85.0}",-43.0,9.25,0,Normal
2026-08-18 22:25:33,H:84% T:29C,Temp & Humidity,"{""temperature"": 29.0, ""humidity"": 84.0}",-42.0,9.25,0,Normal
2026-08-18 22:25:33,H:84% T:29C,Temp & Humidity,"{""temperature"": 29.0, ""humidity"": 84.0}",-43.0,9.25,0,Normal
2026-08-18 22:25:33,H:84% T:29C,Temp & Humidity,"{""temperature"": 29.0, ""humidity"": 84.0}",-43.0,9.25,0,Normal
2026-08-18 22:25:33,H:84% T:29C,Temp & Humidity,"{""temperature"": 29.0, ""humidity"": 84.0}",-43.0,9.25,0,Normal
2026-08-18 22:25:33,H:84% T:29C,Temp & Humidity,"{""temperature"": 29.0, ""humidity"": 84.0}",-43.0,9.5,0,Normal
2026-08-18 22:25:33,H:84% T:29C,Temp & Humidity,"{""temperature"": 29.0, ""humidity"": 84.0}",-43.0,9.25,0,Normal
2026-08-18 22:25:33,H:84% T:29C,Temp & Humidity,"{""temperature"": 29.0, ""humidity"": 84.0}",-43.0,9.5,0,Normal
2026-08-18 22:25:33,H:84% T:29C,Temp & Humidity,"{""temperature"": 29.0, ""humidity"": 84.0}",-43.0,9.25,0,Normal
2026-08-18 22:25:33,H:84% T:29C,Temp & Humidity,"{""temperature"": 29.0, ""humidity"": 84.0}",-42.0,9.25,0,Normal
2026-08-18 22:25:33,H:84% T:29C,Temp & Humidity,"{""temperature"": 29.0, ""humidity"": 84.0}",-43.0,9.25,0,Normal
2026-08-18 22:25:33,H:84% T:29C,Temp & Humidity,"{""temperature"": 29.0, ""humidity"": 84.0}",-43.0,9.75,0,Normal
2026-08-18 22:25:33,H:84% T:29C,Temp & Humidity,"{""temperature"": 29.0, ""humidity"": 84.0}",-43.0,9.25,0,Normal
2026-08-18 22:25:33,H:84% T:29C,Temp & Humidity,"{""temperature"": 29.0, ""humidity"": 84.0}",-43.0,9.25,0,Normal
2026-08-18 22:25:33,H:84% T:29C,Temp & Humidity,"{""temperature"": 29.0, ""humidity"": 84.0}",-43.0,9.5,0,Normal
2026-08-18 22:25:33,H:84% T:29C,Temp & Humidity,"{""temperature"": 29.0, ""humidity"": 84.0}",-43.0,9.75,0,Normal
2026-08-18 22:25:33,H:84% T:29C,Temp & Humidity,"{""temperature"": 29.0, ""humidity"": 84.0}",-43.0,9.0,0,Normal
2026-08-18 22:25:33,H:84% T:29C,Temp & Humidity,"{""temperature"": 29.0, ""humidity"": 84.0}",-43.0,10.0,0,Normal
2026-08-18 22:25:33,H:84% T:29C,Temp & Humidity,"{""temperature"": 29.0, ""humidity"": 84.0}",-43.0,9.75,0,Normal
2026-08-18 22:25:33,H:84% T:29C,Temp & Humidity,"{""temperature"": 29.0, ""humidity"": 84.0}",-43.0,9.25,0,Normal
2026-08-18 22:25:33,H:84% T:29C,Temp & Humidity,"{""temperature"": 29.0, ""humidity"": 84.0}",-43.0,9.75,0,Normal
2026-08-18 22:25:33,H:84% T:29C,Temp & Humidity,"{""temperature"": 29.0, ""humidity"": 84.0}",-43.0,9.25,0,Normal
2026-08-18 22:25:33,H:84% T:29C,Temp & Humidity,"{""temperature"": 29.0, ""humidity"": 84.0}",-43.0,9.25,0,Normal
2026-08-18 22:25:33,H:84% T:29C,Temp & Humidity,"{""temperature"": 29.0, ""humidity"": 84.0}",-42.0,9.75,0,Normal
2026-08-18 22:25:33,H:84% T:29C,Temp & Humidity,"{""temperature"": 29.0, ""humidity"": 84.0}",-43.0,9.25,0,Normal
2026-08-18 22:25:33,H:84% T:29C,Temp & Humidity,"{""temperature"": 29.0, ""humidity"": 84.0}",-43.0,9.5,0,Normal
2026-08-18 22:25:33,H:84% T:29C,Temp & Humidity,"{""temperature"": 29.0, ""humidity"": 84.0}",-43.0,9.5,0,Normal
2026-08-18 22:25:33,H:84% T:29C,Temp & Humidity,"{""temperature"": 29.0, ""humidity"": 84.0}",-43.0,9.25,0,Normal
2026-08-18 22:25:33,H:84% T:29C,Temp & Humidity,"{""temperature"": 29.0, ""humidity"": 84.0}",-43.0,9.25,0,Normal
2026-08-18 22:25:33,H:84% T:29C,Temp & Humidity,"{""temperature"": 29.0, ""humidity"": 84.0}",-42.0,9.25,0,Normal
2026-08-18 22:25:33,H:84% T:29C,Temp & Humidity,"{""temperature"": 29.0, ""humidity"": 84.0}",-42.0,9.5,0,Normal
2026-08-18 22:25:33,H:84% T:29C,Temp & Humidity,"{""temperature"": 29.0, ""humidity"": 84.0}",-43.0,9.25,0,Normal
2026-08-18 22:25:33,H:84% T:29C,Temp & Humidity,"{""temperature"": 29.0, ""humidity"": 84.0}",-43.0,9.25,0,Normal
2026-08-18 22:25:33,H:84% T:29C,Temp & Humidity,"{""temperature"": 29.0, ""humidity"": 84.0}",-43.0,9.5,0,Normal
2026-08-18 22:25:33,H:84% T:29C,Temp & Humidity,"{""temperature"": 29.0, ""humidity"": 84.0}",-42.0,9.25,0,Normal
2026-08-18 22:25:33,H:84% T:29C,Temp & Humidity,"{""temperature"": 29.0, ""humidity"": 84.0}",-43.0,9.75,0,Normal
2026-08-18 22:25:33,H:84% T:29C,Temp & Humidity,"{""temperature"": 29.0, ""humidity"": 84.0}",-43.0,9.25,0,Normal
2026-08-18 22:25:33,H:84% T:29C,Temp & Humidity,"{""temperature"": 29.0, ""humidity"": 84.0}",-43.0,9.25,0,Normal
2026-08-18 22:25:33,H:84% T:29C,Temp & Humidity,"{""temperature"": 29.0, ""humidity"": 84.0}",-43.0,9.75,0,Normal
2026-08-18 22:25:33,H:84% T:29C,Temp & Humidity,"{""temperature"": 29.0, ""humidity"": 84.0}",-42.0,9.25,0,Normal
2026-08-18 22:25:33,H:84% T:29C,Temp & Humidity,"{""temperature"": 29.0, ""humidity"": 84.0}",-43.0,9.5,0,Normal
2026-08-18 22:25:33,H:84% T:29C,Temp & Humidity,"{""temperature"": 29.0, ""humidity"": 84.0}",-42.0,9.25,0,Normal
2026-08-18 22:25:33,H:84% T:29C,Temp & Humidity,"{""temperature"": 29.0, ""humidity"": 84.0}",-43.0,9.25,0,Normal
2026-08-18 22:25:33,H:84% T:29C,Temp & Humidity,"{""temperature"": 29.0, ""humidity"": 84.0}",-43.0,9.25,0,Normal
2026-08-18 22:25:33,H:84% T:29C,Temp & Humidity,"{""temperature"": 29.0, ""humidity"": 84.0}",-43.0,9.25,0,Normal
2026-08-18 22:25:33,H:84% T:29C,Temp & Humidity,"{""temperature"": 29.0, ""humidity"": 84.0}",-43.0,9.25,0,Normal
2026-08-18 22:25:33,H:84% T:29C,Temp & Humidity,"{""temperature"": 29.0, ""humidity"": 84.0}",-43.0,9.5,0,Normal
2026-08-18 22:25:33,H:84% T:29C,Temp & Humidity,"{""temperature"": 29.0, ""humidity"": 84.0}",-42.0,9.5,0,Normal
2026-08-18 22:25:33,H:84% T:29C,Temp & Humidity,"{""temperature"": 29.0, ""humidity"": 84.0}",-43.0,9.25,0,Normal
2026-08-18 22:25:33,H:84% T:29C,Temp & Humidity,"{""temperature"": 29.0, ""humidity"": 84.0}",-43.0,9.25,0,Normal
2026-08-18 22:25:33,H:84% T:29C,Temp & Humidity,"{""temperature"": 29.0, ""humidity"": 84.0}",-43.0,9.25,0,Normal
2026-08-18 22:25:33,H:84% T:29C,Temp & Humidity,"{""temperature"": 29.0, ""humidity"": 84.0}",-43.0,9.25,0,Normal
2026-08-18 22:25:33,H:84% T:29C,Temp & Humidity,"{""temperature"": 29.0, ""humidity"": 84.0}",-43.0,9.0,0,Normal
2026-08-18 22:25:33,H:84% T:29C,Temp & Humidity,"{""temperature"": 29.0, ""humidity"": 84.0}",-43.0,9.25,0,Normal
2026-08-18 22:25:33,H:84% T:29C,Temp & Humidity,"{""temperature"": 29.0, ""humidity"": 84.0}",-43.0,9.25,0,Normal
2026-08-18 22:25:33,H:84% T:29C,Temp & Humidity,"{""temperature"": 29.0, ""humidity"": 84.0}",-43.0,9.25,0,Normal
2026-08-18 22:25:33,H:84% T:29C,Temp & Humidity,"{""temperature"": 29.0, ""humidity"": 84.0}",-42.0,9.25,0,Normal
2026-08-18 22:25:33,H:84% T:29C,Temp & Humidity,"{""temperature"": 29.0, ""humidity"": 84.0}",-43.0,9.25,0,Normal
2026-08-18 22:25:33,H:84% T:29C,Temp & Humidity,"{""temperature"": 29.0, ""humidity"": 84.0}",-43.0,9.25,0,Normal
2026-08-18 22:25:33,H:84% T:29C,Temp & Humidity,"{""temperature"": 29.0, ""humidity"": 84.0}",-42.0,9.25,0,Normal
2026-08-18 22:25:33,H:84% T:29C,Temp & Humidity,"{""temperature"": 29.0, ""humidity"": 84.0}",-43.0,9.25,0,Normal
2026-08-18 22:25:33,H:84% T:29C,Temp & Humidity,"{""temperature"": 29.0, ""humidity"": 84.0}",-43.0,9.5,0,Normal
2026-08-18 22:25:33,H:84% T:29C,Temp & Humidity,"{""temperature"": 29.0, ""humidity"": 84.0}",-43.0,9.5,0,Normal
2026-08-18 22:25:33,H:84% T:29C,Temp & Humidity,"{""temperature"": 29.0, ""humidity"": 84.0}",-43.0,9.25,0,Normal
2026-08-18 22:25:33,H:84% T:29C,Temp & Humidity,"{""temperature"": 29.0, ""humidity"": 84.0}",-43.0,9.25,0,Normal
2026-08-18 22:25:33,H:84% T:29C,Temp & Humidity,"{""temperature"": 29.0, ""humidity"": 84.0}",-43.0,9.5,0,Normal
2026-08-18 22:25:33,H:84% T:29C,Temp & Humidity,"{""temperature"": 29.0, ""humidity"": 84.0}",-43.0,9.25,0,Normal
2026-08-18 22:25:33,H:84% T:29C,Temp & Humidity,"{""temperature"": 29.0, ""humidity"": 84.0}",-43.0,9.25,0,Normal
2026-08-18 22:25:33,H:84% T:29C,Temp & Humidity,"{""temperature"": 29.0, ""humidity"": 84.0}",-43.0,9.5,0,Normal
2026-08-18 22:25:33,H:84% T:29C,Temp & Humidity,"{""temperature"": 29.0, ""humidity"": 84.0}",-43.0,9.5,0,Normal
2026-08-18 22:25:33,H:84% T:29C,Temp & Humidity,"{""temperature"": 29.0, ""humidity"": 84.0}",-43.0,9.0,0,Normal
2026-08-18 22:25:33,H:84% T:29C,Temp & Humidity,"{""temperature"": 29.0, ""humidity"": 84.0}",-43.0,9.5,0,Normal
2026-08-18 22:25:33,H:84% T:29C,Temp & Humidity,"{""temperature"": 29.0, ""humidity"": 84.0}",-43.0,9.5,0,Normal
2026-08-18 22:25:33,H:84% T:29C,Temp & Humidity,"{""temperature"": 29.0, ""humidity"": 84.0}",-43.0,9.25,0,Normal
2026-08-18 22:25:33,H:84% T:29C,Temp & Humidity,"{""temperature"": 29.0, ""humidity"": 84.0}",-43.0,9.5,0,Normal
2026-08-18 22:25:33,H:84% T:29C,Temp & Humidity,"{""temperature"": 29.0, ""humidity"": 84.0}",-43.0,9.75,0,Normal
2026-08-18 22:25:33,H:84% T:29C,Temp & Humidity,"{""temperature"": 29.0, ""humidity"": 84.0}",-43.0,9.25,0,Normal
2026-08-18 22:25:33,H:84% T:29C,Temp & Humidity,"{""temperature"": 29.0, ""humidity"": 84.0}",-43.0,9.25,0,Normal
2026-08-18 22:25:33,H:84% T:29C,Temp & Humidity,"{""temperature"": 29.0, ""humidity"": 84.0}",-43.0,9.5,0,Normal
2026-08-18 22:25:33,H:84% T:29C,Temp & Humidity,"{""temperature"": 29.0, ""humidity"": 84.0}",-43.0,9.5,0,Normal
2026-08-18 22:25:33,H:84% T:29C,Temp & Humidity,"{""temperature"": 29.0, ""humidity"": 84.0}",-43.0,9.5,0,Normal
2026-08-18 22:25:33,H:84% T:29C,Temp & Humidity,"{""temperature"": 29.0, ""humidity"": 84.0}",-42.0,9.5,0,Normal
2026-08-18 22:25:33,H:84% T:29C,Temp & Humidity,"{""temperature"": 29.0, ""humidity"": 84.0}",-43.0,9.25,0,Normal
2026-08-18 22:25:34,H:84% T:29C,Temp & Humidity,"{""temperature"": 29.0, ""humidity"": 84.0}",-43.0,9.25,0,Normal
2026-08-18 22:25:34,H:84% T:29C,Temp & Humidity,"{""temperature"": 29.0, ""humidity"": 84.0}",-43.0,9.5,0,Normal
2026-08-18 22:25:34,H:84% T:29C,Temp & Humidity,"{""temperature"": 29.0, ""humidity"": 84.0}",-43.0,9.25,0,Normal
2026-08-18 22:25:34,H:84% T:29C,Temp & Humidity,"{""temperature"": 29.0, ""humidity"": 84.0}",-43.0,9.5,0,Normal
2026-08-18 22:25:34,H:84% T:29C,Temp & Humidity,"{""temperature"": 29.0, ""humidity"": 84.0}",-43.0,9.0,0,Normal
2026-08-18 22:25:34,H:84% T:29C,Temp & Humidity,"{""temperature"": 29.0, ""humidity"": 84.0}",-43.0,9.5,0,Normal
2026-08-18 22:25:34,H:84% T:29C,Temp & Humidity,"{""temperature"": 29.0, ""humidity"": 84.0}",-43.0,9.75,0,Normal
2026-08-18 22:25:34,H:84% T:29C,Temp & Humidity,"{""temperature"": 29.0, ""humidity"": 84.0}",-43.0,9.25,0,Normal
2026-08-18 22:25:34,H:84% T:29C,Temp & Humidity,"{""temperature"": 29.0, ""humidity"": 84.0}",-42.0,9.25,0,Normal
2026-08-18 22:25:34,H:84% T:29C,Temp & Humidity,"{""temperature"": 29.0, ""humidity"": 84.0}",-43.0,9.25,0,Normal
2026-08-18 22:25:34,H:84% T:29C,Temp & Humidity,"{""temperature"": 29.0, ""humidity"": 84.0}",-43.0,9.5,0,Normal
2026-08-18 22:25:34,H:84% T:29C,Temp & Humidity,"{""temperature"": 29.0, ""humidity"": 84.0}",-43.0,9.5,0,Normal
2026-08-18 22:25:34,H:84% T:29C,Temp & Humidity,"{""temperature"": 29.0, ""humidity"": 84.0}",-48.0,9.0,0,Normal
2026-08-18 22:25:34,H:84% T:29C,Temp & Humidity,"{""temperature"": 29.0, ""humidity"": 84.0}",-43.0,9.5,0,Normal
2026-08-18 22:25:34,H:84% T:29C,Temp & Humidity,"{""temperature"": 29.0, ""humidity"": 84.0}",-43.0,9.25,0,Normal
2026-08-18 22:25:34,H:84% T:29C,Temp & Humidity,"{""temperature"": 29.0, ""humidity"": 84.0}",-43.0,9.25,0,Normal
2026-08-18 22:25:34,H:84% T:29C,Temp & Humidity,"{""temperature"": 29.0, ""humidity"": 84.0}",-43.0,9.25,0,Normal
2026-08-18 22:25:34,H:84% T:29C,Temp & Humidity,"{""temperature"": 29.0, ""humidity"": 84.0}",-43.0,9.25,0,Normal
2026-08-18 22:25:34,H:84% T:29C,Temp & Humidity,"{""temperature"": 29.0, ""humidity"": 84.0}",-43.0,9.25,0,Normal
2026-08-18 22:25:34,H:84% T:29C,Temp & Humidity,"{""temperature"": 29.0, ""humidity"": 84.0}",-43.0,9.25,0,Normal
2026-08-18 22:25:34,H:84% T:29C,Temp & Humidity,"{""temperature"": 29.0, ""humidity"": 84.0}",-43.0,10.5,0,Normal
2026-08-18 22:25:34,H:84% T:29C,Temp & Humidity,"{""temperature"": 29.0, ""humidity"": 84.0}",-43.0,9.25,0,Normal
2026-08-18 22:25:34,H:84% T:29C,Temp & Humidity,"{""temperature"": 29.0, ""humidity"": 84.0}",-48.0,9.0,0,Normal
2026-08-18 22:25:34,H:84% T:29C,Temp & Humidity,"{""temperature"": 29.0, ""humidity"": 84.0}",-43.0,9.5,0,Normal
2026-08-18 22:25:34,H:84% T:29C,Temp & Humidity,"{""temperature"": 29.0, ""humidity"": 84.0}",-43.0,9.25,0,Normal
2026-08-18 22:25:34,H:84% T:29C,Temp & Humidity,"{""temperature"": 29.0, ""humidity"": 84.0}",-43.0,9.25,0,Normal
2026-08-18 22:25:34,H:84% T:29C,Temp & Humidity,"{""temperature"": 29.0, ""humidity"": 84.0}",-43.0,9.25,0,Normal
2026-08-18 22:25:34,H:84% T:29C,Temp & Humidity,"{""temperature"": 29.0, ""humidity"": 84.0}",-42.0,9.25,0,Normal
2026-08-18 22:25:34,H:84% T:29C,Temp & Humidity,"{""temperature"": 29.0, ""humidity"": 84.0}",-43.0,9.5,0,Normal
2026-08-18 22:25:34,H:84% T:29C,Temp & Humidity,"{""temperature"": 29.0, ""humidity"": 84.0}",-43.0,9.5,0,Normal
2026-08-18 22:25:34,H:84% T:29C,Temp & Humidity,"{""temperature"": 29.0, ""humidity"": 84.0}",-43.0,9.25,0,Normal
2026-08-18 22:25:34,H:84% T:29C,Temp & Humidity,"{""temperature"": 29.0, ""humidity"": 84.0}",-43.0,9.0,0,Normal
2026-08-18 22:25:34,H:84% T:29C,Temp & Humidity,"{""temperature"": 29.0, ""humidity"": 84.0}",-43.0,9.25,0,Normal
2026-08-18 22:25:34,H:84% T:29C,Temp & Humidity,"{""temperature"": 29.0, ""humidity"": 84.0}",-43.0,9.75,0,Normal
2026-08-18 22:25:34,H:84% T:29C,Temp & Humidity,"{""temperature"": 29.0, ""humidity"": 84.0}",-43.0,9.0,0,Normal
2026-08-18 22:25:34,H:84% T:29C,Temp & Humidity,"{""temperature"": 29.0, ""humidity"": 84.0}",-43.0,9.25,0,Normal
2026-08-18 22:25:34,H:84% T:29C,Temp & Humidity,"{""temperature"": 29.0, ""humidity"": 84.0}",-43.0,9.5,0,Normal
2026-08-18 22:25:34,H:84% T:29C,Temp & Humidity,"{""temperature"": 29.0, ""humidity"": 84.0}",-43.0,9.25,0,Normal
2026-08-18 22:25:34,H:84% T:29C,Temp & Humidity,"{""temperature"": 29.0, ""humidity"": 84.0}",-43.0,9.25,0,Normal
2026-08-18 22:25:34,H:84% T:29C,Temp & Humidity,"{""temperature"": 29.0, ""humidity"": 84.0}",-43.0,9.25,0,Normal
2026-08-18 22:25:34,H:84% T:29C,Temp & Humidity,"{""temperature"": 29.0, ""humidity"": 84.0}",-43.0,9.5,0,Normal
2026-08-18 22:25:34,H:84% T:29C,Temp & Humidity,"{""temperature"": 29.0, ""humidity"": 84.0}",-43.0,9.5,0,Normal
2026-08-18 22:25:34,H:84% T:29C,Temp & Humidity,"{""temperature"": 29.0, ""humidity"": 84.0}",-43.0,9.25,0,Normal
2026-08-18 22:25:34,H:84% T:29C,Temp & Humidity,"{""temperature"": 29.0, ""humidity"": 84.0}",-43.0,9.25,0,Normal
2026-08-18 22:25:34,H:84% T:29C,Temp & Humidity,"{""temperature"": 29.0, ""humidity"": 84.0}",-43.0,9.25,0,Normal
2026-08-18 22:25:34,H:84% T:29C,Temp & Humidity,"{""temperature"": 29.0, ""humidity"": 84.0}",-43.0,9.5,0,Normal
2026-08-18 22:25:34,H:84% T:29C,Temp & Humidity,"{""temperature"": 29.0, ""humidity"": 84.0}",-43.0,9.25,0,Normal
2026-08-18 22:25:34,H:84% T:29C,Temp & Humidity,"{""temperature"": 29.0, ""humidity"": 84.0}",-43.0,9.25,0,Normal
2026-08-18 22:25:34,H:84% T:29C,Temp & Humidity,"{""temperature"": 29.0, ""humidity"": 84.0}",-42.0,9.5,0,Normal
2026-08-18 22:25:34,H:84% T:29C,Temp & Humidity,"{""temperature"": 29.0, ""humidity"": 84.0}",-43.0,9.0,0,Normal
2026-08-18 22:25:34,H:84% T:29C,Temp & Humidity,"{""temperature"": 29.0, ""humidity"": 84.0}",-48.0,9.5,0,Normal
2026-08-18 22:25:34,H:84% T:29C,Temp & Humidity,"{""temperature"": 29.0, ""humidity"": 84.0}",-43.0,9.25,0,Normal
2026-08-18 22:25:34,H:84% T:29C,Temp & Humidity,"{""temperature"": 29.0, ""humidity"": 84.0}",-43.0,9.5,0,Normal
2026-08-18 22:25:34,H:84% T:29C,Temp & Humidity,"{""temperature"": 29.0, ""humidity"": 84.0}",-43.0,9.5,0,Normal
2026-08-18 22:25:34,H:84% T:29C,Temp & Humidity,"{""temperature"": 29.0, ""humidity"": 84.0}",-43.0,9.5,0,Normal
2026-08-18 22:25:34,H:84% T:29C,Temp & Humidity,"{""temperature"": 29.0, ""humidity"": 84.0}",-42.0,9.25,0,Normal
2026-08-18 22:25:34,H:84% T:29C,Temp & Humidity,"{""temperature"": 29.0, ""humidity"": 84.0}",-43.0,9.25,0,Normal
2026-08-18 22:25:34,H:84% T:29C,Temp & Humidity,"{""temperature"": 29.0, ""humidity"": 84.0}",-48.0,9.0,0,Normal
2026-08-18 22:25:34,H:84% T:29C,Temp & Humidity,"{""temperature"": 29.0, ""humidity"": 84.0}",-43.0,9.25,0,Normal
2026-08-18 22:25:34,H:83% T:29C,Temp & Humidity,"{""temperature"": 29.0, ""humidity"": 83.0}",-43.0,9.5,1,Sudden Humidity Shift (-1000.0%/min)
2026-08-18 22:25:34,H:84% T:29C,Temp & Humidity,"{""temperature"": 29.0, ""humidity"": 84.0}",-42.0,9.25,1,Sudden Humidity Shift (+1000.0%/min)
2026-08-18 22:25:34,H:84% T:29C,Temp & Humidity,"{""temperature"": 29.0, ""humidity"": 84.0}",-43.0,9.25,0,Normal
2026-08-18 22:25:34,H:84% T:29C,Temp & Humidity,"{""temperature"": 29.0, ""humidity"": 84.0}",-43.0,9.75,0,Normal
2026-08-18 22:25:34,H:84% T:29C,Temp & Humidity,"{""temperature"": 29.0, ""humidity"": 84.0}",-43.0,9.5,0,Normal
2026-08-18 22:25:34,H:83% T:29C,Temp & Humidity,"{""temperature"": 29.0, ""humidity"": 83.0}",-43.0,9.25,1,Sudden Humidity Shift (-1000.0%/min)
2026-08-18 22:25:34,H:83% T:29C,Temp & Humidity,"{""temperature"": 29.0, ""humidity"": 83.0}",-43.0,9.0,0,Normal
2026-08-18 22:25:34,H:84% T:29C,Temp & Humidity,"{""temperature"": 29.0, ""humidity"": 84.0}",-43.0,9.25,1,Sudden Humidity Shift (+1000.0%/min)
2026-08-18 22:25:34,H:84% T:29C,Temp & Humidity,"{""temperature"": 29.0, ""humidity"": 84.0}",-43.0,9.25,0,Normal
2026-08-18 22:25:34,H:83% T:29C,Temp & Humidity,"{""temperature"": 29.0, ""humidity"": 83.0}",-43.0,9.25,1,Sudden Humidity Shift (-1000.0%/min)
2026-08-18 22:25:34,H:84% T:29C,Temp & Humidity,"{""temperature"": 29.0, ""humidity"": 84.0}",-43.0,9.25,1,Sudden Humidity Shift (+1000.0%/min)
2026-08-18 22:25:34,H:83% T:29C,Temp & Humidity,"{""temperature"": 29.0, ""humidity"": 83.0}",-43.0,9.75,0,Normal
2026-08-18 22:25:34,H:83% T:29C,Temp & Humidity,"{""temperature"": 29.0, ""humidity"": 83.0}",-43.0,9.25,0,Normal
2026-08-18 22:25:34,H:84% T:29C,Temp & Humidity,"{""temperature"": 29.0, ""humidity"": 84.0}",-43.0,9.25,0,Normal
2026-08-18 22:25:34,H:83% T:29C,Temp & Humidity,"{""temperature"": 29.0, ""humidity"": 83.0}",-44.0,9.25,0,Normal
2026-08-18 22:25:34,H:83% T:29C,Temp & Humidity,"{""temperature"": 29.0, ""humidity"": 83.0}",-43.0,9.25,0,Normal
2026-08-18 22:25:34,H:83% T:29C,Temp & Humidity,"{""temperature"": 29.0, ""humidity"": 83.0}",-43.0,9.25,0,Normal
2026-08-18 22:25:34,H:84% T:29C,Temp & Humidity,"{""temperature"": 29.0, ""humidity"": 84.0}",-43.0,9.25,0,Normal
2026-08-18 22:25:34,H:84% T:29C,Temp & Humidity,"{""temperature"": 29.0, ""humidity"": 84.0}",-43.0,9.75,0,Normal
2026-08-18 22:25:34,H:84% T:29C,Temp & Humidity,"{""temperature"": 29.0, ""humidity"": 84.0}",-43.0,9.0,0,Normal
2026-08-18 22:25:34,H:83% T:29C,Temp & Humidity,"{""temperature"": 29.0, ""humidity"": 83.0}",-43.0,9.0,0,Normal
2026-08-18 22:25:34,H:84% T:29C,Temp & Humidity,"{""temperature"": 29.0, ""humidity"": 84.0}",-43.0,9.25,0,Normal
2026-08-18 22:25:34,H:84% T:29C,Temp & Humidity,"{""temperature"": 29.0, ""humidity"": 84.0}",-43.0,9.25,0,Normal
2026-08-18 22:25:34,H:84% T:29C,Temp & Humidity,"{""temperature"": 29.0, ""humidity"": 84.0}",-43.0,9.5,0,Normal
2026-08-18 22:25:34,H:84% T:29C,Temp & Humidity,"{""temperature"": 29.0, ""humidity"": 84.0}",-43.0,9.25,0,Normal
2026-08-18 22:25:34,H:84% T:29C,Temp & Humidity,"{""temperature"": 29.0, ""humidity"": 84.0}",-43.0,9.25,0,Normal
2026-08-18 22:25:34,H:84% T:29C,Temp & Humidity,"{""temperature"": 29.0, ""humidity"": 84.0}",-43.0,9.5,0,Normal
2026-08-18 22:25:34,H:84% T:29C,Temp & Humidity,"{""temperature"": 29.0, ""humidity"": 84.0}",-43.0,9.25,0,Normal
2026-08-18 22:25:34,H:84% T:29C,Temp & Humidity,"{""temperature"": 29.0, ""humidity"": 84.0}",-43.0,9.75,0,Normal
2026-08-18 22:25:34,H:83% T:29C,Temp & Humidity,"{""temperature"": 29.0, ""humidity"": 83.0}",-43.0,9.25,0,Normal
2026-08-18 22:25:34,H:83% T:29C,Temp & Humidity,"{""temperature"": 29.0, ""humidity"": 83.0}",-43.0,9.5,0,Normal
2026-08-18 22:25:34,H:84% T:29C,Temp & Humidity,"{""temperature"": 29.0, ""humidity"": 84.0}",-43.0,9.25,0,Normal
2026-08-18 22:25:34,H:83% T:29C,Temp & Humidity,"{""temperature"": 29.0, ""humidity"": 83.0}",-43.0,9.25,0,Normal
2026-08-18 22:25:34,H:83% T:29C,Temp & Humidity,"{""temperature"": 29.0, ""humidity"": 83.0}",-48.0,9.25,0,Normal
2026-08-18 22:25:34,H:83% T:29C,Temp & Humidity,"{""temperature"": 29.0, ""humidity"": 83.0}",-43.0,9.75,0,Normal
2026-08-18 22:25:34,H:83% T:29C,Temp & Humidity,"{""temperature"": 29.0, ""humidity"": 83.0}",-43.0,9.25,0,Normal
2026-08-18 22:25:34,H:84% T:29C,Temp & Humidity,"{""temperature"": 29.0, ""humidity"": 84.0}",-43.0,9.25,0,Normal
2026-08-18 22:25:34,H:83% T:29C,Temp & Humidity,"{""temperature"": 29.0, ""humidity"": 83.0}",-43.0,9.25,0,Normal
2026-08-18 22:25:34,H:83% T:29C,Temp & Humidity,"{""temperature"": 29.0, ""humidity"": 83.0}",-43.0,9.25,0,Normal
2026-08-18 22:25:34,H:83% T:29C,Temp & Humidity,"{""temperature"": 29.0, ""humidity"": 83.0}",-43.0,12.0,0,Normal
2026-08-18 22:25:34,H:83% T:29C,Temp & Humidity,"{""temperature"": 29.0, ""humidity"": 83.0}",-43.0,9.5,0,Normal
2026-08-18 22:25:34,H:83% T:29C,Temp & Humidity,"{""temperature"": 29.0, ""humidity"": 83.0}",-43.0,9.25,0,Normal
2026-08-18 22:25:34,H:83% T:29C,Temp & Humidity,"{""temperature"": 29.0, ""humidity"": 83.0}",-43.0,9.25,0,Normal
2026-08-18 22:25:34,H:83% T:29C,Temp & Humidity,"{""temperature"": 29.0, ""humidity"": 83.0}",-43.0,9.5,0,Normal
2026-08-18 22:25:34,H:83% T:29C,Temp & Humidity,"{""temperature"": 29.0, ""humidity"": 83.0}",-43.0,9.25,0,Normal
2026-08-18 22:25:34,H:83% T:29C,Temp & Humidity,"{""temperature"": 29.0, ""humidity"": 83.0}",-43.0,9.0,0,Normal
2026-08-18 22:25:34,H:83% T:29C,Temp & Humidity,"{""temperature"": 29.0, ""humidity"": 83.0}",-43.0,9.5,0,Normal
2026-08-18 22:25:34,H:83% T:29C,Temp & Humidity,"{""temperature"": 29.0, ""humidity"": 83.0}",-43.0,9.5,0,Normal
2026-08-18 22:25:34,H:83% T:29C,Temp & Humidity,"{""temperature"": 29.0, ""humidity"": 83.0}",-43.0,9.5,0,Normal
2026-08-18 22:25:34,H:83% T:29C,Temp & Humidity,"{""temperature"": 29.0, ""humidity"": 83.0}",-44.0,9.25,0,Normal
2026-08-18 22:25:34,H:83% T:29C,Temp & Humidity,"{""temperature"": 29.0, ""humidity"": 83.0}",-43.0,9.25,0,Normal
2026-08-18 22:25:34,H:83% T:29C,Temp & Humidity,"{""temperature"": 29.0, ""humidity"": 83.0}",-43.0,9.75,0,Normal
2026-08-18 22:25:34,H:83% T:29C,Temp & Humidity,"{""temperature"": 29.0, ""humidity"": 83.0}",-43.0,9.25,0,Normal
2026-08-18 22:25:34,H:83% T:29C,Temp & Humidity,"{""temperature"": 29.0, ""humidity"": 83.0}",-43.0,9.25,0,Normal
2026-08-18 22:25:34,H:83% T:29C,Temp & Humidity,"{""temperature"": 29.0, ""humidity"": 83.0}",-43.0,9.0,0,Normal
2026-08-18 22:25:34,H:83% T:29C,Temp & Humidity,"{""temperature"": 29.0, ""humidity"": 83.0}",-42.0,10.0,0,Normal
2026-08-18 22:25:34,H:83% T:29C,Temp & Humidity,"{""temperature"": 29.0, ""humidity"": 83.0}",-43.0,9.25,0,Normal
2026-08-18 22:25:34,H:83% T:29C,Temp & Humidity,"{""temperature"": 29.0, ""humidity"": 83.0}",-43.0,9.5,0,Normal
2026-08-18 22:25:34,H:83% T:29C,Temp & Humidity,"{""temperature"": 29.0, ""humidity"": 83.0}",-43.0,9.5,0,Normal
2026-08-18 22:25:34,H:83% T:29C,Temp & Humidity,"{""temperature"": 29.0, ""humidity"": 83.0}",-43.0,9.0,0,Normal
2026-08-18 22:25:34,H:83% T:29C,Temp & Humidity,"{""temperature"": 29.0, ""humidity"": 83.0}",-43.0,9.5,0,Normal
2026-08-18 22:25:34,H:83% T:29C,Temp & Humidity,"{""temperature"": 29.0, ""humidity"": 83.0}",-43.0,9.5,0,Normal
2026-08-18 22:25:34,H:83% T:29C,Temp & Humidity,"{""temperature"": 29.0, ""humidity"": 83.0}",-43.0,9.25,0,Normal
2026-08-18 22:25:34,H:83% T:29C,Temp & Humidity,"{""temperature"": 29.0, ""humidity"": 83.0}",-43.0,9.5,0,Normal
2026-08-18 22:25:34,H:83% T:29C,Temp & Humidity,"{""temperature"": 29.0, ""humidity"": 83.0}",-42.0,9.25,0,Normal
2026-08-18 22:25:34,H:83% T:29C,Temp & Humidity,"{""temperature"": 29.0, ""humidity"": 83.0}",-43.0,9.25,0,Normal
2026-08-18 22:25:34,H:83% T:29C,Temp & Humidity,"{""temperature"": 29.0, ""humidity"": 83.0}",-43.0,9.0,0,Normal
2026-08-18 22:25:34,H:83% T:29C,Temp & Humidity,"{""temperature"": 29.0, ""humidity"": 83.0}",-43.0,9.25,0,Normal
2026-08-18 22:25:34,H:83% T:29C,Temp & Humidity,"{""temperature"": 29.0, ""humidity"": 83.0}",-43.0,9.5,0,Normal
2026-08-18 22:25:34,H:83% T:29C,Temp & Humidity,"{""temperature"": 29.0, ""humidity"": 83.0}",-43.0,9.5,0,Normal
2026-08-18 22:25:34,H:83% T:29C,Temp & Humidity,"{""temperature"": 29.0, ""humidity"": 83.0}",-43.0,9.5,0,Normal
2026-08-18 22:25:34,H:83% T:29C,Temp & Humidity,"{""temperature"": 29.0, ""humidity"": 83.0}",-43.0,9.25,0,Normal
2026-08-18 22:25:34,H:83% T:29C,Temp & Humidity,"{""temperature"": 29.0, ""humidity"": 83.0}",-43.0,9.5,0,Normal
2026-08-18 22:25:34,H:83% T:29C,Temp & Humidity,"{""temperature"": 29.0, ""humidity"": 83.0}",-48.0,9.25,0,Normal
2026-08-18 22:25:34,H:83% T:29C,Temp & Humidity,"{""temperature"": 29.0, ""humidity"": 83.0}",-43.0,9.25,0,Normal
2026-08-18 22:25:34,H:83% T:29C,Temp & Humidity,"{""temperature"": 29.0, ""humidity"": 83.0}",-43.0,9.25,0,Normal
2026-08-18 22:25:34,H:83% T:29C,Temp & Humidity,"{""temperature"": 29.0, ""humidity"": 83.0}",-43.0,9.5,0,Normal
2026-08-18 22:25:34,H:83% T:29C,Temp & Humidity,"{""temperature"": 29.0, ""humidity"": 83.0}",-43.0,9.5,0,Normal
2026-08-18 22:25:34,H:83% T:29C,Temp & Humidity,"{""temperature"": 29.0, ""humidity"": 83.0}",-43.0,9.25,0,Normal
2026-08-18 22:25:34,H:83% T:29C,Temp & Humidity,"{""temperature"": 29.0, ""humidity"": 83.0}",-43.0,9.25,0,Normal
2026-08-18 22:25:34,H:83% T:29C,Temp & Humidity,"{""temperature"": 29.0, ""humidity"": 83.0}",-43.0,9.0,0,Normal
2026-08-18 22:25:34,H:83% T:29C,Temp & Humidity,"{""temperature"": 29.0, ""humidity"": 83.0}",-43.0,9.0,0,Normal
2026-08-18 22:25:34,H:83% T:29C,Temp & Humidity,"{""temperature"": 29.0, ""humidity"": 83.0}",-43.0,9.5,0,Normal
2026-08-18 22:25:34,H:83% T:29C,Temp & Humidity,"{""temperature"": 29.0, ""humidity"": 83.0}",-43.0,9.25,0,Normal
2026-08-18 22:25:34,H:83% T:29C,Temp & Humidity,"{""temperature"": 29.0, ""humidity"": 83.0}",-43.0,9.0,0,Normal
2026-08-18 22:25:34,H:83% T:29C,Temp & Humidity,"{""temperature"": 29.0, ""humidity"": 83.0}",-44.0,9.25,0,Normal
2026-08-18 22:25:34,H:83% T:29C,Temp & Humidity,"{""temperature"": 29.0, ""humidity"": 83.0}",-43.0,9.5,0,Normal
2026-08-18 22:25:34,H:83% T:29C,Temp & Humidity,"{""temperature"": 29.0, ""humidity"": 83.0}",-43.0,9.25,0,Normal
2026-08-18 22:25:34,H:83% T:29C,Temp & Humidity,"{""temperature"": 29.0, ""humidity"": 83.0}",-43.0,9.25,0,Normal
2026-08-18 22:25:34,H:83% T:29C,Temp & Humidity,"{""temperature"": 29.0, ""humidity"": 83.0}",-43.0,9.5,0,Normal
2026-08-18 22:25:34,H:83% T:29C,Temp & Humidity,"{""temperature"": 29.0, ""humidity"": 83.0}",-43.0,9.5,0,Normal
2026-08-18 22:25:34,H:83% T:29C,Temp & Humidity,"{""temperature"": 29.0, ""humidity"": 83.0}",-43.0,9.0,0,Normal
2026-08-18 22:25:34,H:83% T:29C,Temp & Humidity,"{""temperature"": 29.0, ""humidity"": 83.0}",-43.0,9.25,0,Normal
2026-08-18 22:25:34,H:83% T:29C,Temp & Humidity,"{""temperature"": 29.0, ""humidity"": 83.0}",-43.0,9.0,0,Normal
2026-08-18 22:25:34,H:83% T:29C,Temp & Humidity,"{""temperature"": 29.0, ""humidity"": 83.0}",-42.0,9.75,0,Normal
2026-08-18 22:25:34,H:83% T:29C,Temp & Humidity,"{""temperature"": 29.0, ""humidity"": 83.0}",-43.0,9.75,0,Normal
2026-08-18 22:25:34,H:83% T:29C,Temp & Humidity,"{""temperature"": 29.0, ""humidity"": 83.0}",-43.0,9.25,0,Normal
2026-08-18 22:25:34,H:83% T:29C,Temp & Humidity,"{""temperature"": 29.0, ""humidity"": 83.0}",-43.0,9.0,0,Normal
2026-08-18 22:25:34,H:83% T:29C,Temp & Humidity,"{""temperature"": 29.0, ""humidity"": 83.0}",-43.0,9.5,0,Normal
2026-08-18 22:25:34,H:83% T:29C,Temp & Humidity,"{""temperature"": 29.0, ""humidity"": 83.0}",-43.0,9.0,0,Normal
2026-08-18 22:25:34,H:83% T:29C,Temp & Humidity,"{""temperature"": 29.0, ""humidity"": 83.0}",-43.0,9.0,0,Normal
2026-08-18 22:25:34,H:83% T:29C,Temp & Humidity,"{""temperature"": 29.0, ""humidity"": 83.0}",-43.0,9.25,0,Normal
2026-08-18 22:25:34,H:83% T:29C,Temp & Humidity,"{""temperature"": 29.0, ""humidity"": 83.0}",-48.0,9.0,0,Normal
2026-08-18 22:25:34,H:83% T:29C,Temp & Humidity,"{""temperature"": 29.0, ""humidity"": 83.0}",-43.0,9.25,0,Normal
2026-08-18 22:25:34,H:83% T:29C,Temp & Humidity,"{""temperature"": 29.0, ""humidity"": 83.0}",-43.0,9.25,0,Normal
2026-08-18 22:25:34,H:83% T:29C,Temp & Humidity,"{""temperature"": 29.0, ""humidity"": 83.0}",-43.0,9.25,0,Normal
2026-08-18 22:25:34,H:83% T:29C,Temp & Humidity,"{""temperature"": 29.0, ""humidity"": 83.0}",-44.0,9.25,0,Normal
2026-08-18 22:25:34,H:83% T:29C,Temp & Humidity,"{""temperature"": 29.0, ""humidity"": 83.0}",-43.0,9.5,0,Normal
2026-08-18 22:25:34,H:83% T:29C,Temp & Humidity,"{""temperature"": 29.0, ""humidity"": 83.0}",-43.0,9.75,0,Normal
2026-08-18 22:25:34,H:83% T:29C,Temp & Humidity,"{""temperature"": 29.0, ""humidity"": 83.0}",-43.0,9.5,0,Normal
2026-08-18 22:25:34,H:83% T:29C,Temp & Humidity,"{""temperature"": 29.0, ""humidity"": 83.0}",-43.0,9.0,0,Normal
2026-08-18 22:25:34,H:83% T:29C,Temp & Humidity,"{""temperature"": 29.0, ""humidity"": 83.0}",-43.0,9.25,0,Normal
2026-08-18 22:25:34,H:83% T:29C,Temp & Humidity,"{""temperature"": 29.0, ""humidity"": 83.0}",-43.0,9.25,0,Normal
2026-08-18 22:25:34,H:83% T:29C,Temp & Humidity,"{""temperature"": 29.0, ""humidity"": 83.0}",-43.0,9.25,0,Normal
2026-08-18 22:25:34,H:83% T:29C,Temp & Humidity,"{""temperature"": 29.0, ""humidity"": 83.0}",-43.0,9.25,0,Normal
2026-08-18 22:25:34,H:83% T:29C,Temp & Humidity,"{""temperature"": 29.0, ""humidity"": 83.0}",-43.0,9.25,0,Normal
2026-08-18 22:25:34,H:83% T:29C,Temp & Humidity,"{""temperature"": 29.0, ""humidity"": 83.0}",-43.0,9.5,0,Normal
2026-08-18 22:25:34,H:83% T:29C,Temp & Humidity,"{""temperature"": 29.0, ""humidity"": 83.0}",-43.0,9.0,0,Normal
2026-08-18 22:25:34,H:83% T:29C,Temp & Humidity,"{""temperature"": 29.0, ""humidity"": 83.0}",-43.0,9.5,0,Normal
2026-08-18 22:25:34,H:83% T:29C,Temp & Humidity,"{""temperature"": 29.0, ""humidity"": 83.0}",-43.0,9.25,0,Normal
2026-08-18 22:25:34,H:83% T:29C,Temp & Humidity,"{""temperature"": 29.0, ""humidity"": 83.0}",-43.0,9.0,0,Normal
2026-08-18 22:25:34,H:83% T:29C,Temp & Humidity,"{""temperature"": 29.0, ""humidity"": 83.0}",-43.0,9.25,0,Normal
2026-08-18 22:25:34,H:83% T:29C,Temp & Humidity,"{""temperature"": 29.0, ""humidity"": 83.0}",-43.0,9.25,0,Normal
2026-08-18 22:25:34,H:83% T:29C,Temp & Humidity,"{""temperature"": 29.0, ""humidity"": 83.0}",-43.0,9.25,0,Normal
2026-08-18 22:25:34,H:83% T:29C,Temp & Humidity,"{""temperature"": 29.0, ""humidity"": 83.0}",-48.0,9.0,0,Normal
2026-08-18 22:25:34,H:84% T:29C,Temp & Humidity,"{""temperature"": 29.0, ""humidity"": 84.0}",-43.0,9.0,1,Sudden Humidity Shift (+1000.0%/min)
2026-08-18 22:25:34,H:83% T:29C,Temp & Humidity,"{""temperature"": 29.0, ""humidity"": 83.0}",-43.0,9.25,1,Sudden Humidity Shift (-1000.0%/min)
2026-08-18 22:25:34,H:83% T:29C,Temp & Humidity,"{""temperature"": 29.0, ""humidity"": 83.0}",-43.0,9.0,0,Normal
2026-08-18 22:25:34,H:83% T:29C,Temp & Humidity,"{""temperature"": 29.0, ""humidity"": 83.0}",-43.0,9.5,0,Normal
2026-08-18 22:25:34,H:83% T:29C,Temp & Humidity,"{""temperature"": 29.0, ""humidity"": 83.0}",-43.0,9.5,0,Normal
2026-08-18 22:25:34,H:83% T:29C,Temp & Humidity,"{""temperature"": 29.0, ""humidity"": 83.0}",-43.0,9.5,0,Normal
2026-08-18 22:25:34,H:83% T:29C,Temp & Humidity,"{""temperature"": 29.0, ""humidity"": 83.0}",-43.0,9.25,0,Normal
2026-08-18 22:25:34,H:83% T:29C,Temp & Humidity,"{""temperature"": 29.0, ""humidity"": 83.0}",-43.0,9.25,0,Normal
2026-08-18 22:25:34,H:83% T:29C,Temp & Humidity,"{""temperature"": 29.0, ""humidity"": 83.0}",-43.0,9.5,0,Normal
2026-08-18 22:25:34,H:83% T:29C,Temp & Humidity,"{""temperature"": 29.0, ""humidity"": 83.0}",-43.0,9.25,0,Normal
2026-08-18 22:25:34,H:83% T:29C,Temp & Humidity,"{""temperature"": 29.0, ""humidity"": 83.0}",-43.0,9.0,0,Normal
2026-08-18 22:25:34,H:83% T:29C,Temp & Humidity,"{""temperature"": 29.0, ""humidity"": 83.0}",-43.0,9.25,0,Normal
2026-08-18 22:25:34,H:83% T:29C,Temp & Humidity,"{""temperature"": 29.0, ""humidity"": 83.0}",-43.0,9.25,0,Normal
2026-08-18 22:25:34,H:83% T:29C,Temp & Humidity,"{""temperature"": 29.0, ""humidity"": 83.0}",-43.0,9.75,0,Normal
2026-08-18 22:25:34,H:83% T:29C,Temp & Humidity,"{""temperature"": 29.0, ""humidity"": 83.0}",-43.0,9.5,0,Normal
2026-08-18 22:25:34,H:83% T:29C,Temp & Humidity,"{""temperature"": 29.0, ""humidity"": 83.0}",-43.0,9.25,0,Normal
2026-08-18 22:25:34,H:83% T:29C,Temp & Humidity,"{""temperature"": 29.0, ""humidity"": 83.0}",-43.0,9.5,0,Normal
2026-08-18 22:25:34,H:83% T:29C,Temp & Humidity,"{""temperature"": 29.0, ""humidity"": 83.0}",-43.0,9.25,0,Normal
2026-08-18 22:25:34,H:83% T:29C,Temp & Humidity,"{""temperature"": 29.0, ""humidity"": 83.0}",-43.0,9.25,0,Normal
2026-08-18 22:25:34,H:83% T:29C,Temp & Humidity,"{""temperature"": 29.0, ""humidity"": 83.0}",-43.0,9.25,0,Normal
2026-08-18 22:25:34,H:83% T:29C,Temp & Humidity,"{""temperature"": 29.0, ""humidity"": 83.0}",-43.0,9.0,0,Normal
2026-08-18 22:25:34,H:83% T:29C,Temp & Humidity,"{""temperature"": 29.0, ""humidity"": 83.0}",-43.0,9.25,0,Normal
2026-08-18 22:25:34,H:83% T:29C,Temp & Humidity,"{""temperature"": 29.0, ""humidity"": 83.0}",-43.0,9.0,0,Normal
2026-08-18 22:25:34,H:83% T:29C,Temp & Humidity,"{""temperature"": 29.0, ""humidity"": 83.0}",-43.0,9.25,0,Normal
2026-08-18 22:25:34,H:83% T:29C,Temp & Humidity,"{""temperature"": 29.0, ""humidity"": 83.0}",-43.0,9.25,0,Normal
2026-08-18 22:25:34,H:83% T:29C,Temp & Humidity,"{""temperature"": 29.0, ""humidity"": 83.0}",-43.0,9.5,0,Normal
2026-08-18 22:25:34,H:83% T:29C,Temp & Humidity,"{""temperature"": 29.0, ""humidity"": 83.0}",-43.0,9.25,0,Normal
2026-08-18 22:25:34,H:83% T:29C,Temp & Humidity,"{""temperature"": 29.0, ""humidity"": 83.0}",-43.0,9.25,0,Normal
2026-08-18 22:25:34,H:83% T:29C,Temp & Humidity,"{""temperature"": 29.0, ""humidity"": 83.0}",-43.0,9.25,0,Normal
2026-08-18 22:25:34,H:83% T:29C,Temp & Humidity,"{""temperature"": 29.0, ""humidity"": 83.0}",-43.0,9.5,0,Normal
2026-08-18 22:25:34,H:83% T:29C,Temp & Humidity,"{""temperature"": 29.0, ""humidity"": 83.0}",-43.0,9.0,0,Normal
2026-08-18 22:25:34,H:83% T:29C,Temp & Humidity,"{""temperature"": 29.0, ""humidity"": 83.0}",-43.0,9.5,0,Normal
2026-08-18 22:25:34,H:83% T:29C,Temp & Humidity,"{""temperature"": 29.0, ""humidity"": 83.0}",-43.0,9.0,0,Normal
2026-08-18 22:25:34,H:83% T:29C,Temp & Humidity,"{""temperature"": 29.0, ""humidity"": 83.0}",-43.0,9.5,0,Normal
2026-08-18 22:25:34,H:83% T:29C,Temp & Humidity,"{""temperature"": 29.0, ""humidity"": 83.0}",-43.0,9.25,0,Normal
2026-08-18 22:25:34,H:83% T:29C,Temp & Humidity,"{""temperature"": 29.0, ""humidity"": 83.0}",-43.0,9.5,0,Normal
2026-08-18 22:25:34,H:83% T:29C,Temp & Humidity,"{""temperature"": 29.0, ""humidity"": 83.0}",-43.0,9.25,0,Normal
2026-08-18 22:25:34,H:83% T:29C,Temp & Humidity,"{""temperature"": 29.0, ""humidity"": 83.0}",-43.0,9.5,0,Normal
2026-08-18 22:25:34,H:83% T:29C,Temp & Humidity,"{""temperature"": 29.0, ""humidity"": 83.0}",-43.0,9.25,0,Normal
2026-08-18 22:25:34,H:83% T:29C,Temp & Humidity,"{""temperature"": 29.0, ""humidity"": 83.0}",-43.0,9.0,0,Normal
2026-08-18 22:25:34,H:83% T:29C,Temp & Humidity,"{""temperature"": 29.0, ""humidity"": 83.0}",-43.0,9.25,0,Normal
2026-08-18 22:25:34,H:83% T:29C,Temp & Humidity,"{""temperature"": 29.0, ""humidity"": 83.0}",-43.0,9.5,0,Normal
2026-08-18 22:25:34,H:83% T:29C,Temp & Humidity,"{""temperature"": 29.0, ""humidity"": 83.0}",-48.0,9.0,0,Normal
2026-08-18 22:25:34,H:83% T:29C,Temp & Humidity,"{""temperature"": 29.0, ""humidity"": 83.0}",-43.0,9.5,0,Normal
2026-08-18 22:25:34,H:83% T:29C,Temp & Humidity,"{""temperature"": 29.0, ""humidity"": 83.0}",-43.0,9.25,0,Normal
2026-08-18 22:25:34,H:83% T:29C,Temp & Humidity,"{""temperature"": 29.0, ""humidity"": 83.0}",-43.0,9.25,0,Normal
2026-08-18 22:25:34,H:83% T:29C,Temp & Humidity,"{""temperature"": 29.0, ""humidity"": 83.0}",-43.0,9.25,0,Normal
2026-08-18 22:25:34,H:83% T:29C,Temp & Humidity,"{""temperature"": 29.0, ""humidity"": 83.0}",-43.0,9.25,0,Normal
2026-08-18 22:25:34,H:83% T:29C,Temp & Humidity,"{""temperature"": 29.0, ""humidity"": 83.0}",-43.0,9.5,0,Normal
2026-08-18 22:25:34,H:83% T:29C,Temp & Humidity,"{""temperature"": 29.0, ""humidity"": 83.0}",-43.0,9.25,0,Normal
2026-08-18 22:25:34,H:83% T:29C,Temp & Humidity,"{""temperature"": 29.0, ""humidity"": 83.0}",-43.0,9.75,0,Normal
2026-08-18 22:25:34,H:83% T:29C,Temp & Humidity,"{""temperature"": 29.0, ""humidity"": 83.0}",-43.0,9.25,0,Normal
2026-08-18 22:25:34,H:83% T:29C,Temp & Humidity,"{""temperature"": 29.0, ""humidity"": 83.0}",-43.0,9.0,0,Normal
2026-08-18 22:25:34,H:83% T:29C,Temp & Humidity,"{""temperature"": 29.0, ""humidity"": 83.0}",-43.0,9.25,0,Normal
2026-08-18 22:25:34,H:83% T:29C,Temp & Humidity,"{""temperature"": 29.0, ""humidity"": 83.0}",-43.0,9.25,0,Normal
2026-08-18 22:25:34,H:83% T:29C,Temp & Humidity,"{""temperature"": 29.0, ""humidity"": 83.0}",-43.0,9.5,0,Normal
2026-08-18 22:25:34,H:83% T:29C,Temp & Humidity,"{""temperature"": 29.0, ""humidity"": 83.0}",-43.0,9.5,0,Normal
2026-08-18 22:25:34,H:83% T:29C,Temp & Humidity,"{""temperature"": 29.0, ""humidity"": 83.0}",-43.0,9.75,0,Normal
2026-08-18 22:25:34,H:83% T:29C,Temp & Humidity,"{""temperature"": 29.0, ""humidity"": 83.0}",-43.0,9.0,0,Normal
2026-08-18 22:25:34,H:83% T:29C,Temp & Humidity,"{""temperature"": 29.0, ""humidity"": 83.0}",-48.0,9.25,0,Normal
2026-08-18 22:25:34,H:83% T:29C,Temp & Humidity,"{""temperature"": 29.0, ""humidity"": 83.0}",-43.0,9.25,0,Normal
2026-08-18 22:25:34,H:83% T:29C,Temp & Humidity,"{""temperature"": 29.0, ""humidity"": 83.0}",-43.0,9.25,0,Normal
2026-08-18 22:25:34,H:83% T:29C,Temp & Humidity,"{""temperature"": 29.0, ""humidity"": 83.0}",-43.0,9.25,0,Normal
2026-08-18 22:25:34,H:83% T:29C,Temp & Humidity,"{""temperature"": 29.0, ""humidity"": 83.0}",-43.0,9.5,0,Normal
2026-08-18 22:25:34,H:83% T:29C,Temp & Humidity,"{""temperature"": 29.0, ""humidity"": 83.0}",-43.0,9.0,0,Normal
2026-08-18 22:25:34,H:83% T:29C,Temp & Humidity,"{""temperature"": 29.0, ""humidity"": 83.0}",-47.0,11.75,0,Normal
2026-08-18 22:25:34,H:83% T:29C,Temp & Humidity,"{""temperature"": 29.0, ""humidity"": 83.0}",-43.0,9.5,0,Normal
2026-08-18 22:25:34,H:83% T:29C,Temp & Humidity,"{""temperature"": 29.0, ""humidity"": 83.0}",-43.0,9.25,0,Normal
2026-08-18 22:25:34,H:83% T:29C,Temp & Humidity,"{""temperature"": 29.0, ""humidity"": 83.0}",-48.0,9.25,0,Normal
2026-08-18 22:25:34,H:83% T:29C,Temp & Humidity,"{""temperature"": 29.0, ""humidity"": 83.0}",-43.0,9.5,0,Normal
2026-08-18 22:25:34,H:83% T:29C,Temp & Humidity,"{""temperature"": 29.0, ""humidity"": 83.0}",-43.0,9.5,0,Normal
2026-08-18 22:25:34,H:83% T:29C,Temp & Humidity,"{""temperature"": 29.0, ""humidity"": 83.0}",-43.0,9.25,0,Normal
2026-08-18 22:25:34,H:83% T:29C,Temp & Humidity,"{""temperature"": 29.0, ""humidity"": 83.0}",-43.0,9.25,0,Normal
2026-08-18 22:25:34,H:83% T:29C,Temp & Humidity,"{""temperature"": 29.0, ""humidity"": 83.0}",-43.0,9.25,0,Normal
2026-08-18 22:25:34,H:83% T:29C,Temp & Humidity,"{""temperature"": 29.0, ""humidity"": 83.0}",-43.0,9.25,0,Normal
2026-08-18 22:25:34,H:83% T:29C,Temp & Humidity,"{""temperature"": 29.0, ""humidity"": 83.0}",-43.0,9.0,0,Normal
2026-08-18 22:25:34,H:83% T:29C,Temp & Humidity,"{""temperature"": 29.0, ""humidity"": 83.0}",-43.0,9.5,0,Normal
2026-08-18 22:25:34,H:83% T:29C,Temp & Humidity,"{""temperature"": 29.0, ""humidity"": 83.0}",-43.0,9.25,0,Normal
2026-08-18 22:25:34,H:83% T:29C,Temp & Humidity,"{""temperature"": 29.0, ""humidity"": 83.0}",-43.0,9.0,0,Normal
2026-08-18 22:25:34,H:83% T:29C,Temp & Humidity,"{""temperature"": 29.0, ""humidity"": 83.0}",-43.0,9.25,0,Normal
2026-08-18 22:25:34,H:83% T:29C,Temp & Humidity,"{""temperature"": 29.0, ""humidity"": 83.0}",-43.0,9.25,0,Normal
2026-08-18 22:25:34,H:83% T:29C,Temp & Humidity,"{""temperature"": 29.0, ""humidity"": 83.0}",-43.0,9.25,0,Normal
2026-08-18 22:25:34,H:83% T:29C,Temp & Humidity,"{""temperature"": 29.0, ""humidity"": 83.0}",-43.0,9.25,0,Normal
2026-08-18 22:25:34,H:83% T:29C,Temp & Humidity,"{""temperature"": 29.0, ""humidity"": 83.0}",-43.0,9.25,0,Normal
2026-08-18 22:25:34,H:83% T:29C,Temp & Humidity,"{""temperature"": 29.0, ""humidity"": 83.0}",-43.0,9.0,0,Normal
2026-08-18 22:25:34,H:83% T:29C,Temp & Humidity,"{""temperature"": 29.0, ""humidity"": 83.0}",-43.0,9.5,0,Normal
2026-08-18 22:25:34,H:83% T:29C,Temp & Humidity,"{""temperature"": 29.0, ""humidity"": 83.0}",-43.0,9.25,0,Normal
2026-08-18 22:25:34,H:83% T:29C,Temp & Humidity,"{""temperature"": 29.0, ""humidity"": 83.0}",-43.0,9.25,0,Normal
2026-08-18 22:25:34,H:83% T:29C,Temp & Humidity,"{""temperature"": 29.0, ""humidity"": 83.0}",-43.0,9.0,0,Normal
2026-08-18 22:25:34,H:83% T:29C,Temp & Humidity,"{""temperature"": 29.0, ""humidity"": 83.0}",-43.0,9.25,0,Normal
2026-08-18 22:25:34,H:83% T:29C,Temp & Humidity,"{""temperature"": 29.0, ""humidity"": 83.0}",-42.0,9.75,0,Normal
2026-08-18 22:25:34,H:83% T:29C,Temp & Humidity,"{""temperature"": 29.0, ""humidity"": 83.0}",-43.0,9.5,0,Normal
2026-08-18 22:25:34,H:83% T:29C,Temp & Humidity,"{""temperature"": 29.0, ""humidity"": 83.0}",-43.0,9.25,0,Normal
2026-08-18 22:25:34,H:83% T:29C,Temp & Humidity,"{""temperature"": 29.0, ""humidity"": 83.0}",-43.0,9.25,0,Normal
2026-08-18 22:25:34,H:83% T:29C,Temp & Humidity,"{""temperature"": 29.0, ""humidity"": 83.0}",-43.0,9.25,0,Normal
2026-08-18 22:25:34,H:83% T:29C,Temp & Humidity,"{""temperature"": 29.0, ""humidity"": 83.0}",-43.0,9.5,0,Normal
2026-08-18 22:25:34,H:83% T:29C,Temp & Humidity,"{""temperature"": 29.0, ""humidity"": 83.0}",-43.0,9.25,0,Normal
2026-08-18 22:25:34,H:83% T:29C,Temp & Humidity,"{""temperature"": 29.0, ""humidity"": 83.0}",-43.0,9.5,0,Normal
2026-08-18 22:25:34,H:83% T:29C,Temp & Humidity,"{""temperature"": 29.0, ""humidity"": 83.0}",-43.0,9.5,0,Normal
2026-08-18 22:25:34,H:83% T:29C,Temp & Humidity,"{""temperature"": 29.0, ""humidity"": 83.0}",-43.0,9.0,0,Normal
2026-08-18 22:25:34,H:83% T:29C,Temp & Humidity,"{""temperature"": 29.0, ""humidity"": 83.0}",-44.0,9.0,0,Normal
2026-08-18 22:25:34,H:83% T:29C,Temp & Humidity,"{""temperature"": 29.0, ""humidity"": 83.0}",-43.0,9.25,0,Normal
2026-08-18 22:25:34,H:83% T:29C,Temp & Humidity,"{""temperature"": 29.0, ""humidity"": 83.0}",-43.0,11.75,0,Normal
2026-08-18 22:25:34,H:83% T:29C,Temp & Humidity,"{""temperature"": 29.0, ""humidity"": 83.0}",-43.0,9.0,0,Normal
2026-08-18 22:25:34,H:83% T:29C,Temp & Humidity,"{""temperature"": 29.0, ""humidity"": 83.0}",-43.0,9.25,0,Normal
2026-08-18 22:25:34,H:83% T:29C,Temp & Humidity,"{""temperature"": 29.0, ""humidity"": 83.0}",-43.0,9.25,0,Normal
2026-08-18 22:25:34,H:83% T:29C,Temp & Humidity,"{""temperature"": 29.0, ""humidity"": 83.0}",-43.0,9.25,0,Normal
2026-08-18 22:25:34,H:83% T:29C,Temp & Humidity,"{""temperature"": 29.0, ""humidity"": 83.0}",-43.0,9.25,0,Normal
2026-08-18 22:25:34,H:83% T:29C,Temp & Humidity,"{""temperature"": 29.0, ""humidity"": 83.0}",-48.0,9.0,0,Normal
2026-08-18 22:25:34,H:83% T:29C,Temp & Humidity,"{""temperature"": 29.0, ""humidity"": 83.0}",-48.0,9.25,0,Normal
2026-08-18 22:25:34,H:83% T:29C,Temp & Humidity,"{""temperature"": 29.0, ""humidity"": 83.0}",-49.0,9.25,1,Isolation Forest ML Outlier
2026-08-18 22:25:34,H:83% T:29C,Temp & Humidity,"{""temperature"": 29.0, ""humidity"": 83.0}",-43.0,9.25,0,Normal
2026-08-18 22:25:34,H:83% T:29C,Temp & Humidity,"{""temperature"": 29.0, ""humidity"": 83.0}",-43.0,9.25,0,Normal
2026-08-18 22:25:34,H:83% T:29C,Temp & Humidity,"{""temperature"": 29.0, ""humidity"": 83.0}",-43.0,9.25,0,Normal
2026-08-18 22:25:34,H:83% T:29C,Temp & Humidity,"{""temperature"": 29.0, ""humidity"": 83.0}",-48.0,9.25,0,Normal
2026-08-18 22:25:34,H:83% T:29C,Temp & Humidity,"{""temperature"": 29.0, ""humidity"": 83.0}",-43.0,9.75,0,Normal
2026-08-18 22:25:34,H:83% T:29C,Temp & Humidity,"{""temperature"": 29.0, ""humidity"": 83.0}",-43.0,9.25,0,Normal
2026-08-18 22:25:34,H:83% T:29C,Temp & Humidity,"{""temperature"": 29.0, ""humidity"": 83.0}",-43.0,9.25,0,Normal
2026-08-18 22:25:34,H:83% T:29C,Temp & Humidity,"{""temperature"": 29.0, ""humidity"": 83.0}",-43.0,9.5,0,Normal
2026-08-18 22:25:34,H:83% T:29C,Temp & Humidity,"{""temperature"": 29.0, ""humidity"": 83.0}",-43.0,9.25,0,Normal
2026-08-18 22:25:34,H:83% T:29C,Temp & Humidity,"{""temperature"": 29.0, ""humidity"": 83.0}",-43.0,9.5,0,Normal
2026-08-18 22:25:34,H:83% T:29C,Temp & Humidity,"{""temperature"": 29.0, ""humidity"": 83.0}",-43.0,9.5,0,Normal
2026-08-18 22:25:34,H:83% T:29C,Temp & Humidity,"{""temperature"": 29.0, ""humidity"": 83.0}",-43.0,9.25,0,Normal
2026-08-18 22:25:34,H:83% T:29C,Temp & Humidity,"{""temperature"": 29.0, ""humidity"": 83.0}",-43.0,9.25,0,Normal
2026-08-18 22:25:34,H:83% T:29C,Temp & Humidity,"{""temperature"": 29.0, ""humidity"": 83.0}",-44.0,9.0,0,Normal
2026-08-18 22:25:34,H:83% T:29C,Temp & Humidity,"{""temperature"": 29.0, ""humidity"": 83.0}",-43.0,9.25,0,Normal
2026-08-18 22:25:34,H:83% T:29C,Temp & Humidity,"{""temperature"": 29.0, ""humidity"": 83.0}",-43.0,9.5,0,Normal
2026-08-18 22:25:34,H:83% T:29C,Temp & Humidity,"{""temperature"": 29.0, ""humidity"": 83.0}",-43.0,9.25,0,Normal
2026-08-18 22:25:34,H:83% T:29C,Temp & Humidity,"{""temperature"": 29.0, ""humidity"": 83.0}",-43.0,9.5,0,Normal
2026-08-18 22:25:34,H:83% T:29C,Temp & Humidity,"{""temperature"": 29.0, ""humidity"": 83.0}",-43.0,9.25,0,Normal
2026-08-18 22:25:34,H:83% T:29C,Temp & Humidity,"{""temperature"": 29.0, ""humidity"": 83.0}",-43.0,9.25,0,Normal
2026-08-18 22:25:34,H:83% T:29C,Temp & Humidity,"{""temperature"": 29.0, ""humidity"": 83.0}",-43.0,9.5,0,Normal
2026-08-18 22:25:34,H:83% T:29C,Temp & Humidity,"{""temperature"": 29.0, ""humidity"": 83.0}",-43.0,9.5,0,Normal
2026-08-18 22:25:34,H:83% T:29C,Temp & Humidity,"{""temperature"": 29.0, ""humidity"": 83.0}",-43.0,9.5,0,Normal
2026-08-18 22:25:34,H:83% T:29C,Temp & Humidity,"{""temperature"": 29.0, ""humidity"": 83.0}",-48.0,9.25,0,Normal
2026-08-18 22:25:34,H:83% T:29C,Temp & Humidity,"{""temperature"": 29.0, ""humidity"": 83.0}",-43.0,9.0,0,Normal
2026-08-18 22:25:34,H:83% T:29C,Temp & Humidity,"{""temperature"": 29.0, ""humidity"": 83.0}",-43.0,9.25,0,Normal
2026-08-18 22:25:34,H:83% T:29C,Temp & Humidity,"{""temperature"": 29.0, ""humidity"": 83.0}",-43.0,8.75,0,Normal
2026-08-18 22:25:34,H:83% T:29C,Temp & Humidity,"{""temperature"": 29.0, ""humidity"": 83.0}",-43.0,9.25,0,Normal
2026-08-18 22:25:34,H:83% T:29C,Temp & Humidity,"{""temperature"": 29.0, ""humidity"": 83.0}",-43.0,9.5,0,Normal
2026-08-18 22:25:34,H:83% T:29C,Temp & Humidity,"{""temperature"": 29.0, ""humidity"": 83.0}",-43.0,9.5,0,Normal
2026-08-18 22:25:34,H:83% T:29C,Temp & Humidity,"{""temperature"": 29.0, ""humidity"": 83.0}",-43.0,9.25,0,Normal
2026-08-18 22:25:34,H:83% T:29C,Temp & Humidity,"{""temperature"": 29.0, ""humidity"": 83.0}",-43.0,9.5,0,Normal
2026-08-18 22:25:34,H:83% T:29C,Temp & Humidity,"{""temperature"": 29.0, ""humidity"": 83.0}",-43.0,9.25,0,Normal
2026-08-18 22:25:34,H:83% T:29C,Temp & Humidity,"{""temperature"": 29.0, ""humidity"": 83.0}",-42.0,9.5,0,Normal
2026-08-18 22:25:34,H:83% T:29C,Temp & Humidity,"{""temperature"": 29.0, ""humidity"": 83.0}",-43.0,9.25,0,Normal
2026-08-18 22:25:34,H:83% T:29C,Temp & Humidity,"{""temperature"": 29.0, ""humidity"": 83.0}",-43.0,9.5,0,Normal
2026-08-18 22:25:34,H:83% T:29C,Temp & Humidity,"{""temperature"": 29.0, ""humidity"": 83.0}",-43.0,9.5,0,Normal
2026-08-18 22:25:34,H:83% T:29C,Temp & Humidity,"{""temperature"": 29.0, ""humidity"": 83.0}",-43.0,9.25,0,Normal
2026-08-18 22:25:34,H:83% T:29C,Temp & Humidity,"{""temperature"": 29.0, ""humidity"": 83.0}",-43.0,9.25,0,Normal
2026-08-18 22:25:34,H:83% T:29C,Temp & Humidity,"{""temperature"": 29.0, ""humidity"": 83.0}",-43.0,9.5,0,Normal
2026-08-18 22:25:34,H:83% T:29C,Temp & Humidity,"{""temperature"": 29.0, ""humidity"": 83.0}",-43.0,9.25,0,Normal
2026-08-18 22:25:34,H:83% T:29C,Temp & Humidity,"{""temperature"": 29.0, ""humidity"": 83.0}",-43.0,9.75,0,Normal
2026-08-18 22:25:34,H:83% T:29C,Temp & Humidity,"{""temperature"": 29.0, ""humidity"": 83.0}",-43.0,9.5,0,Normal
2026-08-18 22:25:34,H:83% T:29C,Temp & Humidity,"{""temperature"": 29.0, ""humidity"": 83.0}",-43.0,9.25,0,Normal
2026-08-18 22:25:34,H:83% T:29C,Temp & Humidity,"{""temperature"": 29.0, ""humidity"": 83.0}",-43.0,9.75,0,Normal
2026-08-18 22:25:34,H:83% T:29C,Temp & Humidity,"{""temperature"": 29.0, ""humidity"": 83.0}",-43.0,9.0,0,Normal
2026-08-18 22:25:34,H:83% T:29C,Temp & Humidity,"{""temperature"": 29.0, ""humidity"": 83.0}",-44.0,9.5,0,Normal
2026-08-18 22:25:34,H:83% T:29C,Temp & Humidity,"{""temperature"": 29.0, ""humidity"": 83.0}",-43.0,9.25,0,Normal
2026-08-18 22:25:34,H:83% T:29C,Temp & Humidity,"{""temperature"": 29.0, ""humidity"": 83.0}",-44.0,9.25,0,Normal
2026-08-18 22:25:34,H:83% T:29C,Temp & Humidity,"{""temperature"": 29.0, ""humidity"": 83.0}",-43.0,9.25,0,Normal
2026-08-18 22:25:34,H:83% T:29C,Temp & Humidity,"{""temperature"": 29.0, ""humidity"": 83.0}",-43.0,9.0,0,Normal
2026-08-18 22:25:34,H:83% T:29C,Temp & Humidity,"{""temperature"": 29.0, ""humidity"": 83.0}",-48.0,9.0,0,Normal
2026-08-18 22:25:34,H:83% T:29C,Temp & Humidity,"{""temperature"": 29.0, ""humidity"": 83.0}",-43.0,9.75,0,Normal
2026-08-18 22:25:34,H:83% T:29C,Temp & Humidity,"{""temperature"": 29.0, ""humidity"": 83.0}",-43.0,9.25,0,Normal
2026-08-18 22:25:34,H:83% T:29C,Temp & Humidity,"{""temperature"": 29.0, ""humidity"": 83.0}",-43.0,9.25,0,Normal
2026-08-18 22:25:34,H:83% T:29C,Temp & Humidity,"{""temperature"": 29.0, ""humidity"": 83.0}",-43.0,9.5,0,Normal
2026-08-18 22:25:34,H:83% T:29C,Temp & Humidity,"{""temperature"": 29.0, ""humidity"": 83.0}",-43.0,9.5,0,Normal
2026-08-18 22:25:34,H:83% T:29C,Temp & Humidity,"{""temperature"": 29.0, ""humidity"": 83.0}",-43.0,9.5,0,Normal
2026-08-18 22:25:34,H:83% T:29C,Temp & Humidity,"{""temperature"": 29.0, ""humidity"": 83.0}",-43.0,9.25,0,Normal
2026-08-18 22:25:34,H:83% T:29C,Temp & Humidity,"{""temperature"": 29.0, ""humidity"": 83.0}",-43.0,9.5,0,Normal
2026-08-18 22:25:34,H:83% T:29C,Temp & Humidity,"{""temperature"": 29.0, ""humidity"": 83.0}",-43.0,9.25,0,Normal
2026-08-18 22:25:34,H:83% T:29C,Temp & Humidity,"{""temperature"": 29.0, ""humidity"": 83.0}",-43.0,9.25,0,Normal
2026-08-18 22:25:34,H:83% T:29C,Temp & Humidity,"{""temperature"": 29.0, ""humidity"": 83.0}",-43.0,9.25,0,Normal
2026-08-18 22:25:34,H:83% T:29C,Temp & Humidity,"{""temperature"": 29.0, ""humidity"": 83.0}",-44.0,9.0,0,Normal
2026-08-18 22:25:34,H:83% T:29C,Temp & Humidity,"{""temperature"": 29.0, ""humidity"": 83.0}",-43.0,9.25,0,Normal
2026-08-18 22:25:34,H:83% T:29C,Temp & Humidity,"{""temperature"": 29.0, ""humidity"": 83.0}",-43.0,9.75,0,Normal
2026-08-18 22:25:34,H:83% T:29C,Temp & Humidity,"{""temperature"": 29.0, ""humidity"": 83.0}",-43.0,9.5,0,Normal
2026-08-18 22:25:34,H:83% T:29C,Temp & Humidity,"{""temperature"": 29.0, ""humidity"": 83.0}",-43.0,9.25,0,Normal
2026-08-18 22:25:34,H:83% T:29C,Temp & Humidity,"{""temperature"": 29.0, ""humidity"": 83.0}",-48.0,9.25,0,Normal
2026-08-18 22:25:34,H:83% T:29C,Temp & Humidity,"{""temperature"": 29.0, ""humidity"": 83.0}",-43.0,9.25,0,Normal
2026-08-18 22:25:34,H:83% T:29C,Temp & Humidity,"{""temperature"": 29.0, ""humidity"": 83.0}",-43.0,9.5,0,Normal
2026-08-18 22:25:35,H:83% T:29C,Temp & Humidity,"{""temperature"": 29.0, ""humidity"": 83.0}",-43.0,9.5,0,Normal
2026-08-18 22:25:35,H:83% T:29C,Temp & Humidity,"{""temperature"": 29.0, ""humidity"": 83.0}",-43.0,9.25,0,Normal
2026-08-18 22:25:35,H:83% T:29C,Temp & Humidity,"{""temperature"": 29.0, ""humidity"": 83.0}",-43.0,9.25,0,Normal
2026-08-18 22:25:35,H:84% T:29C,Temp & Humidity,"{""temperature"": 29.0, ""humidity"": 84.0}",-43.0,9.5,1,Sudden Humidity Shift (+1000.0%/min)
2026-08-18 22:25:35,H:83% T:29C,Temp & Humidity,"{""temperature"": 29.0, ""humidity"": 83.0}",-43.0,9.25,1,Sudden Humidity Shift (-1000.0%/min)
2026-08-18 22:25:35,H:84% T:29C,Temp & Humidity,"{""temperature"": 29.0, ""humidity"": 84.0}",-43.0,9.25,1,Sudden Humidity Shift (+1000.0%/min)
2026-08-18 22:25:35,H:83% T:29C,Temp & Humidity,"{""temperature"": 29.0, ""humidity"": 83.0}",-43.0,9.5,1,Sudden Humidity Shift (-1000.0%/min)
2026-08-18 22:25:35,H:84% T:29C,Temp & Humidity,"{""temperature"": 29.0, ""humidity"": 84.0}",-43.0,9.25,1,Sudden Humidity Shift (+1000.0%/min)
2026-08-18 22:25:35,H:84% T:29C,Temp & Humidity,"{""temperature"": 29.0, ""humidity"": 84.0}",-43.0,9.5,0,Normal
2026-08-18 22:25:35,H:83% T:29C,Temp & Humidity,"{""temperature"": 29.0, ""humidity"": 83.0}",-44.0,9.75,1,Sudden Humidity Shift (-1000.0%/min)
2026-08-18 22:25:35,H:84% T:29C,Temp & Humidity,"{""temperature"": 29.0, ""humidity"": 84.0}",-43.0,9.0,0,Normal
2026-08-18 22:25:35,H:84% T:29C,Temp & Humidity,"{""temperature"": 29.0, ""humidity"": 84.0}",-43.0,9.25,0,Normal
2026-08-18 22:25:35,H:84% T:29C,Temp & Humidity,"{""temperature"": 29.0, ""humidity"": 84.0}",-43.0,9.25,0,Normal
2026-08-18 22:25:35,H:84% T:29C,Temp & Humidity,"{""temperature"": 29.0, ""humidity"": 84.0}",-43.0,9.25,0,Normal
2026-08-18 22:25:35,H:84% T:29C,Temp & Humidity,"{""temperature"": 29.0, ""humidity"": 84.0}",-43.0,9.5,0,Normal
2026-08-18 22:25:35,H:84% T:29C,Temp & Humidity,"{""temperature"": 29.0, ""humidity"": 84.0}",-43.0,9.5,0,Normal
2026-08-18 22:25:35,H:84% T:29C,Temp & Humidity,"{""temperature"": 29.0, ""humidity"": 84.0}",-43.0,9.25,0,Normal
2026-08-18 22:25:35,H:84% T:29C,Temp & Humidity,"{""temperature"": 29.0, ""humidity"": 84.0}",-43.0,9.5,0,Normal
2026-08-18 22:25:35,H:84% T:29C,Temp & Humidity,"{""temperature"": 29.0, ""humidity"": 84.0}",-43.0,9.5,0,Normal
2026-08-18 22:25:35,H:83% T:29C,Temp & Humidity,"{""temperature"": 29.0, ""humidity"": 83.0}",-43.0,9.25,0,Normal
2026-08-18 22:25:35,H:84% T:29C,Temp & Humidity,"{""temperature"": 29.0, ""humidity"": 84.0}",-43.0,9.0,0,Normal
2026-08-18 22:25:35,H:84% T:29C,Temp & Humidity,"{""temperature"": 29.0, ""humidity"": 84.0}",-43.0,9.25,0,Normal
2026-08-18 22:25:35,H:84% T:29C,Temp & Humidity,"{""temperature"": 29.0, ""humidity"": 84.0}",-43.0,9.25,0,Normal
2026-08-18 22:25:35,H:84% T:29C,Temp & Humidity,"{""temperature"": 29.0, ""humidity"": 84.0}",-43.0,9.5,0,Normal
2026-08-18 22:25:35,H:84% T:29C,Temp & Humidity,"{""temperature"": 29.0, ""humidity"": 84.0}",-43.0,9.0,0,Normal
2026-08-18 22:25:35,H:84% T:29C,Temp & Humidity,"{""temperature"": 29.0, ""humidity"": 84.0}",-43.0,9.5,0,Normal
2026-08-18 22:25:35,H:83% T:29C,Temp & Humidity,"{""temperature"": 29.0, ""humidity"": 83.0}",-43.0,9.25,0,Normal
2026-08-18 22:25:35,H:84% T:29C,Temp & Humidity,"{""temperature"": 29.0, ""humidity"": 84.0}",-43.0,9.5,0,Normal
2026-08-18 22:25:35,H:84% T:29C,Temp & Humidity,"{""temperature"": 29.0, ""humidity"": 84.0}",-43.0,9.25,0,Normal
2026-08-18 22:25:35,H:84% T:29C,Temp & Humidity,"{""temperature"": 29.0, ""humidity"": 84.0}",-43.0,9.25,0,Normal
2026-08-18 22:25:35,H:84% T:29C,Temp & Humidity,"{""temperature"": 29.0, ""humidity"": 84.0}",-43.0,9.5,0,Normal
2026-08-18 22:25:35,H:83% T:29C,Temp & Humidity,"{""temperature"": 29.0, ""humidity"": 83.0}",-43.0,9.25,0,Normal
2026-08-18 22:25:35,H:84% T:29C,Temp & Humidity,"{""temperature"": 29.0, ""humidity"": 84.0}",-43.0,9.5,0,Normal
2026-08-18 22:25:35,H:83% T:29C,Temp & Humidity,"{""temperature"": 29.0, ""humidity"": 83.0}",-43.0,9.5,0,Normal
2026-08-18 22:25:35,H:84% T:29C,Temp & Humidity,"{""temperature"": 29.0, ""humidity"": 84.0}",-43.0,9.5,0,Normal
2026-08-18 22:25:35,H:83% T:29C,Temp & Humidity,"{""temperature"": 29.0, ""humidity"": 83.0}",-43.0,9.25,0,Normal
2026-08-18 22:25:35,H:84% T:29C,Temp & Humidity,"{""temperature"": 29.0, ""humidity"": 84.0}",-43.0,9.25,0,Normal
2026-08-18 22:25:35,H:83% T:29C,Temp & Humidity,"{""temperature"": 29.0, ""humidity"": 83.0}",-43.0,9.5,0,Normal
2026-08-18 22:25:35,H:83% T:29C,Temp & Humidity,"{""temperature"": 29.0, ""humidity"": 83.0}",-43.0,9.5,0,Normal
2026-08-18 22:25:35,H:83% T:29C,Temp & Humidity,"{""temperature"": 29.0, ""humidity"": 83.0}",-43.0,9.25,0,Normal
2026-08-18 22:25:35,H:83% T:29C,Temp & Humidity,"{""temperature"": 29.0, ""humidity"": 83.0}",-43.0,9.75,0,Normal
2026-08-18 22:25:35,H:83% T:29C,Temp & Humidity,"{""temperature"": 29.0, ""humidity"": 83.0}",-43.0,9.25,0,Normal
2026-08-18 22:25:35,H:83% T:29C,Temp & Humidity,"{""temperature"": 29.0, ""humidity"": 83.0}",-43.0,9.25,0,Normal
2026-08-18 22:25:35,H:83% T:29C,Temp & Humidity,"{""temperature"": 29.0, ""humidity"": 83.0}",-43.0,9.25,0,Normal
2026-08-18 22:25:35,H:83% T:29C,Temp & Humidity,"{""temperature"": 29.0, ""humidity"": 83.0}",-43.0,9.5,0,Normal
2026-08-18 22:25:35,H:83% T:29C,Temp & Humidity,"{""temperature"": 29.0, ""humidity"": 83.0}",-43.0,9.25,0,Normal
2026-08-18 22:25:35,H:83% T:29C,Temp & Humidity,"{""temperature"": 29.0, ""humidity"": 83.0}",-43.0,9.0,0,Normal
2026-08-18 22:25:35,H:83% T:29C,Temp & Humidity,"{""temperature"": 29.0, ""humidity"": 83.0}",-43.0,9.5,0,Normal
2026-08-18 22:25:35,H:83% T:29C,Temp & Humidity,"{""temperature"": 29.0, ""humidity"": 83.0}",-43.0,9.25,0,Normal
2026-08-18 22:25:35,H:83% T:29C,Temp & Humidity,"{""temperature"": 29.0, ""humidity"": 83.0}",-43.0,9.25,0,Normal
2026-08-18 22:25:35,H:83% T:29C,Temp & Humidity,"{""temperature"": 29.0, ""humidity"": 83.0}",-43.0,9.25,0,Normal
2026-08-18 22:25:35,H:83% T:29C,Temp & Humidity,"{""temperature"": 29.0, ""humidity"": 83.0}",-43.0,9.5,0,Normal
2026-08-18 22:25:35,H:83% T:29C,Temp & Humidity,"{""temperature"": 29.0, ""humidity"": 83.0}",-43.0,9.75,0,Normal
2026-08-18 22:25:35,H:83% T:29C,Temp & Humidity,"{""temperature"": 29.0, ""humidity"": 83.0}",-43.0,9.25,0,Normal
2026-08-18 22:25:35,H:83% T:29C,Temp & Humidity,"{""temperature"": 29.0, ""humidity"": 83.0}",-43.0,9.5,0,Normal
2026-08-18 22:25:35,H:83% T:29C,Temp & Humidity,"{""temperature"": 29.0, ""humidity"": 83.0}",-42.0,9.0,0,Normal
2026-08-18 22:25:35,H:83% T:29C,Temp & Humidity,"{""temperature"": 29.0, ""humidity"": 83.0}",-43.0,9.75,0,Normal
2026-08-18 22:25:35,H:83% T:29C,Temp & Humidity,"{""temperature"": 29.0, ""humidity"": 83.0}",-43.0,9.0,0,Normal
2026-08-18 22:25:35,H:83% T:29C,Temp & Humidity,"{""temperature"": 29.0, ""humidity"": 83.0}",-43.0,9.75,0,Normal
2026-08-18 22:25:35,H:83% T:29C,Temp & Humidity,"{""temperature"": 29.0, ""humidity"": 83.0}",-43.0,9.75,0,Normal
2026-08-18 22:25:35,H:83% T:29C,Temp & Humidity,"{""temperature"": 29.0, ""humidity"": 83.0}",-43.0,9.75,0,Normal
2026-08-18 22:25:35,H:83% T:29C,Temp & Humidity,"{""temperature"": 29.0, ""humidity"": 83.0}",-43.0,9.5,0,Normal
2026-08-18 22:25:35,H:83% T:29C,Temp & Humidity,"{""temperature"": 29.0, ""humidity"": 83.0}",-43.0,9.25,0,Normal
2026-08-18 22:25:35,H:83% T:29C,Temp & Humidity,"{""temperature"": 29.0, ""humidity"": 83.0}",-43.0,9.5,0,Normal
2026-08-18 22:25:35,H:83% T:29C,Temp & Humidity,"{""temperature"": 29.0, ""humidity"": 83.0}",-43.0,9.25,0,Normal
2026-08-18 22:25:35,H:83% T:29C,Temp & Humidity,"{""temperature"": 29.0, ""humidity"": 83.0}",-43.0,9.25,0,Normal
2026-08-18 22:25:35,H:83% T:29C,Temp & Humidity,"{""temperature"": 29.0, ""humidity"": 83.0}",-43.0,9.0,0,Normal
2026-08-18 22:25:35,H:83% T:29C,Temp & Humidity,"{""temperature"": 29.0, ""humidity"": 83.0}",-43.0,9.25,0,Normal
2026-08-18 22:25:35,H:83% T:29C,Temp & Humidity,"{""temperature"": 29.0, ""humidity"": 83.0}",-43.0,9.0,0,Normal
2026-08-18 22:25:35,H:83% T:29C,Temp & Humidity,"{""temperature"": 29.0, ""humidity"": 83.0}",-43.0,9.25,0,Normal
2026-08-18 22:25:35,H:83% T:29C,Temp & Humidity,"{""temperature"": 29.0, ""humidity"": 83.0}",-48.0,9.0,0,Normal
2026-08-18 22:25:35,H:83% T:29C,Temp & Humidity,"{""temperature"": 29.0, ""humidity"": 83.0}",-43.0,9.25,0,Normal
2026-08-18 22:25:35,H:83% T:29C,Temp & Humidity,"{""temperature"": 29.0, ""humidity"": 83.0}",-43.0,9.25,0,Normal
2026-08-18 22:25:35,H:83% T:29C,Temp & Humidity,"{""temperature"": 29.0, ""humidity"": 83.0}",-43.0,9.25,0,Normal
2026-08-18 22:25:35,H:83% T:29C,Temp & Humidity,"{""temperature"": 29.0, ""humidity"": 83.0}",-48.0,9.0,0,Normal
2026-08-18 22:25:35,H:83% T:29C,Temp & Humidity,"{""temperature"": 29.0, ""humidity"": 83.0}",-43.0,9.5,0,Normal
2026-08-18 22:25:35,H:83% T:29C,Temp & Humidity,"{""temperature"": 29.0, ""humidity"": 83.0}",-49.0,9.0,1,Isolation Forest ML Outlier
2026-08-18 22:25:35,H:83% T:29C,Temp & Humidity,"{""temperature"": 29.0, ""humidity"": 83.0}",-43.0,9.25,0,Normal
2026-08-18 22:25:35,H:83% T:29C,Temp & Humidity,"{""temperature"": 29.0, ""humidity"": 83.0}",-43.0,9.5,0,Normal
2026-08-18 22:25:35,H:83% T:29C,Temp & Humidity,"{""temperature"": 29.0, ""humidity"": 83.0}",-43.0,9.25,0,Normal
2026-08-18 22:25:35,H:83% T:29C,Temp & Humidity,"{""temperature"": 29.0, ""humidity"": 83.0}",-43.0,9.75,0,Normal
2026-08-18 22:25:35,H:83% T:29C,Temp & Humidity,"{""temperature"": 29.0, ""humidity"": 83.0}",-43.0,9.5,0,Normal
2026-08-18 22:25:35,H:83% T:29C,Temp & Humidity,"{""temperature"": 29.0, ""humidity"": 83.0}",-43.0,9.5,0,Normal
2026-08-18 22:25:35,H:83% T:29C,Temp & Humidity,"{""temperature"": 29.0, ""humidity"": 83.0}",-44.0,9.25,0,Normal
2026-08-18 22:25:35,H:83% T:29C,Temp & Humidity,"{""temperature"": 29.0, ""humidity"": 83.0}",-43.0,9.25,0,Normal
2026-08-18 22:25:35,H:83% T:29C,Temp & Humidity,"{""temperature"": 29.0, ""humidity"": 83.0}",-43.0,9.25,0,Normal
2026-08-18 22:25:35,H:83% T:29C,Temp & Humidity,"{""temperature"": 29.0, ""humidity"": 83.0}",-43.0,9.0,0,Normal
2026-08-18 22:25:35,H:83% T:29C,Temp & Humidity,"{""temperature"": 29.0, ""humidity"": 83.0}",-43.0,9.25,0,Normal
2026-08-18 22:25:35,H:83% T:29C,Temp & Humidity,"{""temperature"": 29.0, ""humidity"": 83.0}",-43.0,9.25,0,Normal
2026-08-18 22:25:35,H:83% T:29C,Temp & Humidity,"{""temperature"": 29.0, ""humidity"": 83.0}",-43.0,9.75,0,Normal
2026-08-18 22:25:35,H:83% T:29C,Temp & Humidity,"{""temperature"": 29.0, ""humidity"": 83.0}",-43.0,9.5,0,Normal
2026-08-18 22:25:35,H:83% T:29C,Temp & Humidity,"{""temperature"": 29.0, ""humidity"": 83.0}",-43.0,9.5,0,Normal
2026-08-18 22:25:35,H:83% T:29C,Temp & Humidity,"{""temperature"": 29.0, ""humidity"": 83.0}",-43.0,9.25,0,Normal
2026-08-18 22:25:35,H:83% T:29C,Temp & Humidity,"{""temperature"": 29.0, ""humidity"": 83.0}",-43.0,9.25,0,Normal
2026-08-18 22:25:35,H:83% T:29C,Temp & Humidity,"{""temperature"": 29.0, ""humidity"": 83.0}",-43.0,9.5,0,Normal
2026-08-18 22:25:35,H:83% T:29C,Temp & Humidity,"{""temperature"": 29.0, ""humidity"": 83.0}",-43.0,9.25,0,Normal
2026-08-18 22:25:35,H:83% T:29C,Temp & Humidity,"{""temperature"": 29.0, ""humidity"": 83.0}",-43.0,9.5,0,Normal
2026-08-18 22:25:35,H:83% T:29C,Temp & Humidity,"{""temperature"": 29.0, ""humidity"": 83.0}",-43.0,9.5,0,Normal
2026-08-18 22:25:35,H:83% T:29C,Temp & Humidity,"{""temperature"": 29.0, ""humidity"": 83.0}",-48.0,9.25,0,Normal
2026-08-18 22:25:35,H:83% T:29C,Temp & Humidity,"{""temperature"": 29.0, ""humidity"": 83.0}",-43.0,9.75,0,Normal
2026-08-18 22:25:35,H:83% T:29C,Temp & Humidity,"{""temperature"": 29.0, ""humidity"": 83.0}",-43.0,9.25,0,Normal
2026-08-18 22:25:35,H:83% T:29C,Temp & Humidity,"{""temperature"": 29.0, ""humidity"": 83.0}",-43.0,9.5,0,Normal
2026-08-18 22:25:35,H:83% T:29C,Temp & Humidity,"{""temperature"": 29.0, ""humidity"": 83.0}",-43.0,9.0,0,Normal
2026-08-18 22:25:35,H:83% T:29C,Temp & Humidity,"{""temperature"": 29.0, ""humidity"": 83.0}",-43.0,9.0,0,Normal
2026-08-18 22:25:35,H:83% T:29C,Temp & Humidity,"{""temperature"": 29.0, ""humidity"": 83.0}",-43.0,9.25,0,Normal
2026-08-18 22:25:35,H:83% T:29C,Temp & Humidity,"{""temperature"": 29.0, ""humidity"": 83.0}",-43.0,9.5,0,Normal
2026-08-18 22:25:35,H:83% T:29C,Temp & Humidity,"{""temperature"": 29.0, ""humidity"": 83.0}",-43.0,9.25,0,Normal
2026-08-18 22:25:35,H:83% T:29C,Temp & Humidity,"{""temperature"": 29.0, ""humidity"": 83.0}",-43.0,9.5,0,Normal
2026-08-18 22:25:35,H:83% T:29C,Temp & Humidity,"{""temperature"": 29.0, ""humidity"": 83.0}",-43.0,10.25,0,Normal
2026-08-18 22:25:35,H:83% T:29C,Temp & Humidity,"{""temperature"": 29.0, ""humidity"": 83.0}",-43.0,9.25,0,Normal
2026-08-18 22:25:35,H:83% T:29C,Temp & Humidity,"{""temperature"": 29.0, ""humidity"": 83.0}",-43.0,9.25,0,Normal
2026-08-18 22:25:35,H:83% T:29C,Temp & Humidity,"{""temperature"": 29.0, ""humidity"": 83.0}",-48.0,9.25,0,Normal
2026-08-18 22:25:35,H:83% T:29C,Temp & Humidity,"{""temperature"": 29.0, ""humidity"": 83.0}",-43.0,9.5,0,Normal
2026-08-18 22:25:35,H:83% T:29C,Temp & Humidity,"{""temperature"": 29.0, ""humidity"": 83.0}",-43.0,9.25,0,Normal
2026-08-18 22:25:35,H:83% T:29C,Temp & Humidity,"{""temperature"": 29.0, ""humidity"": 83.0}",-43.0,9.5,0,Normal
2026-08-18 22:25:35,H:83% T:29C,Temp & Humidity,"{""temperature"": 29.0, ""humidity"": 83.0}",-43.0,9.25,0,Normal
2026-08-18 22:25:35,H:83% T:29C,Temp & Humidity,"{""temperature"": 29.0, ""humidity"": 83.0}",-43.0,9.0,0,Normal
2026-08-18 22:25:35,H:83% T:29C,Temp & Humidity,"{""temperature"": 29.0, ""humidity"": 83.0}",-43.0,9.25,0,Normal
2026-08-18 22:25:35,H:83% T:29C,Temp & Humidity,"{""temperature"": 29.0, ""humidity"": 83.0}",-43.0,9.0,0,Normal
2026-08-18 22:25:35,H:83% T:29C,Temp & Humidity,"{""temperature"": 29.0, ""humidity"": 83.0}",-43.0,9.75,0,Normal
2026-08-18 22:25:35,H:83% T:29C,Temp & Humidity,"{""temperature"": 29.0, ""humidity"": 83.0}",-43.0,9.5,0,Normal
2026-08-18 22:25:35,H:83% T:29C,Temp & Humidity,"{""temperature"": 29.0, ""humidity"": 83.0}",-43.0,9.0,0,Normal
2026-08-18 22:25:35,H:83% T:29C,Temp & Humidity,"{""temperature"": 29.0, ""humidity"": 83.0}",-43.0,9.0,0,Normal
2026-08-18 22:25:35,H:83% T:29C,Temp & Humidity,"{""temperature"": 29.0, ""humidity"": 83.0}",-43.0,9.25,0,Normal
2026-08-18 22:25:35,H:83% T:29C,Temp & Humidity,"{""temperature"": 29.0, ""humidity"": 83.0}",-43.0,9.5,0,Normal
2026-08-18 22:25:35,H:83% T:29C,Temp & Humidity,"{""temperature"": 29.0, ""humidity"": 83.0}",-43.0,9.5,0,Normal
2026-08-18 22:25:35,H:83% T:29C,Temp & Humidity,"{""temperature"": 29.0, ""humidity"": 83.0}",-43.0,9.0,0,Normal
2026-08-18 22:25:35,H:83% T:29C,Temp & Humidity,"{""temperature"": 29.0, ""humidity"": 83.0}",-43.0,9.0,0,Normal
2026-08-18 22:25:35,H:83% T:29C,Temp & Humidity,"{""temperature"": 29.0, ""humidity"": 83.0}",-43.0,9.5,0,Normal
2026-08-18 22:25:35,H:83% T:29C,Temp & Humidity,"{""temperature"": 29.0, ""humidity"": 83.0}",-43.0,9.0,0,Normal
2026-08-18 22:25:35,H:83% T:29C,Temp & Humidity,"{""temperature"": 29.0, ""humidity"": 83.0}",-43.0,9.0,0,Normal
2026-08-18 22:25:35,H:83% T:29C,Temp & Humidity,"{""temperature"": 29.0, ""humidity"": 83.0}",-43.0,9.75,0,Normal
2026-08-18 22:25:35,H:83% T:29C,Temp & Humidity,"{""temperature"": 29.0, ""humidity"": 83.0}",-43.0,9.25,0,Normal
2026-08-18 22:25:35,H:83% T:29C,Temp & Humidity,"{""temperature"": 29.0, ""humidity"": 83.0}",-42.0,9.5,0,Normal
2026-08-18 22:25:35,H:83% T:29C,Temp & Humidity,"{""temperature"": 29.0, ""humidity"": 83.0}",-43.0,9.5,0,Normal
2026-08-18 22:25:35,H:83% T:29C,Temp & Humidity,"{""temperature"": 29.0, ""humidity"": 83.0}",-43.0,9.5,0,Normal
2026-08-18 22:25:35,H:83% T:29C,Temp & Humidity,"{""temperature"": 29.0, ""humidity"": 83.0}",-43.0,9.25,0,Normal
2026-08-18 22:25:35,H:83% T:29C,Temp & Humidity,"{""temperature"": 29.0, ""humidity"": 83.0}",-43.0,9.25,0,Normal
2026-08-18 22:25:35,H:83% T:29C,Temp & Humidity,"{""temperature"": 29.0, ""humidity"": 83.0}",-43.0,9.5,0,Normal
2026-08-18 22:25:35,H:83% T:29C,Temp & Humidity,"{""temperature"": 29.0, ""humidity"": 83.0}",-43.0,9.5,0,Normal
2026-08-18 22:25:35,H:83% T:29C,Temp & Humidity,"{""temperature"": 29.0, ""humidity"": 83.0}",-48.0,9.5,0,Normal
2026-08-18 22:25:35,H:83% T:29C,Temp & Humidity,"{""temperature"": 29.0, ""humidity"": 83.0}",-43.0,9.25,0,Normal
2026-08-18 22:25:35,H:83% T:29C,Temp & Humidity,"{""temperature"": 29.0, ""humidity"": 83.0}",-43.0,9.25,0,Normal
2026-08-18 22:25:35,H:83% T:29C,Temp & Humidity,"{""temperature"": 29.0, ""humidity"": 83.0}",-43.0,9.25,0,Normal
2026-08-18 22:25:35,H:83% T:29C,Temp & Humidity,"{""temperature"": 29.0, ""humidity"": 83.0}",-43.0,9.25,0,Normal
2026-08-18 22:25:35,H:83% T:29C,Temp & Humidity,"{""temperature"": 29.0, ""humidity"": 83.0}",-43.0,9.5,0,Normal
2026-08-18 22:25:35,H:83% T:29C,Temp & Humidity,"{""temperature"": 29.0, ""humidity"": 83.0}",-43.0,9.25,0,Normal
2026-08-18 22:25:35,H:83% T:29C,Temp & Humidity,"{""temperature"": 29.0, ""humidity"": 83.0}",-43.0,9.5,0,Normal
2026-08-18 22:25:35,H:83% T:29C,Temp & Humidity,"{""temperature"": 29.0, ""humidity"": 83.0}",-43.0,9.0,0,Normal
2026-08-18 22:25:35,H:83% T:29C,Temp & Humidity,"{""temperature"": 29.0, ""humidity"": 83.0}",-43.0,9.25,0,Normal
2026-08-18 22:25:35,H:83% T:29C,Temp & Humidity,"{""temperature"": 29.0, ""humidity"": 83.0}",-43.0,9.25,0,Normal
2026-08-18 22:25:35,H:83% T:29C,Temp & Humidity,"{""temperature"": 29.0, ""humidity"": 83.0}",-43.0,9.5,0,Normal
2026-08-18 22:25:35,H:83% T:29C,Temp & Humidity,"{""temperature"": 29.0, ""humidity"": 83.0}",-43.0,9.25,0,Normal
2026-08-18 22:25:35,H:83% T:29C,Temp & Humidity,"{""temperature"": 29.0, ""humidity"": 83.0}",-43.0,9.25,0,Normal
2026-08-18 22:25:35,H:83% T:29C,Temp & Humidity,"{""temperature"": 29.0, ""humidity"": 83.0}",-43.0,9.25,0,Normal
2026-08-18 22:25:35,H:83% T:29C,Temp & Humidity,"{""temperature"": 29.0, ""humidity"": 83.0}",-43.0,9.5,0,Normal
2026-08-18 22:25:35,H:83% T:29C,Temp & Humidity,"{""temperature"": 29.0, ""humidity"": 83.0}",-43.0,9.25,0,Normal
2026-08-18 22:25:35,H:83% T:29C,Temp & Humidity,"{""temperature"": 29.0, ""humidity"": 83.0}",-43.0,9.0,0,Normal
2026-08-18 22:25:35,H:83% T:29C,Temp & Humidity,"{""temperature"": 29.0, ""humidity"": 83.0}",-43.0,9.25,0,Normal
2026-08-18 22:25:35,H:83% T:29C,Temp & Humidity,"{""temperature"": 29.0, ""humidity"": 83.0}",-43.0,9.25,0,Normal
2026-08-18 22:25:35,H:83% T:29C,Temp & Humidity,"{""temperature"": 29.0, ""humidity"": 83.0}",-43.0,9.25,0,Normal
2026-08-18 22:25:35,H:83% T:29C,Temp & Humidity,"{""temperature"": 29.0, ""humidity"": 83.0}",-43.0,9.0,0,Normal
2026-08-18 22:25:35,H:83% T:29C,Temp & Humidity,"{""temperature"": 29.0, ""humidity"": 83.0}",-43.0,9.25,0,Normal
2026-08-18 22:25:35,H:83% T:29C,Temp & Humidity,"{""temperature"": 29.0, ""humidity"": 83.0}",-43.0,9.25,0,Normal
2026-08-18 22:25:35,H:83% T:29C,Temp & Humidity,"{""temperature"": 29.0, ""humidity"": 83.0}",-43.0,9.25,0,Normal
2026-08-18 22:25:35,H:83% T:29C,Temp & Humidity,"{""temperature"": 29.0, ""humidity"": 83.0}",-43.0,9.25,0,Normal
2026-08-18 22:25:35,H:83% T:29C,Temp & Humidity,"{""temperature"": 29.0, ""humidity"": 83.0}",-43.0,9.25,0,Normal
2026-08-18 22:25:35,H:83% T:29C,Temp & Humidity,"{""temperature"": 29.0, ""humidity"": 83.0}",-43.0,9.75,0,Normal
2026-08-18 22:25:35,H:83% T:29C,Temp & Humidity,"{""temperature"": 29.0, ""humidity"": 83.0}",-43.0,9.0,0,Normal
2026-08-18 22:25:35,H:83% T:29C,Temp & Humidity,"{""temperature"": 29.0, ""humidity"": 83.0}",-43.0,9.5,0,Normal
2026-08-18 22:25:35,H:83% T:29C,Temp & Humidity,"{""temperature"": 29.0, ""humidity"": 83.0}",-43.0,9.5,0,Normal
2026-08-18 22:25:35,H:83% T:29C,Temp & Humidity,"{""temperature"": 29.0, ""humidity"": 83.0}",-43.0,9.25,0,Normal
2026-08-18 22:25:35,H:83% T:29C,Temp & Humidity,"{""temperature"": 29.0, ""humidity"": 83.0}",-43.0,9.25,0,Normal
2026-08-18 22:25:35,H:83% T:29C,Temp & Humidity,"{""temperature"": 29.0, ""humidity"": 83.0}",-43.0,9.5,0,Normal
2026-08-18 22:25:35,H:83% T:29C,Temp & Humidity,"{""temperature"": 29.0, ""humidity"": 83.0}",-43.0,9.5,0,Normal
2026-08-18 22:25:35,H:83% T:29C,Temp & Humidity,"{""temperature"": 29.0, ""humidity"": 83.0}",-43.0,9.25,0,Normal
2026-08-18 22:25:35,H:83% T:29C,Temp & Humidity,"{""temperature"": 29.0, ""humidity"": 83.0}",-43.0,9.0,0,Normal
2026-08-18 22:25:35,H:83% T:29C,Temp & Humidity,"{""temperature"": 29.0, ""humidity"": 83.0}",-43.0,9.25,0,Normal
2026-08-18 22:25:35,H:83% T:29C,Temp & Humidity,"{""temperature"": 29.0, ""humidity"": 83.0}",-43.0,9.25,0,Normal
2026-08-18 22:25:35,H:83% T:29C,Temp & Humidity,"{""temperature"": 29.0, ""humidity"": 83.0}",-43.0,9.25,0,Normal
2026-08-18 22:25:35,H:83% T:29C,Temp & Humidity,"{""temperature"": 29.0, ""humidity"": 83.0}",-43.0,9.5,0,Normal
2026-08-18 22:25:35,H:83% T:29C,Temp & Humidity,"{""temperature"": 29.0, ""humidity"": 83.0}",-43.0,9.25,0,Normal
2026-08-18 22:25:35,H:83% T:29C,Temp & Humidity,"{""temperature"": 29.0, ""humidity"": 83.0}",-43.0,9.25,0,Normal
2026-08-18 22:25:35,H:83% T:29C,Temp & Humidity,"{""temperature"": 29.0, ""humidity"": 83.0}",-43.0,9.25,0,Normal
2026-08-18 22:25:35,H:83% T:29C,Temp & Humidity,"{""temperature"": 29.0, ""humidity"": 83.0}",-43.0,9.25,0,Normal
2026-08-18 22:25:35,H:83% T:29C,Temp & Humidity,"{""temperature"": 29.0, ""humidity"": 83.0}",-44.0,9.25,0,Normal
2026-08-18 22:25:35,H:83% T:29C,Temp & Humidity,"{""temperature"": 29.0, ""humidity"": 83.0}",-43.0,9.75,0,Normal
2026-08-18 22:25:35,H:83% T:29C,Temp & Humidity,"{""temperature"": 29.0, ""humidity"": 83.0}",-42.0,9.25,0,Normal
2026-08-18 22:25:35,H:83% T:29C,Temp & Humidity,"{""temperature"": 29.0, ""humidity"": 83.0}",-43.0,9.25,0,Normal
2026-08-18 22:25:35,H:83% T:29C,Temp & Humidity,"{""temperature"": 29.0, ""humidity"": 83.0}",-43.0,9.0,0,Normal
2026-08-18 22:25:35,H:83% T:29C,Temp & Humidity,"{""temperature"": 29.0, ""humidity"": 83.0}",-43.0,9.5,0,Normal
2026-08-18 22:25:35,H:83% T:29C,Temp & Humidity,"{""temperature"": 29.0, ""humidity"": 83.0}",-43.0,10.5,0,Normal
2026-08-18 22:25:35,H:83% T:29C,Temp & Humidity,"{""temperature"": 29.0, ""humidity"": 83.0}",-43.0,9.25,0,Normal
2026-08-18 22:25:35,H:83% T:29C,Temp & Humidity,"{""temperature"": 29.0, ""humidity"": 83.0}",-43.0,9.25,0,Normal
2026-08-18 22:25:35,H:83% T:29C,Temp & Humidity,"{""temperature"": 29.0, ""humidity"": 83.0}",-43.0,9.75,0,Normal
2026-08-18 22:25:35,H:83% T:29C,Temp & Humidity,"{""temperature"": 29.0, ""humidity"": 83.0}",-43.0,9.5,0,Normal
2026-08-18 22:25:35,H:83% T:29C,Temp & Humidity,"{""temperature"": 29.0, ""humidity"": 83.0}",-43.0,9.5,0,Normal
2026-08-18 22:25:35,H:83% T:29C,Temp & Humidity,"{""temperature"": 29.0, ""humidity"": 83.0}",-43.0,9.25,0,Normal
2026-08-18 22:25:35,H:83% T:29C,Temp & Humidity,"{""temperature"": 29.0, ""humidity"": 83.0}",-43.0,9.25,0,Normal
2026-08-18 22:25:35,H:83% T:29C,Temp & Humidity,"{""temperature"": 29.0, ""humidity"": 83.0}",-43.0,9.5,0,Normal
2026-08-18 22:25:35,H:83% T:29C,Temp & Humidity,"{""temperature"": 29.0, ""humidity"": 83.0}",-43.0,9.0,0,Normal
2026-08-18 22:25:35,H:83% T:29C,Temp & Humidity,"{""temperature"": 29.0, ""humidity"": 83.0}",-43.0,9.0,0,Normal
2026-08-18 22:25:35,H:83% T:29C,Temp & Humidity,"{""temperature"": 29.0, ""humidity"": 83.0}",-43.0,9.25,0,Normal
2026-08-18 22:25:35,H:83% T:29C,Temp & Humidity,"{""temperature"": 29.0, ""humidity"": 83.0}",-43.0,9.5,0,Normal
2026-08-18 22:25:35,H:83% T:29C,Temp & Humidity,"{""temperature"": 29.0, ""humidity"": 83.0}",-43.0,9.0,0,Normal
2026-08-18 22:25:35,H:83% T:29C,Temp & Humidity,"{""temperature"": 29.0, ""humidity"": 83.0}",-43.0,9.5,0,Normal
2026-08-18 22:25:35,H:83% T:29C,Temp & Humidity,"{""temperature"": 29.0, ""humidity"": 83.0}",-42.0,9.25,0,Normal
2026-08-18 22:25:35,H:83% T:29C,Temp & Humidity,"{""temperature"": 29.0, ""humidity"": 83.0}",-43.0,9.0,0,Normal
2026-08-18 22:25:35,H:83% T:29C,Temp & Humidity,"{""temperature"": 29.0, ""humidity"": 83.0}",-43.0,9.75,0,Normal
2026-08-18 22:25:35,H:83% T:29C,Temp & Humidity,"{""temperature"": 29.0, ""humidity"": 83.0}",-43.0,9.0,0,Normal
2026-08-18 22:25:35,H:83% T:29C,Temp & Humidity,"{""temperature"": 29.0, ""humidity"": 83.0}",-43.0,9.75,0,Normal
2026-08-18 22:25:35,H:83% T:29C,Temp & Humidity,"{""temperature"": 29.0, ""humidity"": 83.0}",-44.0,9.5,0,Normal
2026-08-18 22:25:35,H:83% T:29C,Temp & Humidity,"{""temperature"": 29.0, ""humidity"": 83.0}",-43.0,9.0,0,Normal
2026-08-18 22:25:35,H:83% T:29C,Temp & Humidity,"{""temperature"": 29.0, ""humidity"": 83.0}",-43.0,9.0,0,Normal
2026-08-18 22:25:35,H:83% T:29C,Temp & Humidity,"{""temperature"": 29.0, ""humidity"": 83.0}",-43.0,9.5,0,Normal
2026-08-18 22:25:35,H:83% T:29C,Temp & Humidity,"{""temperature"": 29.0, ""humidity"": 83.0}",-43.0,9.25,0,Normal
2026-08-18 22:25:35,H:83% T:29C,Temp & Humidity,"{""temperature"": 29.0, ""humidity"": 83.0}",-43.0,9.25,0,Normal
2026-08-18 22:25:35,H:83% T:29C,Temp & Humidity,"{""temperature"": 29.0, ""humidity"": 83.0}",-42.0,9.25,0,Normal
2026-08-18 22:25:35,H:83% T:29C,Temp & Humidity,"{""temperature"": 29.0, ""humidity"": 83.0}",-43.0,9.25,0,Normal
2026-08-18 22:25:35,H:83% T:29C,Temp & Humidity,"{""temperature"": 29.0, ""humidity"": 83.0}",-43.0,12.25,0,Normal
2026-08-18 22:25:35,H:83% T:29C,Temp & Humidity,"{""temperature"": 29.0, ""humidity"": 83.0}",-43.0,9.5,0,Normal
2026-08-18 22:25:35,H:83% T:29C,Temp & Humidity,"{""temperature"": 29.0, ""humidity"": 83.0}",-43.0,9.5,0,Normal
2026-08-18 22:25:35,H:83% T:29C,Temp & Humidity,"{""temperature"": 29.0, ""humidity"": 83.0}",-43.0,9.25,0,Normal
2026-08-18 22:25:35,H:83% T:29C,Temp & Humidity,"{""temperature"": 29.0, ""humidity"": 83.0}",-48.0,9.25,0,Normal
2026-08-18 22:25:35,H:83% T:29C,Temp & Humidity,"{""temperature"": 29.0, ""humidity"": 83.0}",-43.0,9.5,0,Normal
2026-08-18 22:25:35,H:83% T:29C,Temp & Humidity,"{""temperature"": 29.0, ""humidity"": 83.0}",-43.0,9.25,0,Normal
2026-08-18 22:25:35,H:83% T:29C,Temp & Humidity,"{""temperature"": 29.0, ""humidity"": 83.0}",-43.0,9.25,0,Normal
2026-08-18 22:25:35,H:83% T:29C,Temp & Humidity,"{""temperature"": 29.0, ""humidity"": 83.0}",-43.0,9.25,0,Normal
2026-08-18 22:25:35,H:83% T:29C,Temp & Humidity,"{""temperature"": 29.0, ""humidity"": 83.0}",-43.0,9.25,0,Normal
2026-08-18 22:25:35,H:83% T:29C,Temp & Humidity,"{""temperature"": 29.0, ""humidity"": 83.0}",-43.0,9.5,0,Normal
2026-08-18 22:25:35,H:83% T:29C,Temp & Humidity,"{""temperature"": 29.0, ""humidity"": 83.0}",-43.0,9.25,0,Normal
2026-08-18 22:25:35,H:83% T:29C,Temp & Humidity,"{""temperature"": 29.0, ""humidity"": 83.0}",-43.0,9.0,0,Normal
2026-08-18 22:25:35,H:83% T:29C,Temp & Humidity,"{""temperature"": 29.0, ""humidity"": 83.0}",-43.0,9.25,0,Normal
2026-08-18 22:25:35,H:83% T:29C,Temp & Humidity,"{""temperature"": 29.0, ""humidity"": 83.0}",-43.0,9.25,0,Normal
2026-08-18 22:25:35,H:83% T:29C,Temp & Humidity,"{""temperature"": 29.0, ""humidity"": 83.0}",-42.0,9.25,0,Normal
2026-08-18 22:25:35,H:83% T:29C,Temp & Humidity,"{""temperature"": 29.0, ""humidity"": 83.0}",-43.0,9.0,0,Normal
2026-08-18 22:25:35,H:83% T:29C,Temp & Humidity,"{""temperature"": 29.0, ""humidity"": 83.0}",-43.0,9.25,0,Normal
2026-08-18 22:25:35,H:83% T:29C,Temp & Humidity,"{""temperature"": 29.0, ""humidity"": 83.0}",-43.0,9.5,0,Normal
2026-08-18 22:25:35,H:83% T:29C,Temp & Humidity,"{""temperature"": 29.0, ""humidity"": 83.0}",-43.0,9.0,0,Normal
2026-08-18 22:25:35,H:83% T:29C,Temp & Humidity,"{""temperature"": 29.0, ""humidity"": 83.0}",-43.0,9.5,0,Normal
2026-08-18 22:25:35,H:83% T:29C,Temp & Humidity,"{""temperature"": 29.0, ""humidity"": 83.0}",-43.0,9.0,0,Normal
2026-08-18 22:25:35,H:83% T:29C,Temp & Humidity,"{""temperature"": 29.0, ""humidity"": 83.0}",-42.0,9.0,0,Normal
2026-08-18 22:25:35,H:83% T:29C,Temp & Humidity,"{""temperature"": 29.0, ""humidity"": 83.0}",-43.0,9.25,0,Normal
2026-08-18 22:25:35,H:83% T:29C,Temp & Humidity,"{""temperature"": 29.0, ""humidity"": 83.0}",-43.0,9.75,0,Normal
2026-08-18 22:25:35,H:83% T:29C,Temp & Humidity,"{""temperature"": 29.0, ""humidity"": 83.0}",-43.0,9.0,0,Normal
2026-08-18 22:25:35,H:83% T:29C,Temp & Humidity,"{""temperature"": 29.0, ""humidity"": 83.0}",-43.0,9.25,0,Normal
2026-08-18 22:25:35,H:83% T:29C,Temp & Humidity,"{""temperature"": 29.0, ""humidity"": 83.0}",-43.0,9.5,0,Normal
2026-08-18 22:25:35,H:83% T:29C,Temp & Humidity,"{""temperature"": 29.0, ""humidity"": 83.0}",-43.0,9.5,0,Normal
2026-08-18 22:25:35,H:83% T:29C,Temp & Humidity,"{""temperature"": 29.0, ""humidity"": 83.0}",-43.0,9.25,0,Normal
2026-08-18 22:25:35,H:83% T:29C,Temp & Humidity,"{""temperature"": 29.0, ""humidity"": 83.0}",-43.0,9.5,0,Normal
2026-08-18 22:25:35,H:83% T:29C,Temp & Humidity,"{""temperature"": 29.0, ""humidity"": 83.0}",-43.0,9.25,0,Normal
2026-08-18 22:25:35,H:83% T:29C,Temp & Humidity,"{""temperature"": 29.0, ""humidity"": 83.0}",-43.0,9.5,0,Normal
2026-08-18 22:25:35,H:83% T:29C,Temp & Humidity,"{""temperature"": 29.0, ""humidity"": 83.0}",-43.0,9.5,0,Normal
2026-08-18 22:25:35,H:83% T:29C,Temp & Humidity,"{""temperature"": 29.0, ""humidity"": 83.0}",-43.0,9.5,0,Normal
2026-08-18 22:25:35,H:83% T:29C,Temp & Humidity,"{""temperature"": 29.0, ""humidity"": 83.0}",-43.0,9.5,0,Normal
2026-08-18 22:25:35,H:83% T:29C,Temp & Humidity,"{""temperature"": 29.0, ""humidity"": 83.0}",-43.0,9.5,0,Normal
2026-08-18 22:25:35,H:83% T:29C,Temp & Humidity,"{""temperature"": 29.0, ""humidity"": 83.0}",-43.0,9.0,0,Normal
2026-08-18 22:25:35,H:83% T:29C,Temp & Humidity,"{""temperature"": 29.0, ""humidity"": 83.0}",-43.0,9.5,0,Normal
2026-08-18 22:25:35,H:83% T:29C,Temp & Humidity,"{""temperature"": 29.0, ""humidity"": 83.0}",-48.0,9.5,0,Normal
2026-08-18 22:25:35,H:83% T:29C,Temp & Humidity,"{""temperature"": 29.0, ""humidity"": 83.0}",-43.0,9.5,0,Normal
2026-08-18 22:25:35,H:83% T:29C,Temp & Humidity,"{""temperature"": 29.0, ""humidity"": 83.0}",-43.0,9.0,0,Normal
2026-08-18 22:25:35,H:83% T:29C,Temp & Humidity,"{""temperature"": 29.0, ""humidity"": 83.0}",-44.0,9.5,0,Normal
2026-08-18 22:25:35,H:83% T:29C,Temp & Humidity,"{""temperature"": 29.0, ""humidity"": 83.0}",-43.0,9.5,0,Normal
2026-08-18 22:25:35,H:83% T:29C,Temp & Humidity,"{""temperature"": 29.0, ""humidity"": 83.0}",-43.0,9.25,0,Normal
2026-08-18 22:25:35,H:83% T:29C,Temp & Humidity,"{""temperature"": 29.0, ""humidity"": 83.0}",-48.0,9.0,0,Normal
2026-08-18 22:25:35,H:83% T:29C,Temp & Humidity,"{""temperature"": 29.0, ""humidity"": 83.0}",-43.0,9.5,0,Normal
2026-08-18 22:25:35,H:83% T:29C,Temp & Humidity,"{""temperature"": 29.0, ""humidity"": 83.0}",-43.0,9.0,0,Normal
2026-08-18 22:25:35,H:83% T:29C,Temp & Humidity,"{""temperature"": 29.0, ""humidity"": 83.0}",-43.0,9.5,0,Normal
2026-08-18 22:25:35,H:83% T:29C,Temp & Humidity,"{""temperature"": 29.0, ""humidity"": 83.0}",-43.0,9.25,0,Normal
2026-08-18 22:25:35,H:83% T:29C,Temp & Humidity,"{""temperature"": 29.0, ""humidity"": 83.0}",-43.0,9.25,0,Normal
2026-08-18 22:25:35,H:83% T:29C,Temp & Humidity,"{""temperature"": 29.0, ""humidity"": 83.0}",-43.0,9.25,0,Normal
2026-08-18 22:25:35,H:83% T:29C,Temp & Humidity,"{""temperature"": 29.0, ""humidity"": 83.0}",-43.0,9.5,0,Normal
2026-08-18 22:25:35,H:83% T:29C,Temp & Humidity,"{""temperature"": 29.0, ""humidity"": 83.0}",-43.0,9.5,0,Normal
2026-08-18 22:25:35,H:83% T:29C,Temp & Humidity,"{""temperature"": 29.0, ""humidity"": 83.0}",-43.0,9.25,0,Normal
2026-08-18 22:25:35,H:83% T:29C,Temp & Humidity,"{""temperature"": 29.0, ""humidity"": 83.0}",-43.0,9.0,0,Normal
2026-08-18 22:25:35,H:84% T:29C,Temp & Humidity,"{""temperature"": 29.0, ""humidity"": 84.0}",-48.0,9.5,1,Sudden Humidity Shift (+1000.0%/min)
2026-08-18 22:25:35,H:83% T:29C,Temp & Humidity,"{""temperature"": 29.0, ""humidity"": 83.0}",-43.0,9.5,1,Sudden Humidity Shift (-1000.0%/min)
2026-08-18 22:25:35,H:84% T:29C,Temp & Humidity,"{""temperature"": 29.0, ""humidity"": 84.0}",-43.0,9.25,1,Sudden Humidity Shift (+1000.0%/min)
2026-08-18 22:25:35,H:83% T:29C,Temp & Humidity,"{""temperature"": 29.0, ""humidity"": 83.0}",-43.0,9.25,1,Sudden Humidity Shift (-1000.0%/min)
2026-08-18 22:25:35,H:83% T:29C,Temp & Humidity,"{""temperature"": 29.0, ""humidity"": 83.0}",-43.0,9.5,0,Normal
2026-08-18 22:25:35,H:84% T:29C,Temp & Humidity,"{""temperature"": 29.0, ""humidity"": 84.0}",-42.0,9.5,1,Sudden Humidity Shift (+1000.0%/min)
2026-08-18 22:25:35,H:83% T:29C,Temp & Humidity,"{""temperature"": 29.0, ""humidity"": 83.0}",-43.0,9.25,1,Sudden Humidity Shift (-1000.0%/min)
2026-08-18 22:25:35,H:84% T:29C,Temp & Humidity,"{""temperature"": 29.0, ""humidity"": 84.0}",-43.0,9.0,0,Normal
2026-08-18 22:25:35,H:83% T:29C,Temp & Humidity,"{""temperature"": 29.0, ""humidity"": 83.0}",-43.0,9.5,0,Normal
2026-08-18 22:25:35,H:84% T:29C,Temp & Humidity,"{""temperature"": 29.0, ""humidity"": 84.0}",-42.0,9.25,0,Normal
2026-08-18 22:25:35,H:84% T:29C,Temp & Humidity,"{""temperature"": 29.0, ""humidity"": 84.0}",-43.0,9.5,0,Normal
2026-08-18 22:25:35,H:84% T:29C,Temp & Humidity,"{""temperature"": 29.0, ""humidity"": 84.0}",-43.0,9.0,0,Normal
2026-08-18 22:25:35,H:84% T:29C,Temp & Humidity,"{""temperature"": 29.0, ""humidity"": 84.0}",-43.0,9.5,0,Normal
2026-08-18 22:25:35,H:83% T:29C,Temp & Humidity,"{""temperature"": 29.0, ""humidity"": 83.0}",-43.0,9.25,0,Normal
2026-08-18 22:25:35,H:83% T:29C,Temp & Humidity,"{""temperature"": 29.0, ""humidity"": 83.0}",-43.0,9.25,0,Normal
2026-08-18 22:25:35,H:84% T:29C,Temp & Humidity,"{""temperature"": 29.0, ""humidity"": 84.0}",-43.0,9.25,0,Normal
2026-08-18 22:25:35,H:83% T:29C,Temp & Humidity,"{""temperature"": 29.0, ""humidity"": 83.0}",-43.0,9.25,0,Normal
2026-08-18 22:25:35,H:83% T:29C,Temp & Humidity,"{""temperature"": 29.0, ""humidity"": 83.0}",-43.0,9.5,0,Normal
2026-08-18 22:25:35,H:84% T:29C,Temp & Humidity,"{""temperature"": 29.0, ""humidity"": 84.0}",-43.0,9.25,0,Normal
2026-08-18 22:25:35,H:83% T:29C,Temp & Humidity,"{""temperature"": 29.0, ""humidity"": 83.0}",-43.0,9.75,0,Normal
2026-08-18 22:25:35,H:83% T:29C,Temp & Humidity,"{""temperature"": 29.0, ""humidity"": 83.0}",-43.0,9.5,0,Normal
2026-08-18 22:25:35,H:83% T:29C,Temp & Humidity,"{""temperature"": 29.0, ""humidity"": 83.0}",-43.0,9.25,0,Normal
2026-08-18 22:25:35,H:84% T:29C,Temp & Humidity,"{""temperature"": 29.0, ""humidity"": 84.0}",-43.0,9.0,0,Normal
2026-08-18 22:25:35,H:84% T:29C,Temp & Humidity,"{""temperature"": 29.0, ""humidity"": 84.0}",-43.0,9.25,0,Normal
2026-08-18 22:25:35,H:84% T:29C,Temp & Humidity,"{""temperature"": 29.0, ""humidity"": 84.0}",-43.0,9.5,0,Normal
2026-08-18 22:25:35,H:84% T:29C,Temp & Humidity,"{""temperature"": 29.0, ""humidity"": 84.0}",-43.0,9.25,0,Normal
2026-08-18 22:25:35,H:84% T:29C,Temp & Humidity,"{""temperature"": 29.0, ""humidity"": 84.0}",-43.0,9.25,0,Normal
2026-08-18 22:25:35,H:83% T:29C,Temp & Humidity,"{""temperature"": 29.0, ""humidity"": 83.0}",-43.0,9.0,0,Normal
2026-08-18 22:25:35,H:83% T:29C,Temp & Humidity,"{""temperature"": 29.0, ""humidity"": 83.0}",-43.0,9.0,0,Normal
2026-08-18 22:25:35,H:83% T:29C,Temp & Humidity,"{""temperature"": 29.0, ""humidity"": 83.0}",-43.0,9.0,0,Normal
2026-08-18 22:25:35,H:83% T:29C,Temp & Humidity,"{""temperature"": 29.0, ""humidity"": 83.0}",-48.0,8.75,0,Normal
2026-08-18 22:25:35,H:84% T:29C,Temp & Humidity,"{""temperature"": 29.0, ""humidity"": 84.0}",-43.0,9.25,0,Normal
2026-08-18 22:25:35,H:83% T:29C,Temp & Humidity,"{""temperature"": 29.0, ""humidity"": 83.0}",-43.0,9.25,0,Normal
2026-08-18 22:25:35,H:83% T:29C,Temp & Humidity,"{""temperature"": 29.0, ""humidity"": 83.0}",-43.0,9.0,0,Normal
2026-08-18 22:25:35,H:83% T:29C,Temp & Humidity,"{""temperature"": 29.0, ""humidity"": 83.0}",-43.0,9.25,0,Normal
2026-08-18 22:25:35,H:83% T:29C,Temp & Humidity,"{""temperature"": 29.0, ""humidity"": 83.0}",-43.0,9.25,0,Normal
2026-08-18 22:25:35,H:83% T:29C,Temp & Humidity,"{""temperature"": 29.0, ""humidity"": 83.0}",-43.0,9.25,0,Normal
2026-08-18 22:25:35,H:83% T:29C,Temp & Humidity,"{""temperature"": 29.0, ""humidity"": 83.0}",-43.0,9.25,0,Normal
2026-08-18 22:25:35,H:83% T:29C,Temp & Humidity,"{""temperature"": 29.0, ""humidity"": 83.0}",-43.0,9.5,0,Normal
2026-08-18 22:25:35,H:83% T:29C,Temp & Humidity,"{""temperature"": 29.0, ""humidity"": 83.0}",-43.0,9.25,0,Normal
2026-08-18 22:25:35,H:83% T:29C,Temp & Humidity,"{""temperature"": 29.0, ""humidity"": 83.0}",-43.0,9.0,0,Normal
2026-08-18 22:25:35,H:83% T:29C,Temp & Humidity,"{""temperature"": 29.0, ""humidity"": 83.0}",-48.0,9.5,0,Normal
2026-08-18 22:25:35,H:83% T:29C,Temp & Humidity,"{""temperature"": 29.0, ""humidity"": 83.0}",-43.0,9.25,0,Normal
2026-08-18 22:25:35,H:83% T:29C,Temp & Humidity,"{""temperature"": 29.0, ""humidity"": 83.0}",-43.0,9.25,0,Normal
2026-08-18 22:25:35,H:83% T:29C,Temp & Humidity,"{""temperature"": 29.0, ""humidity"": 83.0}",-43.0,9.25,0,Normal
2026-08-18 22:25:35,H:83% T:29C,Temp & Humidity,"{""temperature"": 29.0, ""humidity"": 83.0}",-43.0,9.25,0,Normal
2026-08-18 22:25:35,H:83% T:29C,Temp & Humidity,"{""temperature"": 29.0, ""humidity"": 83.0}",-44.0,9.5,0,Normal
2026-08-18 22:25:35,H:83% T:29C,Temp & Humidity,"{""temperature"": 29.0, ""humidity"": 83.0}",-43.0,9.5,0,Normal
2026-08-18 22:25:35,H:83% T:29C,Temp & Humidity,"{""temperature"": 29.0, ""humidity"": 83.0}",-43.0,9.5,0,Normal
2026-08-18 22:25:35,H:83% T:29C,Temp & Humidity,"{""temperature"": 29.0, ""humidity"": 83.0}",-43.0,9.25,0,Normal
2026-08-18 22:25:35,H:83% T:29C,Temp & Humidity,"{""temperature"": 29.0, ""humidity"": 83.0}",-43.0,9.25,0,Normal
2026-08-18 22:25:35,H:83% T:29C,Temp & Humidity,"{""temperature"": 29.0, ""humidity"": 83.0}",-43.0,9.25,0,Normal
2026-08-18 22:25:35,H:83% T:29C,Temp & Humidity,"{""temperature"": 29.0, ""humidity"": 83.0}",-43.0,9.25,0,Normal
2026-08-18 22:25:35,H:83% T:29C,Temp & Humidity,"{""temperature"": 29.0, ""humidity"": 83.0}",-43.0,9.25,0,Normal
2026-08-18 22:25:35,H:83% T:29C,Temp & Humidity,"{""temperature"": 29.0, ""humidity"": 83.0}",-43.0,9.25,0,Normal
2026-08-18 22:25:35,H:83% T:29C,Temp & Humidity,"{""temperature"": 29.0, ""humidity"": 83.0}",-42.0,9.5,0,Normal
2026-08-18 22:25:35,H:83% T:29C,Temp & Humidity,"{""temperature"": 29.0, ""humidity"": 83.0}",-43.0,9.25,0,Normal
2026-08-18 22:25:35,H:83% T:29C,Temp & Humidity,"{""temperature"": 29.0, ""humidity"": 83.0}",-43.0,9.25,0,Normal
2026-08-18 22:25:35,H:83% T:29C,Temp & Humidity,"{""temperature"": 29.0, ""humidity"": 83.0}",-43.0,9.25,0,Normal
2026-08-18 22:25:35,H:83% T:29C,Temp & Humidity,"{""temperature"": 29.0, ""humidity"": 83.0}",-43.0,9.75,0,Normal
2026-08-18 22:25:35,H:83% T:29C,Temp & Humidity,"{""temperature"": 29.0, ""humidity"": 83.0}",-43.0,9.5,0,Normal
2026-08-18 22:25:35,H:83% T:29C,Temp & Humidity,"{""temperature"": 29.0, ""humidity"": 83.0}",-43.0,9.25,0,Normal
2026-08-18 22:25:35,H:83% T:29C,Temp & Humidity,"{""temperature"": 29.0, ""humidity"": 83.0}",-43.0,9.5,0,Normal
2026-08-18 22:25:35,H:83% T:29C,Temp & Humidity,"{""temperature"": 29.0, ""humidity"": 83.0}",-43.0,9.0,0,Normal
2026-08-18 22:25:35,H:83% T:29C,Temp & Humidity,"{""temperature"": 29.0, ""humidity"": 83.0}",-42.0,9.75,0,Normal
2026-08-18 22:25:35,H:83% T:29C,Temp & Humidity,"{""temperature"": 29.0, ""humidity"": 83.0}",-43.0,9.0,0,Normal
2026-08-18 22:25:35,H:83% T:29C,Temp & Humidity,"{""temperature"": 29.0, ""humidity"": 83.0}",-43.0,9.5,0,Normal
2026-08-18 22:25:35,H:83% T:29C,Temp & Humidity,"{""temperature"": 29.0, ""humidity"": 83.0}",-42.0,9.25,0,Normal
2026-08-18 22:25:35,H:83% T:29C,Temp & Humidity,"{""temperature"": 29.0, ""humidity"": 83.0}",-43.0,9.0,0,Normal
2026-08-18 22:25:35,H:83% T:29C,Temp & Humidity,"{""temperature"": 29.0, ""humidity"": 83.0}",-42.0,9.5,0,Normal
2026-08-18 22:25:35,H:83% T:29C,Temp & Humidity,"{""temperature"": 29.0, ""humidity"": 83.0}",-43.0,9.0,0,Normal
2026-08-18 22:25:35,H:83% T:29C,Temp & Humidity,"{""temperature"": 29.0, ""humidity"": 83.0}",-44.0,9.75,0,Normal
2026-08-18 22:25:35,H:83% T:29C,Temp & Humidity,"{""temperature"": 29.0, ""humidity"": 83.0}",-43.0,9.5,0,Normal
2026-08-18 22:25:35,H:83% T:29C,Temp & Humidity,"{""temperature"": 29.0, ""humidity"": 83.0}",-49.0,9.0,1,Isolation Forest ML Outlier
2026-08-18 22:25:36,H:83% T:29C,Temp & Humidity,"{""temperature"": 29.0, ""humidity"": 83.0}",-43.0,9.5,0,Normal
2026-08-18 22:25:36,H:83% T:29C,Temp & Humidity,"{""temperature"": 29.0, ""humidity"": 83.0}",-43.0,9.25,0,Normal
2026-08-18 22:25:36,H:83% T:29C,Temp & Humidity,"{""temperature"": 29.0, ""humidity"": 83.0}",-43.0,9.25,0,Normal
2026-08-18 22:25:36,H:83% T:29C,Temp & Humidity,"{""temperature"": 29.0, ""humidity"": 83.0}",-43.0,9.5,0,Normal
2026-08-18 22:25:36,H:83% T:29C,Temp & Humidity,"{""temperature"": 29.0, ""humidity"": 83.0}",-43.0,9.0,0,Normal
2026-08-18 22:25:36,H:83% T:29C,Temp & Humidity,"{""temperature"": 29.0, ""humidity"": 83.0}",-43.0,9.5,0,Normal
2026-08-18 22:25:36,H:83% T:29C,Temp & Humidity,"{""temperature"": 29.0, ""humidity"": 83.0}",-42.0,9.25,0,Normal
2026-08-18 22:25:36,H:83% T:29C,Temp & Humidity,"{""temperature"": 29.0, ""humidity"": 83.0}",-43.0,10.0,0,Normal
2026-08-18 22:25:36,H:83% T:29C,Temp & Humidity,"{""temperature"": 29.0, ""humidity"": 83.0}",-43.0,9.0,0,Normal
2026-08-18 22:25:36,H:83% T:29C,Temp & Humidity,"{""temperature"": 29.0, ""humidity"": 83.0}",-43.0,9.25,0,Normal
2026-08-18 22:25:36,H:83% T:29C,Temp & Humidity,"{""temperature"": 29.0, ""humidity"": 83.0}",-43.0,9.25,0,Normal
2026-08-18 22:25:36,H:83% T:29C,Temp & Humidity,"{""temperature"": 29.0, ""humidity"": 83.0}",-43.0,9.0,0,Normal
2026-08-18 22:25:36,H:83% T:29C,Temp & Humidity,"{""temperature"": 29.0, ""humidity"": 83.0}",-43.0,9.0,0,Normal
2026-08-18 22:25:36,H:83% T:29C,Temp & Humidity,"{""temperature"": 29.0, ""humidity"": 83.0}",-43.0,9.0,0,Normal
2026-08-18 22:25:36,H:83% T:29C,Temp & Humidity,"{""temperature"": 29.0, ""humidity"": 83.0}",-43.0,9.25,0,Normal
2026-08-18 22:25:36,H:83% T:29C,Temp & Humidity,"{""temperature"": 29.0, ""humidity"": 83.0}",-43.0,9.5,0,Normal
2026-08-18 22:25:36,H:83% T:29C,Temp & Humidity,"{""temperature"": 29.0, ""humidity"": 83.0}",-43.0,9.25,0,Normal
2026-08-18 22:25:36,H:83% T:29C,Temp & Humidity,"{""temperature"": 29.0, ""humidity"": 83.0}",-42.0,9.5,0,Normal
2026-08-18 22:25:36,H:83% T:29C,Temp & Humidity,"{""temperature"": 29.0, ""humidity"": 83.0}",-43.0,9.25,0,Normal
2026-08-18 22:25:36,H:83% T:29C,Temp & Humidity,"{""temperature"": 29.0, ""humidity"": 83.0}",-43.0,9.25,0,Normal
2026-08-18 22:25:36,H:83% T:29C,Temp & Humidity,"{""temperature"": 29.0, ""humidity"": 83.0}",-43.0,9.25,0,Normal
2026-08-18 22:25:36,H:83% T:29C,Temp & Humidity,"{""temperature"": 29.0, ""humidity"": 83.0}",-43.0,9.0,0,Normal
2026-08-18 22:25:36,H:83% T:29C,Temp & Humidity,"{""temperature"": 29.0, ""humidity"": 83.0}",-43.0,9.25,0,Normal
2026-08-18 22:25:36,H:83% T:29C,Temp & Humidity,"{""temperature"": 29.0, ""humidity"": 83.0}",-43.0,9.0,0,Normal
2026-08-18 22:25:36,H:83% T:29C,Temp & Humidity,"{""temperature"": 29.0, ""humidity"": 83.0}",-43.0,9.5,0,Normal
2026-08-18 22:25:36,H:83% T:29C,Temp & Humidity,"{""temperature"": 29.0, ""humidity"": 83.0}",-43.0,9.5,0,Normal
2026-08-18 22:25:36,H:83% T:29C,Temp & Humidity,"{""temperature"": 29.0, ""humidity"": 83.0}",-43.0,9.5,0,Normal
2026-08-18 22:25:36,H:83% T:29C,Temp & Humidity,"{""temperature"": 29.0, ""humidity"": 83.0}",-43.0,9.25,0,Normal
2026-08-18 22:25:36,H:83% T:29C,Temp & Humidity,"{""temperature"": 29.0, ""humidity"": 83.0}",-43.0,9.0,0,Normal
2026-08-18 22:25:36,H:83% T:29C,Temp & Humidity,"{""temperature"": 29.0, ""humidity"": 83.0}",-43.0,9.5,0,Normal
2026-08-18 22:25:36,H:83% T:29C,Temp & Humidity,"{""temperature"": 29.0, ""humidity"": 83.0}",-43.0,9.0,0,Normal
2026-08-18 22:25:36,H:83% T:29C,Temp & Humidity,"{""temperature"": 29.0, ""humidity"": 83.0}",-44.0,9.75,0,Normal
2026-08-18 22:25:36,H:83% T:29C,Temp & Humidity,"{""temperature"": 29.0, ""humidity"": 83.0}",-48.0,9.25,0,Normal
2026-08-18 22:25:36,H:83% T:29C,Temp & Humidity,"{""temperature"": 29.0, ""humidity"": 83.0}",-42.0,9.25,0,Normal
2026-08-18 22:25:36,H:83% T:29C,Temp & Humidity,"{""temperature"": 29.0, ""humidity"": 83.0}",-43.0,9.25,0,Normal
2026-08-18 22:25:36,H:83% T:29C,Temp & Humidity,"{""temperature"": 29.0, ""humidity"": 83.0}",-43.0,9.5,0,Normal
2026-08-18 22:25:36,H:83% T:29C,Temp & Humidity,"{""temperature"": 29.0, ""humidity"": 83.0}",-43.0,9.5,0,Normal
2026-08-18 22:25:36,H:83% T:29C,Temp & Humidity,"{""temperature"": 29.0, ""humidity"": 83.0}",-43.0,9.0,0,Normal
2026-08-18 22:25:36,H:83% T:29C,Temp & Humidity,"{""temperature"": 29.0, ""humidity"": 83.0}",-43.0,9.5,0,Normal
2026-08-18 22:25:36,H:83% T:29C,Temp & Humidity,"{""temperature"": 29.0, ""humidity"": 83.0}",-43.0,9.5,0,Normal
2026-08-18 22:25:36,H:83% T:29C,Temp & Humidity,"{""temperature"": 29.0, ""humidity"": 83.0}",-43.0,9.5,0,Normal
2026-08-18 22:25:36,H:83% T:29C,Temp & Humidity,"{""temperature"": 29.0, ""humidity"": 83.0}",-43.0,9.25,0,Normal
2026-08-18 22:25:36,H:83% T:29C,Temp & Humidity,"{""temperature"": 29.0, ""humidity"": 83.0}",-43.0,9.25,0,Normal
2026-08-18 22:25:36,H:83% T:29C,Temp & Humidity,"{""temperature"": 29.0, ""humidity"": 83.0}",-43.0,9.0,0,Normal
2026-08-18 22:25:36,H:83% T:29C,Temp & Humidity,"{""temperature"": 29.0, ""humidity"": 83.0}",-43.0,9.5,0,Normal
2026-08-18 22:25:36,H:83% T:29C,Temp & Humidity,"{""temperature"": 29.0, ""humidity"": 83.0}",-43.0,9.0,0,Normal
2026-08-18 22:25:36,H:83% T:29C,Temp & Humidity,"{""temperature"": 29.0, ""humidity"": 83.0}",-43.0,9.5,0,Normal
2026-08-18 22:25:36,H:83% T:29C,Temp & Humidity,"{""temperature"": 29.0, ""humidity"": 83.0}",-43.0,9.25,0,Normal
2026-08-18 22:25:36,H:83% T:29C,Temp & Humidity,"{""temperature"": 29.0, ""humidity"": 83.0}",-48.0,9.0,0,Normal
2026-08-18 22:25:36,H:83% T:29C,Temp & Humidity,"{""temperature"": 29.0, ""humidity"": 83.0}",-42.0,9.25,0,Normal
2026-08-18 22:25:36,H:83% T:29C,Temp & Humidity,"{""temperature"": 29.0, ""humidity"": 83.0}",-43.0,9.0,0,Normal
2026-08-18 22:25:36,H:83% T:29C,Temp & Humidity,"{""temperature"": 29.0, ""humidity"": 83.0}",-43.0,9.0,0,Normal
2026-08-18 22:25:36,H:83% T:29C,Temp & Humidity,"{""temperature"": 29.0, ""humidity"": 83.0}",-43.0,9.25,0,Normal
2026-08-18 22:25:36,H:83% T:29C,Temp & Humidity,"{""temperature"": 29.0, ""humidity"": 83.0}",-43.0,9.25,0,Normal
2026-08-18 22:25:36,H:83% T:29C,Temp & Humidity,"{""temperature"": 29.0, ""humidity"": 83.0}",-43.0,9.25,0,Normal
2026-08-18 22:25:36,H:83% T:29C,Temp & Humidity,"{""temperature"": 29.0, ""humidity"": 83.0}",-42.0,9.25,0,Normal
2026-08-18 22:25:36,H:83% T:29C,Temp & Humidity,"{""temperature"": 29.0, ""humidity"": 83.0}",-43.0,9.25,0,Normal
2026-08-18 22:25:36,H:83% T:29C,Temp & Humidity,"{""temperature"": 29.0, ""humidity"": 83.0}",-42.0,9.25,0,Normal
2026-08-18 22:25:36,H:83% T:29C,Temp & Humidity,"{""temperature"": 29.0, ""humidity"": 83.0}",-43.0,9.25,0,Normal
2026-08-18 22:25:36,H:83% T:29C,Temp & Humidity,"{""temperature"": 29.0, ""humidity"": 83.0}",-43.0,9.0,0,Normal
2026-08-18 22:25:36,H:83% T:29C,Temp & Humidity,"{""temperature"": 29.0, ""humidity"": 83.0}",-43.0,9.5,0,Normal
2026-08-18 22:25:36,H:83% T:29C,Temp & Humidity,"{""temperature"": 29.0, ""humidity"": 83.0}",-48.0,9.25,0,Normal
2026-08-18 22:25:36,H:83% T:29C,Temp & Humidity,"{""temperature"": 29.0, ""humidity"": 83.0}",-43.0,9.25,0,Normal
2026-08-18 22:25:36,H:83% T:29C,Temp & Humidity,"{""temperature"": 29.0, ""humidity"": 83.0}",-43.0,9.5,0,Normal
2026-08-18 22:25:36,H:83% T:29C,Temp & Humidity,"{""temperature"": 29.0, ""humidity"": 83.0}",-43.0,9.0,0,Normal
2026-08-18 22:25:36,H:83% T:29C,Temp & Humidity,"{""temperature"": 29.0, ""humidity"": 83.0}",-44.0,10.0,0,Normal
2026-08-18 22:25:36,H:83% T:29C,Temp & Humidity,"{""temperature"": 29.0, ""humidity"": 83.0}",-43.0,9.5,0,Normal
2026-08-18 22:25:36,H:83% T:29C,Temp & Humidity,"{""temperature"": 29.0, ""humidity"": 83.0}",-43.0,9.25,0,Normal
2026-08-18 22:25:36,H:83% T:29C,Temp & Humidity,"{""temperature"": 29.0, ""humidity"": 83.0}",-43.0,9.25,0,Normal
2026-08-18 22:25:36,H:83% T:29C,Temp & Humidity,"{""temperature"": 29.0, ""humidity"": 83.0}",-43.0,9.5,0,Normal
2026-08-18 22:25:36,H:83% T:29C,Temp & Humidity,"{""temperature"": 29.0, ""humidity"": 83.0}",-43.0,9.5,0,Normal
2026-08-18 22:25:36,H:83% T:29C,Temp & Humidity,"{""temperature"": 29.0, ""humidity"": 83.0}",-43.0,9.25,0,Normal
2026-08-18 22:25:36,H:83% T:29C,Temp & Humidity,"{""temperature"": 29.0, ""humidity"": 83.0}",-43.0,9.0,0,Normal
2026-08-18 22:25:36,H:83% T:29C,Temp & Humidity,"{""temperature"": 29.0, ""humidity"": 83.0}",-43.0,9.5,0,Normal
2026-08-18 22:25:36,H:83% T:29C,Temp & Humidity,"{""temperature"": 29.0, ""humidity"": 83.0}",-43.0,9.25,0,Normal
2026-08-18 22:25:36,H:83% T:29C,Temp & Humidity,"{""temperature"": 29.0, ""humidity"": 83.0}",-43.0,9.25,0,Normal
2026-08-18 22:25:36,H:83% T:29C,Temp & Humidity,"{""temperature"": 29.0, ""humidity"": 83.0}",-43.0,9.5,0,Normal
2026-08-18 22:25:36,H:83% T:29C,Temp & Humidity,"{""temperature"": 29.0, ""humidity"": 83.0}",-44.0,9.75,0,Normal
2026-08-18 22:25:36,H:83% T:29C,Temp & Humidity,"{""temperature"": 29.0, ""humidity"": 83.0}",-43.0,9.25,0,Normal
2026-08-18 22:25:36,H:83% T:29C,Temp & Humidity,"{""temperature"": 29.0, ""humidity"": 83.0}",-43.0,9.25,0,Normal
2026-08-18 22:25:36,H:83% T:29C,Temp & Humidity,"{""temperature"": 29.0, ""humidity"": 83.0}",-44.0,9.5,0,Normal
2026-08-18 22:25:36,H:83% T:29C,Temp & Humidity,"{""temperature"": 29.0, ""humidity"": 83.0}",-43.0,9.25,0,Normal
2026-08-18 22:25:36,H:83% T:29C,Temp & Humidity,"{""temperature"": 29.0, ""humidity"": 83.0}",-43.0,9.25,0,Normal
2026-08-18 22:25:36,H:83% T:29C,Temp & Humidity,"{""temperature"": 29.0, ""humidity"": 83.0}",-43.0,9.5,0,Normal
2026-08-18 22:25:36,H:83% T:29C,Temp & Humidity,"{""temperature"": 29.0, ""humidity"": 83.0}",-43.0,9.25,0,Normal
2026-08-18 22:25:36,H:83% T:29C,Temp & Humidity,"{""temperature"": 29.0, ""humidity"": 83.0}",-43.0,9.25,0,Normal
2026-08-18 22:25:36,H:83% T:29C,Temp & Humidity,"{""temperature"": 29.0, ""humidity"": 83.0}",-48.0,9.25,0,Normal
2026-08-18 22:25:36,H:83% T:29C,Temp & Humidity,"{""temperature"": 29.0, ""humidity"": 83.0}",-43.0,9.25,0,Normal
2026-08-18 22:25:36,H:83% T:29C,Temp & Humidity,"{""temperature"": 29.0, ""humidity"": 83.0}",-43.0,9.25,0,Normal
2026-08-18 22:25:36,H:83% T:29C,Temp & Humidity,"{""temperature"": 29.0, ""humidity"": 83.0}",-43.0,9.5,0,Normal
2026-08-18 22:25:36,H:83% T:29C,Temp & Humidity,"{""temperature"": 29.0, ""humidity"": 83.0}",-43.0,9.25,0,Normal
2026-08-18 22:25:36,H:83% T:29C,Temp & Humidity,"{""temperature"": 29.0, ""humidity"": 83.0}",-43.0,9.0,0,Normal
2026-08-18 22:25:36,H:83% T:29C,Temp & Humidity,"{""temperature"": 29.0, ""humidity"": 83.0}",-43.0,9.5,0,Normal
2026-08-18 22:25:36,H:83% T:29C,Temp & Humidity,"{""temperature"": 29.0, ""humidity"": 83.0}",-43.0,9.0,0,Normal
2026-08-18 22:25:36,H:83% T:29C,Temp & Humidity,"{""temperature"": 29.0, ""humidity"": 83.0}",-44.0,9.5,0,Normal
2026-08-18 22:25:36,H:83% T:29C,Temp & Humidity,"{""temperature"": 29.0, ""humidity"": 83.0}",-43.0,9.25,0,Normal
2026-08-18 22:25:36,H:83% T:29C,Temp & Humidity,"{""temperature"": 29.0, ""humidity"": 83.0}",-43.0,9.25,0,Normal
2026-08-18 22:25:36,H:83% T:29C,Temp & Humidity,"{""temperature"": 29.0, ""humidity"": 83.0}",-43.0,9.25,0,Normal
2026-08-18 22:25:36,H:83% T:29C,Temp & Humidity,"{""temperature"": 29.0, ""humidity"": 83.0}",-42.0,9.25,0,Normal
2026-08-18 22:25:36,H:83% T:29C,Temp & Humidity,"{""temperature"": 29.0, ""humidity"": 83.0}",-43.0,9.5,0,Normal
2026-08-18 22:25:36,H:83% T:29C,Temp & Humidity,"{""temperature"": 29.0, ""humidity"": 83.0}",-43.0,9.25,0,Normal
2026-08-18 22:25:36,H:83% T:29C,Temp & Humidity,"{""temperature"": 29.0, ""humidity"": 83.0}",-44.0,9.25,0,Normal
2026-08-18 22:25:36,H:83% T:29C,Temp & Humidity,"{""temperature"": 29.0, ""humidity"": 83.0}",-43.0,9.25,0,Normal
2026-08-18 22:25:36,H:83% T:29C,Temp & Humidity,"{""temperature"": 29.0, ""humidity"": 83.0}",-43.0,9.25,0,Normal
2026-08-18 22:25:36,H:83% T:29C,Temp & Humidity,"{""temperature"": 29.0, ""humidity"": 83.0}",-43.0,9.5,0,Normal
2026-08-18 22:25:36,H:83% T:29C,Temp & Humidity,"{""temperature"": 29.0, ""humidity"": 83.0}",-43.0,9.5,0,Normal
2026-08-18 22:25:36,H:83% T:29C,Temp & Humidity,"{""temperature"": 29.0, ""humidity"": 83.0}",-43.0,9.75,0,Normal
2026-08-18 22:25:36,H:83% T:29C,Temp & Humidity,"{""temperature"": 29.0, ""humidity"": 83.0}",-43.0,9.5,0,Normal
2026-08-18 22:25:36,H:83% T:29C,Temp & Humidity,"{""temperature"": 29.0, ""humidity"": 83.0}",-43.0,9.0,0,Normal
2026-08-18 22:25:36,H:83% T:29C,Temp & Humidity,"{""temperature"": 29.0, ""humidity"": 83.0}",-43.0,9.25,0,Normal
2026-08-18 22:25:36,H:83% T:29C,Temp & Humidity,"{""temperature"": 29.0, ""humidity"": 83.0}",-43.0,9.0,0,Normal
2026-08-18 22:25:36,H:83% T:29C,Temp & Humidity,"{""temperature"": 29.0, ""humidity"": 83.0}",-43.0,9.5,0,Normal
2026-08-18 22:25:36,H:83% T:29C,Temp & Humidity,"{""temperature"": 29.0, ""humidity"": 83.0}",-43.0,9.25,0,Normal
2026-08-18 22:25:36,H:83% T:29C,Temp & Humidity,"{""temperature"": 29.0, ""humidity"": 83.0}",-43.0,9.0,0,Normal
2026-08-18 22:25:36,H:83% T:29C,Temp & Humidity,"{""temperature"": 29.0, ""humidity"": 83.0}",-43.0,9.25,0,Normal
2026-08-18 22:25:36,H:83% T:29C,Temp & Humidity,"{""temperature"": 29.0, ""humidity"": 83.0}",-43.0,9.5,0,Normal
2026-08-18 22:25:36,H:83% T:29C,Temp & Humidity,"{""temperature"": 29.0, ""humidity"": 83.0}",-43.0,9.25,0,Normal
2026-08-18 22:25:36,H:83% T:29C,Temp & Humidity,"{""temperature"": 29.0, ""humidity"": 83.0}",-43.0,9.0,0,Normal
2026-08-18 22:25:36,H:83% T:29C,Temp & Humidity,"{""temperature"": 29.0, ""humidity"": 83.0}",-43.0,9.25,0,Normal
2026-08-18 22:25:36,H:83% T:29C,Temp & Humidity,"{""temperature"": 29.0, ""humidity"": 83.0}",-48.0,9.0,0,Normal
2026-08-18 22:25:36,H:83% T:29C,Temp & Humidity,"{""temperature"": 29.0, ""humidity"": 83.0}",-43.0,9.5,0,Normal
2026-08-18 22:25:36,H:83% T:29C,Temp & Humidity,"{""temperature"": 29.0, ""humidity"": 83.0}",-43.0,9.25,0,Normal
2026-08-18 22:25:36,H:83% T:29C,Temp & Humidity,"{""temperature"": 29.0, ""humidity"": 83.0}",-43.0,9.5,0,Normal
2026-08-18 22:25:36,H:83% T:29C,Temp & Humidity,"{""temperature"": 29.0, ""humidity"": 83.0}",-43.0,9.5,0,Normal
2026-08-18 22:25:36,H:83% T:29C,Temp & Humidity,"{""temperature"": 29.0, ""humidity"": 83.0}",-43.0,9.25,0,Normal
2026-08-18 22:25:36,H:83% T:29C,Temp & Humidity,"{""temperature"": 29.0, ""humidity"": 83.0}",-43.0,9.0,0,Normal
2026-08-18 22:25:36,H:83% T:29C,Temp & Humidity,"{""temperature"": 29.0, ""humidity"": 83.0}",-43.0,9.25,0,Normal
2026-08-18 22:25:36,H:83% T:29C,Temp & Humidity,"{""temperature"": 29.0, ""humidity"": 83.0}",-43.0,9.25,0,Normal
2026-08-18 22:25:36,H:83% T:29C,Temp & Humidity,"{""temperature"": 29.0, ""humidity"": 83.0}",-43.0,9.25,0,Normal
2026-08-18 22:25:36,H:83% T:29C,Temp & Humidity,"{""temperature"": 29.0, ""humidity"": 83.0}",-43.0,9.25,0,Normal
2026-08-18 22:25:36,H:83% T:29C,Temp & Humidity,"{""temperature"": 29.0, ""humidity"": 83.0}",-43.0,9.0,0,Normal
2026-08-18 22:25:36,H:83% T:29C,Temp & Humidity,"{""temperature"": 29.0, ""humidity"": 83.0}",-43.0,9.5,0,Normal
2026-08-18 22:25:36,H:83% T:29C,Temp & Humidity,"{""temperature"": 29.0, ""humidity"": 83.0}",-43.0,9.0,0,Normal
2026-08-18 22:25:36,H:83% T:29C,Temp & Humidity,"{""temperature"": 29.0, ""humidity"": 83.0}",-43.0,9.0,0,Normal
2026-08-18 22:25:36,H:83% T:29C,Temp & Humidity,"{""temperature"": 29.0, ""humidity"": 83.0}",-43.0,9.0,0,Normal
2026-08-18 22:25:36,H:83% T:29C,Temp & Humidity,"{""temperature"": 29.0, ""humidity"": 83.0}",-42.0,9.5,0,Normal
2026-08-18 22:25:36,H:83% T:29C,Temp & Humidity,"{""temperature"": 29.0, ""humidity"": 83.0}",-43.0,9.0,0,Normal
2026-08-18 22:25:36,H:83% T:29C,Temp & Humidity,"{""temperature"": 29.0, ""humidity"": 83.0}",-43.0,9.25,0,Normal
2026-08-18 22:25:36,H:83% T:29C,Temp & Humidity,"{""temperature"": 29.0, ""humidity"": 83.0}",-43.0,9.25,0,Normal
2026-08-18 22:25:36,H:83% T:29C,Temp & Humidity,"{""temperature"": 29.0, ""humidity"": 83.0}",-43.0,9.25,0,Normal
2026-08-18 22:25:36,H:83% T:29C,Temp & Humidity,"{""temperature"": 29.0, ""humidity"": 83.0}",-43.0,9.25,0,Normal
2026-08-18 22:25:36,H:83% T:29C,Temp & Humidity,"{""temperature"": 29.0, ""humidity"": 83.0}",-43.0,9.25,0,Normal
2026-08-18 22:25:36,H:83% T:29C,Temp & Humidity,"{""temperature"": 29.0, ""humidity"": 83.0}",-43.0,9.5,0,Normal
2026-08-18 22:25:36,H:83% T:29C,Temp & Humidity,"{""temperature"": 29.0, ""humidity"": 83.0}",-43.0,9.0,0,Normal
2026-08-18 22:25:36,H:83% T:29C,Temp & Humidity,"{""temperature"": 29.0, ""humidity"": 83.0}",-43.0,9.0,0,Normal
2026-08-18 22:25:36,H:83% T:29C,Temp & Humidity,"{""temperature"": 29.0, ""humidity"": 83.0}",-43.0,9.25,0,Normal
2026-08-18 22:25:36,H:83% T:29C,Temp & Humidity,"{""temperature"": 29.0, ""humidity"": 83.0}",-43.0,9.25,0,Normal
2026-08-18 22:25:36,H:83% T:29C,Temp & Humidity,"{""temperature"": 29.0, ""humidity"": 83.0}",-43.0,9.25,0,Normal
2026-08-18 22:25:36,H:83% T:29C,Temp & Humidity,"{""temperature"": 29.0, ""humidity"": 83.0}",-43.0,9.0,0,Normal
2026-08-18 22:25:36,H:83% T:29C,Temp & Humidity,"{""temperature"": 29.0, ""humidity"": 83.0}",-43.0,9.75,0,Normal
2026-08-18 22:25:36,H:83% T:29C,Temp & Humidity,"{""temperature"": 29.0, ""humidity"": 83.0}",-43.0,9.25,0,Normal
2026-08-18 22:25:36,H:83% T:29C,Temp & Humidity,"{""temperature"": 29.0, ""humidity"": 83.0}",-43.0,9.0,0,Normal
2026-08-18 22:25:36,H:83% T:29C,Temp & Humidity,"{""temperature"": 29.0, ""humidity"": 83.0}",-43.0,9.25,0,Normal
2026-08-18 22:25:36,H:83% T:29C,Temp & Humidity,"{""temperature"": 29.0, ""humidity"": 83.0}",-43.0,9.0,0,Normal
2026-08-18 22:25:36,H:83% T:29C,Temp & Humidity,"{""temperature"": 29.0, ""humidity"": 83.0}",-43.0,9.25,0,Normal
2026-08-18 22:25:36,H:83% T:29C,Temp & Humidity,"{""temperature"": 29.0, ""humidity"": 83.0}",-43.0,9.5,0,Normal
2026-08-18 22:25:36,H:83% T:29C,Temp & Humidity,"{""temperature"": 29.0, ""humidity"": 83.0}",-43.0,9.25,0,Normal
2026-08-18 22:25:36,H:83% T:29C,Temp & Humidity,"{""temperature"": 29.0, ""humidity"": 83.0}",-43.0,9.25,0,Normal
2026-08-18 22:25:36,H:83% T:29C,Temp & Humidity,"{""temperature"": 29.0, ""humidity"": 83.0}",-43.0,9.25,0,Normal
2026-08-18 22:25:36,H:83% T:29C,Temp & Humidity,"{""temperature"": 29.0, ""humidity"": 83.0}",-43.0,9.25,0,Normal
2026-08-18 22:25:36,H:83% T:29C,Temp & Humidity,"{""temperature"": 29.0, ""humidity"": 83.0}",-43.0,9.5,0,Normal
2026-08-18 22:25:36,H:83% T:29C,Temp & Humidity,"{""temperature"": 29.0, ""humidity"": 83.0}",-43.0,9.0,0,Normal
2026-08-18 22:25:36,H:83% T:29C,Temp & Humidity,"{""temperature"": 29.0, ""humidity"": 83.0}",-43.0,9.5,0,Normal
2026-08-18 22:25:36,H:83% T:29C,Temp & Humidity,"{""temperature"": 29.0, ""humidity"": 83.0}",-43.0,9.25,0,Normal
2026-08-18 22:25:36,H:83% T:29C,Temp & Humidity,"{""temperature"": 29.0, ""humidity"": 83.0}",-43.0,9.25,0,Normal
2026-08-18 22:25:36,H:83% T:29C,Temp & Humidity,"{""temperature"": 29.0, ""humidity"": 83.0}",-43.0,9.5,0,Normal
2026-08-18 22:25:36,H:83% T:29C,Temp & Humidity,"{""temperature"": 29.0, ""humidity"": 83.0}",-43.0,9.25,0,Normal
2026-08-18 22:25:36,H:83% T:29C,Temp & Humidity,"{""temperature"": 29.0, ""humidity"": 83.0}",-43.0,9.5,0,Normal
2026-08-18 22:25:36,H:83% T:29C,Temp & Humidity,"{""temperature"": 29.0, ""humidity"": 83.0}",-43.0,9.25,0,Normal
2026-08-18 22:25:36,H:83% T:29C,Temp & Humidity,"{""temperature"": 29.0, ""humidity"": 83.0}",-43.0,9.0,0,Normal
2026-08-18 22:25:36,H:83% T:29C,Temp & Humidity,"{""temperature"": 29.0, ""humidity"": 83.0}",-43.0,9.25,0,Normal
2026-08-18 22:25:36,H:83% T:29C,Temp & Humidity,"{""temperature"": 29.0, ""humidity"": 83.0}",-48.0,9.0,0,Normal
2026-08-18 22:25:36,H:83% T:29C,Temp & Humidity,"{""temperature"": 29.0, ""humidity"": 83.0}",-43.0,9.25,0,Normal
2026-08-18 22:25:36,H:83% T:29C,Temp & Humidity,"{""temperature"": 29.0, ""humidity"": 83.0}",-43.0,9.25,0,Normal
2026-08-18 22:25:36,H:83% T:29C,Temp & Humidity,"{""temperature"": 29.0, ""humidity"": 83.0}",-43.0,9.25,0,Normal
2026-08-18 22:25:36,H:83% T:29C,Temp & Humidity,"{""temperature"": 29.0, ""humidity"": 83.0}",-43.0,9.25,0,Normal
2026-08-18 22:25:36,H:83% T:29C,Temp & Humidity,"{""temperature"": 29.0, ""humidity"": 83.0}",-43.0,9.25,0,Normal
2026-08-18 22:25:36,H:83% T:29C,Temp & Humidity,"{""temperature"": 29.0, ""humidity"": 83.0}",-43.0,9.25,0,Normal
2026-08-18 22:25:36,H:83% T:29C,Temp & Humidity,"{""temperature"": 29.0, ""humidity"": 83.0}",-43.0,9.25,0,Normal
2026-08-18 22:25:36,H:83% T:29C,Temp & Humidity,"{""temperature"": 29.0, ""humidity"": 83.0}",-43.0,9.25,0,Normal
2026-08-18 22:25:36,H:83% T:29C,Temp & Humidity,"{""temperature"": 29.0, ""humidity"": 83.0}",-43.0,9.25,0,Normal
2026-08-18 22:25:36,H:83% T:29C,Temp & Humidity,"{""temperature"": 29.0, ""humidity"": 83.0}",-43.0,9.25,0,Normal
2026-08-18 22:25:36,H:83% T:29C,Temp & Humidity,"{""temperature"": 29.0, ""humidity"": 83.0}",-43.0,9.25,0,Normal
2026-08-18 22:25:36,H:83% T:29C,Temp & Humidity,"{""temperature"": 29.0, ""humidity"": 83.0}",-43.0,9.0,0,Normal
2026-08-18 22:25:36,H:83% T:29C,Temp & Humidity,"{""temperature"": 29.0, ""humidity"": 83.0}",-43.0,9.5,0,Normal
2026-08-18 22:25:36,H:83% T:29C,Temp & Humidity,"{""temperature"": 29.0, ""humidity"": 83.0}",-43.0,9.5,0,Normal
2026-08-18 22:25:36,H:83% T:29C,Temp & Humidity,"{""temperature"": 29.0, ""humidity"": 83.0}",-44.0,9.25,0,Normal
2026-08-18 22:25:36,H:83% T:29C,Temp & Humidity,"{""temperature"": 29.0, ""humidity"": 83.0}",-43.0,9.5,0,Normal
2026-08-18 22:25:36,H:83% T:29C,Temp & Humidity,"{""temperature"": 29.0, ""humidity"": 83.0}",-43.0,9.25,0,Normal
2026-08-18 22:25:36,H:83% T:29C,Temp & Humidity,"{""temperature"": 29.0, ""humidity"": 83.0}",-43.0,9.0,0,Normal
2026-08-18 22:25:36,H:83% T:29C,Temp & Humidity,"{""temperature"": 29.0, ""humidity"": 83.0}",-43.0,9.0,0,Normal
2026-08-18 22:25:36,H:83% T:29C,Temp & Humidity,"{""temperature"": 29.0, ""humidity"": 83.0}",-43.0,9.0,0,Normal
2026-08-18 22:25:36,H:83% T:29C,Temp & Humidity,"{""temperature"": 29.0, ""humidity"": 83.0}",-43.0,9.5,0,Normal
2026-08-18 22:25:36,H:83% T:29C,Temp & Humidity,"{""temperature"": 29.0, ""humidity"": 83.0}",-43.0,9.25,0,Normal
2026-08-18 22:25:36,H:83% T:29C,Temp & Humidity,"{""temperature"": 29.0, ""humidity"": 83.0}",-43.0,9.5,0,Normal
2026-08-18 22:25:36,H:83% T:29C,Temp & Humidity,"{""temperature"": 29.0, ""humidity"": 83.0}",-43.0,9.25,0,Normal
2026-08-18 22:25:36,H:83% T:29C,Temp & Humidity,"{""temperature"": 29.0, ""humidity"": 83.0}",-43.0,9.0,0,Normal
2026-08-18 22:25:36,H:83% T:29C,Temp & Humidity,"{""temperature"": 29.0, ""humidity"": 83.0}",-42.0,9.25,0,Normal
2026-08-18 22:25:36,H:83% T:29C,Temp & Humidity,"{""temperature"": 29.0, ""humidity"": 83.0}",-43.0,9.0,0,Normal
2026-08-18 22:25:36,H:83% T:29C,Temp & Humidity,"{""temperature"": 29.0, ""humidity"": 83.0}",-48.0,9.25,0,Normal
2026-08-18 22:25:36,H:83% T:29C,Temp & Humidity,"{""temperature"": 29.0, ""humidity"": 83.0}",-43.0,9.25,0,Normal
2026-08-18 22:25:36,H:83% T:29C,Temp & Humidity,"{""temperature"": 29.0, ""humidity"": 83.0}",-43.0,9.25,0,Normal
2026-08-18 22:25:36,H:83% T:29C,Temp & Humidity,"{""temperature"": 29.0, ""humidity"": 83.0}",-44.0,9.0,0,Normal
2026-08-18 22:25:36,H:83% T:29C,Temp & Humidity,"{""temperature"": 29.0, ""humidity"": 83.0}",-43.0,9.0,0,Normal
2026-08-18 22:25:36,H:83% T:29C,Temp & Humidity,"{""temperature"": 29.0, ""humidity"": 83.0}",-43.0,9.5,0,Normal
2026-08-18 22:25:36,H:83% T:29C,Temp & Humidity,"{""temperature"": 29.0, ""humidity"": 83.0}",-44.0,9.25,0,Normal
2026-08-18 22:25:36,H:83% T:29C,Temp & Humidity,"{""temperature"": 29.0, ""humidity"": 83.0}",-43.0,9.5,0,Normal
2026-08-18 22:25:36,H:83% T:29C,Temp & Humidity,"{""temperature"": 29.0, ""humidity"": 83.0}",-43.0,9.25,0,Normal
2026-08-18 22:25:36,H:83% T:29C,Temp & Humidity,"{""temperature"": 29.0, ""humidity"": 83.0}",-43.0,9.25,0,Normal
2026-08-18 22:25:36,H:83% T:29C,Temp & Humidity,"{""temperature"": 29.0, ""humidity"": 83.0}",-43.0,9.25,0,Normal
2026-08-18 22:25:36,H:83% T:29C,Temp & Humidity,"{""temperature"": 29.0, ""humidity"": 83.0}",-43.0,9.0,0,Normal
2026-08-18 22:25:36,H:83% T:29C,Temp & Humidity,"{""temperature"": 29.0, ""humidity"": 83.0}",-43.0,9.5,0,Normal
2026-08-18 22:25:36,H:83% T:29C,Temp & Humidity,"{""temperature"": 29.0, ""humidity"": 83.0}",-43.0,9.25,0,Normal
2026-08-18 22:25:36,H:83% T:29C,Temp & Humidity,"{""temperature"": 29.0, ""humidity"": 83.0}",-43.0,9.25,0,Normal
2026-08-18 22:25:36,H:83% T:29C,Temp & Humidity,"{""temperature"": 29.0, ""humidity"": 83.0}",-43.0,9.25,0,Normal
2026-08-18 22:25:36,H:83% T:29C,Temp & Humidity,"{""temperature"": 29.0, ""humidity"": 83.0}",-43.0,9.0,0,Normal
2026-08-18 22:25:36,H:83% T:29C,Temp & Humidity,"{""temperature"": 29.0, ""humidity"": 83.0}",-43.0,9.5,0,Normal
2026-08-18 22:25:36,H:83% T:29C,Temp & Humidity,"{""temperature"": 29.0, ""humidity"": 83.0}",-44.0,9.25,0,Normal
2026-08-18 22:25:36,H:83% T:29C,Temp & Humidity,"{""temperature"": 29.0, ""humidity"": 83.0}",-43.0,9.0,0,Normal
2026-08-18 22:25:36,H:83% T:29C,Temp & Humidity,"{""temperature"": 29.0, ""humidity"": 83.0}",-43.0,9.25,0,Normal
2026-08-18 22:25:36,H:83% T:29C,Temp & Humidity,"{""temperature"": 29.0, ""humidity"": 83.0}",-43.0,9.0,0,Normal
2026-08-18 22:25:36,H:83% T:29C,Temp & Humidity,"{""temperature"": 29.0, ""humidity"": 83.0}",-43.0,9.5,0,Normal
2026-08-18 22:25:36,H:83% T:29C,Temp & Humidity,"{""temperature"": 29.0, ""humidity"": 83.0}",-43.0,9.25,0,Normal
2026-08-18 22:25:36,H:83% T:29C,Temp & Humidity,"{""temperature"": 29.0, ""humidity"": 83.0}",-43.0,9.25,0,Normal
2026-08-18 22:25:36,H:83% T:29C,Temp & Humidity,"{""temperature"": 29.0, ""humidity"": 83.0}",-43.0,9.5,0,Normal
2026-08-18 22:25:36,H:83% T:29C,Temp & Humidity,"{""temperature"": 29.0, ""humidity"": 83.0}",-43.0,9.25,0,Normal
2026-08-18 22:25:36,H:83% T:29C,Temp & Humidity,"{""temperature"": 29.0, ""humidity"": 83.0}",-43.0,9.25,0,Normal
2026-08-18 22:25:36,H:83% T:29C,Temp & Humidity,"{""temperature"": 29.0, ""humidity"": 83.0}",-43.0,9.25,0,Normal
2026-08-18 22:25:36,H:83% T:29C,Temp & Humidity,"{""temperature"": 29.0, ""humidity"": 83.0}",-43.0,9.25,0,Normal
2026-08-18 22:25:36,H:83% T:29C,Temp & Humidity,"{""temperature"": 29.0, ""humidity"": 83.0}",-43.0,9.0,0,Normal
2026-08-18 22:25:36,H:83% T:29C,Temp & Humidity,"{""temperature"": 29.0, ""humidity"": 83.0}",-43.0,9.5,0,Normal
2026-08-18 22:25:36,H:83% T:29C,Temp & Humidity,"{""temperature"": 29.0, ""humidity"": 83.0}",-43.0,9.5,0,Normal
2026-08-18 22:25:36,H:83% T:29C,Temp & Humidity,"{""temperature"": 29.0, ""humidity"": 83.0}",-43.0,9.5,0,Normal
2026-08-18 22:25:36,H:83% T:29C,Temp & Humidity,"{""temperature"": 29.0, ""humidity"": 83.0}",-43.0,9.5,0,Normal
2026-08-18 22:25:36,H:83% T:29C,Temp & Humidity,"{""temperature"": 29.0, ""humidity"": 83.0}",-43.0,9.25,0,Normal
2026-08-18 22:25:36,H:83% T:29C,Temp & Humidity,"{""temperature"": 29.0, ""humidity"": 83.0}",-43.0,9.25,0,Normal
2026-08-18 22:25:36,H:83% T:29C,Temp & Humidity,"{""temperature"": 29.0, ""humidity"": 83.0}",-44.0,9.25,0,Normal
2026-08-18 22:25:36,H:83% T:29C,Temp & Humidity,"{""temperature"": 29.0, ""humidity"": 83.0}",-43.0,9.25,0,Normal
2026-08-18 22:25:36,H:83% T:29C,Temp & Humidity,"{""temperature"": 29.0, ""humidity"": 83.0}",-43.0,9.5,0,Normal
2026-08-18 22:25:36,H:83% T:29C,Temp & Humidity,"{""temperature"": 29.0, ""humidity"": 83.0}",-43.0,9.5,0,Normal
2026-08-18 22:25:36,H:83% T:29C,Temp & Humidity,"{""temperature"": 29.0, ""humidity"": 83.0}",-43.0,9.5,0,Normal
2026-08-18 22:25:36,H:83% T:29C,Temp & Humidity,"{""temperature"": 29.0, ""humidity"": 83.0}",-43.0,9.0,0,Normal
2026-08-18 22:25:36,H:83% T:29C,Temp & Humidity,"{""temperature"": 29.0, ""humidity"": 83.0}",-42.0,9.25,0,Normal
2026-08-18 22:25:36,H:83% T:29C,Temp & Humidity,"{""temperature"": 29.0, ""humidity"": 83.0}",-43.0,9.25,0,Normal
2026-08-18 22:25:36,H:83% T:29C,Temp & Humidity,"{""temperature"": 29.0, ""humidity"": 83.0}",-43.0,9.5,0,Normal
2026-08-18 22:25:36,H:83% T:29C,Temp & Humidity,"{""temperature"": 29.0, ""humidity"": 83.0}",-43.0,9.5,0,Normal
2026-08-18 22:25:36,H:83% T:29C,Temp & Humidity,"{""temperature"": 29.0, ""humidity"": 83.0}",-43.0,9.25,0,Normal
2026-08-18 22:25:36,H:83% T:29C,Temp & Humidity,"{""temperature"": 29.0, ""humidity"": 83.0}",-43.0,9.25,0,Normal
2026-08-18 22:25:36,H:83% T:29C,Temp & Humidity,"{""temperature"": 29.0, ""humidity"": 83.0}",-43.0,9.25,0,Normal
2026-08-18 22:25:36,H:83% T:29C,Temp & Humidity,"{""temperature"": 29.0, ""humidity"": 83.0}",-43.0,9.5,0,Normal
2026-08-18 22:25:36,H:83% T:29C,Temp & Humidity,"{""temperature"": 29.0, ""humidity"": 83.0}",-43.0,9.0,0,Normal
2026-08-18 22:25:36,H:83% T:29C,Temp & Humidity,"{""temperature"": 29.0, ""humidity"": 83.0}",-43.0,9.25,0,Normal
2026-08-18 22:25:36,H:83% T:29C,Temp & Humidity,"{""temperature"": 29.0, ""humidity"": 83.0}",-43.0,9.25,0,Normal
2026-08-18 22:25:36,H:83% T:29C,Temp & Humidity,"{""temperature"": 29.0, ""humidity"": 83.0}",-43.0,9.25,0,Normal
2026-08-18 22:25:36,H:83% T:29C,Temp & Humidity,"{""temperature"": 29.0, ""humidity"": 83.0}",-43.0,9.25,0,Normal
2026-08-18 22:25:36,H:83% T:29C,Temp & Humidity,"{""temperature"": 29.0, ""humidity"": 83.0}",-43.0,9.0,0,Normal
2026-08-18 22:25:36,H:83% T:29C,Temp & Humidity,"{""temperature"": 29.0, ""humidity"": 83.0}",-43.0,9.25,0,Normal
2026-08-18 22:25:36,H:83% T:29C,Temp & Humidity,"{""temperature"": 29.0, ""humidity"": 83.0}",-43.0,9.25,0,Normal
2026-08-18 22:25:36,H:83% T:29C,Temp & Humidity,"{""temperature"": 29.0, ""humidity"": 83.0}",-43.0,9.25,0,Normal
2026-08-18 22:25:36,H:83% T:29C,Temp & Humidity,"{""temperature"": 29.0, ""humidity"": 83.0}",-43.0,9.25,0,Normal
2026-08-18 22:25:36,H:83% T:29C,Temp & Humidity,"{""temperature"": 29.0, ""humidity"": 83.0}",-43.0,9.25,0,Normal
2026-08-18 22:25:36,H:83% T:29C,Temp & Humidity,"{""temperature"": 29.0, ""humidity"": 83.0}",-43.0,9.25,0,Normal
2026-08-18 22:25:36,H:83% T:29C,Temp & Humidity,"{""temperature"": 29.0, ""humidity"": 83.0}",-43.0,9.0,0,Normal
2026-08-18 22:25:36,H:83% T:29C,Temp & Humidity,"{""temperature"": 29.0, ""humidity"": 83.0}",-43.0,9.25,0,Normal
2026-08-18 22:25:36,H:83% T:29C,Temp & Humidity,"{""temperature"": 29.0, ""humidity"": 83.0}",-43.0,9.25,0,Normal
2026-08-18 22:25:36,H:83% T:29C,Temp & Humidity,"{""temperature"": 29.0, ""humidity"": 83.0}",-43.0,9.25,0,Normal
2026-08-18 22:25:36,H:83% T:29C,Temp & Humidity,"{""temperature"": 29.0, ""humidity"": 83.0}",-43.0,9.25,0,Normal
2026-08-18 22:25:36,H:83% T:29C,Temp & Humidity,"{""temperature"": 29.0, ""humidity"": 83.0}",-43.0,9.0,0,Normal
2026-08-18 22:25:36,H:83% T:29C,Temp & Humidity,"{""temperature"": 29.0, ""humidity"": 83.0}",-43.0,9.0,0,Normal
2026-08-18 22:25:36,H:83% T:29C,Temp & Humidity,"{""temperature"": 29.0, ""humidity"": 83.0}",-43.0,9.25,0,Normal
2026-08-18 22:25:36,H:83% T:29C,Temp & Humidity,"{""temperature"": 29.0, ""humidity"": 83.0}",-43.0,9.25,0,Normal
2026-08-18 22:25:36,H:83% T:29C,Temp & Humidity,"{""temperature"": 29.0, ""humidity"": 83.0}",-43.0,9.0,0,Normal
2026-08-18 22:25:36,H:83% T:29C,Temp & Humidity,"{""temperature"": 29.0, ""humidity"": 83.0}",-43.0,9.25,0,Normal
2026-08-18 22:25:36,H:83% T:29C,Temp & Humidity,"{""temperature"": 29.0, ""humidity"": 83.0}",-43.0,9.25,0,Normal
2026-08-18 22:25:36,H:83% T:29C,Temp & Humidity,"{""temperature"": 29.0, ""humidity"": 83.0}",-43.0,9.5,0,Normal
2026-08-18 22:25:36,H:83% T:29C,Temp & Humidity,"{""temperature"": 29.0, ""humidity"": 83.0}",-43.0,9.25,0,Normal
2026-08-18 22:25:36,H:83% T:29C,Temp & Humidity,"{""temperature"": 29.0, ""humidity"": 83.0}",-43.0,9.5,0,Normal
2026-08-18 22:25:36,H:83% T:29C,Temp & Humidity,"{""temperature"": 29.0, ""humidity"": 83.0}",-43.0,9.25,0,Normal
2026-08-18 22:25:36,H:83% T:29C,Temp & Humidity,"{""temperature"": 29.0, ""humidity"": 83.0}",-43.0,9.5,0,Normal
2026-08-18 22:25:36,H:83% T:29C,Temp & Humidity,"{""temperature"": 29.0, ""humidity"": 83.0}",-43.0,9.25,0,Normal
2026-08-18 22:25:36,H:83% T:29C,Temp & Humidity,"{""temperature"": 29.0, ""humidity"": 83.0}",-43.0,9.25,0,Normal
2026-08-18 22:25:36,H:83% T:29C,Temp & Humidity,"{""temperature"": 29.0, ""humidity"": 83.0}",-43.0,9.25,0,Normal
2026-08-18 22:25:36,H:83% T:29C,Temp & Humidity,"{""temperature"": 29.0, ""humidity"": 83.0}",-43.0,9.0,0,Normal
2026-08-18 22:25:36,H:83% T:29C,Temp & Humidity,"{""temperature"": 29.0, ""humidity"": 83.0}",-43.0,9.25,0,Normal
2026-08-18 22:25:36,H:83% T:29C,Temp & Humidity,"{""temperature"": 29.0, ""humidity"": 83.0}",-42.0,9.25,0,Normal
2026-08-18 22:25:36,H:83% T:29C,Temp & Humidity,"{""temperature"": 29.0, ""humidity"": 83.0}",-43.0,9.25,0,Normal
2026-08-18 22:25:36,H:83% T:29C,Temp & Humidity,"{""temperature"": 29.0, ""humidity"": 83.0}",-43.0,9.25,0,Normal
2026-08-18 22:25:36,H:83% T:29C,Temp & Humidity,"{""temperature"": 29.0, ""humidity"": 83.0}",-43.0,11.75,0,Normal
2026-08-18 22:25:36,H:83% T:29C,Temp & Humidity,"{""temperature"": 29.0, ""humidity"": 83.0}",-43.0,9.5,0,Normal
2026-08-18 22:25:36,H:83% T:29C,Temp & Humidity,"{""temperature"": 29.0, ""humidity"": 83.0}",-43.0,9.25,0,Normal
2026-08-18 22:25:36,H:83% T:29C,Temp & Humidity,"{""temperature"": 29.0, ""humidity"": 83.0}",-49.0,9.5,1,Isolation Forest ML Outlier
2026-08-18 22:25:36,H:83% T:29C,Temp & Humidity,"{""temperature"": 29.0, ""humidity"": 83.0}",-42.0,9.5,0,Normal
2026-08-18 22:25:36,H:83% T:29C,Temp & Humidity,"{""temperature"": 29.0, ""humidity"": 83.0}",-43.0,9.75,0,Normal
2026-08-18 22:25:36,H:83% T:29C,Temp & Humidity,"{""temperature"": 29.0, ""humidity"": 83.0}",-43.0,9.5,0,Normal
2026-08-18 22:25:36,H:83% T:29C,Temp & Humidity,"{""temperature"": 29.0, ""humidity"": 83.0}",-43.0,9.0,0,Normal
2026-08-18 22:25:36,H:83% T:29C,Temp & Humidity,"{""temperature"": 29.0, ""humidity"": 83.0}",-42.0,9.25,0,Normal
2026-08-18 22:25:36,H:83% T:29C,Temp & Humidity,"{""temperature"": 29.0, ""humidity"": 83.0}",-43.0,9.5,0,Normal
2026-08-18 22:25:36,H:83% T:29C,Temp & Humidity,"{""temperature"": 29.0, ""humidity"": 83.0}",-43.0,9.75,0,Normal
2026-08-18 22:25:36,H:83% T:29C,Temp & Humidity,"{""temperature"": 29.0, ""humidity"": 83.0}",-43.0,9.0,0,Normal
2026-08-18 22:25:36,H:83% T:29C,Temp & Humidity,"{""temperature"": 29.0, ""humidity"": 83.0}",-43.0,9.25,0,Normal
2026-08-18 22:25:36,H:83% T:29C,Temp & Humidity,"{""temperature"": 29.0, ""humidity"": 83.0}",-43.0,9.25,0,Normal
2026-08-18 22:25:36,H:83% T:29C,Temp & Humidity,"{""temperature"": 29.0, ""humidity"": 83.0}",-44.0,9.5,0,Normal
2026-08-18 22:25:36,H:83% T:29C,Temp & Humidity,"{""temperature"": 29.0, ""humidity"": 83.0}",-43.0,9.0,0,Normal
2026-08-18 22:25:36,H:83% T:29C,Temp & Humidity,"{""temperature"": 29.0, ""humidity"": 83.0}",-43.0,9.5,0,Normal
2026-08-18 22:25:36,H:83% T:29C,Temp & Humidity,"{""temperature"": 29.0, ""humidity"": 83.0}",-43.0,9.25,0,Normal
2026-08-18 22:25:36,H:83% T:29C,Temp & Humidity,"{""temperature"": 29.0, ""humidity"": 83.0}",-43.0,9.0,0,Normal
2026-08-18 22:25:36,H:83% T:29C,Temp & Humidity,"{""temperature"": 29.0, ""humidity"": 83.0}",-43.0,9.0,0,Normal
2026-08-18 22:25:36,H:83% T:29C,Temp & Humidity,"{""temperature"": 29.0, ""humidity"": 83.0}",-44.0,9.25,0,Normal
2026-08-18 22:25:36,H:83% T:29C,Temp & Humidity,"{""temperature"": 29.0, ""humidity"": 83.0}",-43.0,9.0,0,Normal
2026-08-18 22:25:36,H:83% T:29C,Temp & Humidity,"{""temperature"": 29.0, ""humidity"": 83.0}",-48.0,9.25,0,Normal
2026-08-18 22:25:36,H:83% T:29C,Temp & Humidity,"{""temperature"": 29.0, ""humidity"": 83.0}",-43.0,9.25,0,Normal
2026-08-18 22:25:36,H:83% T:29C,Temp & Humidity,"{""temperature"": 29.0, ""humidity"": 83.0}",-43.0,9.25,0,Normal
2026-08-18 22:25:36,H:83% T:29C,Temp & Humidity,"{""temperature"": 29.0, ""humidity"": 83.0}",-43.0,8.75,0,Normal
2026-08-18 22:25:36,H:83% T:29C,Temp & Humidity,"{""temperature"": 29.0, ""humidity"": 83.0}",-44.0,9.0,0,Normal
2026-08-18 22:25:36,H:83% T:29C,Temp & Humidity,"{""temperature"": 29.0, ""humidity"": 83.0}",-43.0,9.75,0,Normal
2026-08-18 22:25:36,H:83% T:29C,Temp & Humidity,"{""temperature"": 29.0, ""humidity"": 83.0}",-43.0,9.25,0,Normal
2026-08-18 22:25:36,H:83% T:29C,Temp & Humidity,"{""temperature"": 29.0, ""humidity"": 83.0}",-43.0,9.25,0,Normal
2026-08-18 22:25:36,H:83% T:29C,Temp & Humidity,"{""temperature"": 29.0, ""humidity"": 83.0}",-43.0,9.25,0,Normal
2026-08-18 22:25:36,H:83% T:29C,Temp & Humidity,"{""temperature"": 29.0, ""humidity"": 83.0}",-43.0,9.25,0,Normal
2026-08-18 22:25:36,H:83% T:29C,Temp & Humidity,"{""temperature"": 29.0, ""humidity"": 83.0}",-43.0,9.0,0,Normal
2026-08-18 22:25:36,H:83% T:29C,Temp & Humidity,"{""temperature"": 29.0, ""humidity"": 83.0}",-43.0,9.0,0,Normal
2026-08-18 22:25:36,H:83% T:29C,Temp & Humidity,"{""temperature"": 29.0, ""humidity"": 83.0}",-43.0,9.0,0,Normal
2026-08-18 22:25:36,H:83% T:29C,Temp & Humidity,"{""temperature"": 29.0, ""humidity"": 83.0}",-43.0,9.25,0,Normal
2026-08-18 22:25:36,H:83% T:29C,Temp & Humidity,"{""temperature"": 29.0, ""humidity"": 83.0}",-43.0,9.25,0,Normal
2026-08-18 22:25:36,H:83% T:29C,Temp & Humidity,"{""temperature"": 29.0, ""humidity"": 83.0}",-43.0,9.25,0,Normal
2026-08-18 22:25:37,H:83% T:29C,Temp & Humidity,"{""temperature"": 29.0, ""humidity"": 83.0}",-43.0,9.5,0,Normal
2026-08-18 22:25:37,H:83% T:29C,Temp & Humidity,"{""temperature"": 29.0, ""humidity"": 83.0}",-43.0,9.5,0,Normal
2026-08-18 22:25:37,H:83% T:29C,Temp & Humidity,"{""temperature"": 29.0, ""humidity"": 83.0}",-43.0,9.0,0,Normal
2026-08-18 22:25:37,H:83% T:29C,Temp & Humidity,"{""temperature"": 29.0, ""humidity"": 83.0}",-43.0,9.25,0,Normal
2026-08-18 22:25:37,H:83% T:29C,Temp & Humidity,"{""temperature"": 29.0, ""humidity"": 83.0}",-44.0,9.5,0,Normal
2026-08-18 22:25:37,H:83% T:29C,Temp & Humidity,"{""temperature"": 29.0, ""humidity"": 83.0}",-43.0,9.75,0,Normal
2026-08-18 22:25:37,H:83% T:29C,Temp & Humidity,"{""temperature"": 29.0, ""humidity"": 83.0}",-43.0,9.5,0,Normal
2026-08-18 22:25:37,H:83% T:29C,Temp & Humidity,"{""temperature"": 29.0, ""humidity"": 83.0}",-43.0,9.25,0,Normal
2026-08-18 22:25:37,H:83% T:29C,Temp & Humidity,"{""temperature"": 29.0, ""humidity"": 83.0}",-43.0,9.25,0,Normal
2026-08-18 22:25:37,H:83% T:29C,Temp & Humidity,"{""temperature"": 29.0, ""humidity"": 83.0}",-43.0,9.25,0,Normal
2026-08-18 22:25:37,H:83% T:29C,Temp & Humidity,"{""temperature"": 29.0, ""humidity"": 83.0}",-43.0,9.25,0,Normal
2026-08-18 22:25:37,H:83% T:29C,Temp & Humidity,"{""temperature"": 29.0, ""humidity"": 83.0}",-43.0,9.25,0,Normal
2026-08-18 22:25:37,H:83% T:29C,Temp & Humidity,"{""temperature"": 29.0, ""humidity"": 83.0}",-43.0,9.25,0,Normal
2026-08-18 22:25:37,H:83% T:29C,Temp & Humidity,"{""temperature"": 29.0, ""humidity"": 83.0}",-43.0,9.5,0,Normal
2026-08-18 22:25:37,H:83% T:29C,Temp & Humidity,"{""temperature"": 29.0, ""humidity"": 83.0}",-43.0,9.0,0,Normal
2026-08-18 22:25:37,H:83% T:29C,Temp & Humidity,"{""temperature"": 29.0, ""humidity"": 83.0}",-43.0,9.25,0,Normal
2026-08-18 22:25:37,H:83% T:29C,Temp & Humidity,"{""temperature"": 29.0, ""humidity"": 83.0}",-43.0,9.5,0,Normal
2026-08-18 22:25:37,H:83% T:29C,Temp & Humidity,"{""temperature"": 29.0, ""humidity"": 83.0}",-43.0,9.5,0,Normal
2026-08-18 22:25:37,H:83% T:29C,Temp & Humidity,"{""temperature"": 29.0, ""humidity"": 83.0}",-43.0,10.5,0,Normal
2026-08-18 22:25:37,H:83% T:29C,Temp & Humidity,"{""temperature"": 29.0, ""humidity"": 83.0}",-43.0,9.25,0,Normal
2026-08-18 22:25:37,H:83% T:29C,Temp & Humidity,"{""temperature"": 29.0, ""humidity"": 83.0}",-43.0,9.25,0,Normal
2026-08-18 22:25:37,H:83% T:29C,Temp & Humidity,"{""temperature"": 29.0, ""humidity"": 83.0}",-43.0,9.25,0,Normal
2026-08-18 22:25:37,H:83% T:29C,Temp & Humidity,"{""temperature"": 29.0, ""humidity"": 83.0}",-43.0,10.25,0,Normal
2026-08-18 22:25:37,H:83% T:29C,Temp & Humidity,"{""temperature"": 29.0, ""humidity"": 83.0}",-44.0,9.5,0,Normal
2026-08-18 22:25:37,H:83% T:29C,Temp & Humidity,"{""temperature"": 29.0, ""humidity"": 83.0}",-43.0,9.25,0,Normal
2026-08-18 22:25:37,H:83% T:29C,Temp & Humidity,"{""temperature"": 29.0, ""humidity"": 83.0}",-43.0,9.5,0,Normal
2026-08-18 22:25:37,H:83% T:29C,Temp & Humidity,"{""temperature"": 29.0, ""humidity"": 83.0}",-47.0,9.5,0,Normal
2026-08-18 22:25:37,H:83% T:29C,Temp & Humidity,"{""temperature"": 29.0, ""humidity"": 83.0}",-43.0,9.25,0,Normal
2026-08-18 22:25:37,H:83% T:29C,Temp & Humidity,"{""temperature"": 29.0, ""humidity"": 83.0}",-43.0,9.25,0,Normal
2026-08-18 22:25:37,H:83% T:29C,Temp & Humidity,"{""temperature"": 29.0, ""humidity"": 83.0}",-43.0,9.75,0,Normal
2026-08-18 22:25:37,H:83% T:29C,Temp & Humidity,"{""temperature"": 29.0, ""humidity"": 83.0}",-43.0,9.25,0,Normal
2026-08-18 22:25:37,H:83% T:29C,Temp & Humidity,"{""temperature"": 29.0, ""humidity"": 83.0}",-43.0,9.25,0,Normal
2026-08-18 22:25:37,H:83% T:29C,Temp & Humidity,"{""temperature"": 29.0, ""humidity"": 83.0}",-48.0,9.25,0,Normal
2026-08-18 22:25:37,H:83% T:29C,Temp & Humidity,"{""temperature"": 29.0, ""humidity"": 83.0}",-43.0,9.25,0,Normal
2026-08-18 22:25:37,H:83% T:29C,Temp & Humidity,"{""temperature"": 29.0, ""humidity"": 83.0}",-42.0,9.25,0,Normal
2026-08-18 22:25:37,H:83% T:29C,Temp & Humidity,"{""temperature"": 29.0, ""humidity"": 83.0}",-43.0,9.5,0,Normal
2026-08-18 22:25:37,H:83% T:29C,Temp & Humidity,"{""temperature"": 29.0, ""humidity"": 83.0}",-44.0,9.5,0,Normal
2026-08-18 22:25:37,H:83% T:29C,Temp & Humidity,"{""temperature"": 29.0, ""humidity"": 83.0}",-43.0,9.25,0,Normal
2026-08-18 22:25:37,H:83% T:29C,Temp & Humidity,"{""temperature"": 29.0, ""humidity"": 83.0}",-43.0,9.5,0,Normal
2026-08-18 22:25:37,H:83% T:29C,Temp & Humidity,"{""temperature"": 29.0, ""humidity"": 83.0}",-43.0,9.0,0,Normal
2026-08-18 22:25:37,H:83% T:29C,Temp & Humidity,"{""temperature"": 29.0, ""humidity"": 83.0}",-43.0,9.25,0,Normal
2026-08-18 22:25:37,H:83% T:29C,Temp & Humidity,"{""temperature"": 29.0, ""humidity"": 83.0}",-43.0,9.0,0,Normal
2026-08-18 22:25:37,H:83% T:29C,Temp & Humidity,"{""temperature"": 29.0, ""humidity"": 83.0}",-43.0,9.25,0,Normal
2026-08-18 22:25:37,H:83% T:29C,Temp & Humidity,"{""temperature"": 29.0, ""humidity"": 83.0}",-43.0,9.25,0,Normal
2026-08-18 22:25:37,H:83% T:29C,Temp & Humidity,"{""temperature"": 29.0, ""humidity"": 83.0}",-43.0,9.25,0,Normal
2026-08-18 22:25:37,H:83% T:29C,Temp & Humidity,"{""temperature"": 29.0, ""humidity"": 83.0}",-43.0,9.75,0,Normal
2026-08-18 22:25:37,H:83% T:29C,Temp & Humidity,"{""temperature"": 29.0, ""humidity"": 83.0}",-43.0,9.25,0,Normal
2026-08-18 22:25:37,H:83% T:29C,Temp & Humidity,"{""temperature"": 29.0, ""humidity"": 83.0}",-43.0,9.0,0,Normal
2026-08-18 22:25:37,H:83% T:29C,Temp & Humidity,"{""temperature"": 29.0, ""humidity"": 83.0}",-43.0,9.5,0,Normal
2026-08-18 22:25:37,H:83% T:29C,Temp & Humidity,"{""temperature"": 29.0, ""humidity"": 83.0}",-43.0,9.0,0,Normal
2026-08-18 22:25:37,H:83% T:29C,Temp & Humidity,"{""temperature"": 29.0, ""humidity"": 83.0}",-43.0,9.25,0,Normal
2026-08-18 22:25:37,H:83% T:29C,Temp & Humidity,"{""temperature"": 29.0, ""humidity"": 83.0}",-43.0,9.75,0,Normal
2026-08-18 22:25:37,H:83% T:29C,Temp & Humidity,"{""temperature"": 29.0, ""humidity"": 83.0}",-43.0,9.5,0,Normal
2026-08-18 22:25:37,H:83% T:29C,Temp & Humidity,"{""temperature"": 29.0, ""humidity"": 83.0}",-43.0,9.25,0,Normal
2026-08-18 22:25:37,H:83% T:29C,Temp & Humidity,"{""temperature"": 29.0, ""humidity"": 83.0}",-43.0,9.5,0,Normal
2026-08-18 22:25:37,H:83% T:29C,Temp & Humidity,"{""temperature"": 29.0, ""humidity"": 83.0}",-43.0,9.0,0,Normal
2026-08-18 22:25:37,H:83% T:29C,Temp & Humidity,"{""temperature"": 29.0, ""humidity"": 83.0}",-43.0,9.0,0,Normal
2026-08-18 22:25:37,H:83% T:29C,Temp & Humidity,"{""temperature"": 29.0, ""humidity"": 83.0}",-43.0,8.75,0,Normal
2026-08-18 22:25:37,H:83% T:29C,Temp & Humidity,"{""temperature"": 29.0, ""humidity"": 83.0}",-43.0,9.25,0,Normal
2026-08-18 22:25:37,H:83% T:29C,Temp & Humidity,"{""temperature"": 29.0, ""humidity"": 83.0}",-43.0,9.5,0,Normal
2026-08-18 22:25:37,H:83% T:29C,Temp & Humidity,"{""temperature"": 29.0, ""humidity"": 83.0}",-43.0,9.25,0,Normal
2026-08-18 22:25:37,H:83% T:29C,Temp & Humidity,"{""temperature"": 29.0, ""humidity"": 83.0}",-43.0,9.25,0,Normal
2026-08-18 22:25:37,H:83% T:29C,Temp & Humidity,"{""temperature"": 29.0, ""humidity"": 83.0}",-43.0,9.5,0,Normal
2026-08-18 22:25:37,H:83% T:29C,Temp & Humidity,"{""temperature"": 29.0, ""humidity"": 83.0}",-43.0,9.0,0,Normal
2026-08-18 22:25:37,H:83% T:29C,Temp & Humidity,"{""temperature"": 29.0, ""humidity"": 83.0}",-43.0,9.5,0,Normal
2026-08-18 22:25:37,H:83% T:29C,Temp & Humidity,"{""temperature"": 29.0, ""humidity"": 83.0}",-43.0,9.25,0,Normal
2026-08-18 22:25:37,H:83% T:29C,Temp & Humidity,"{""temperature"": 29.0, ""humidity"": 83.0}",-44.0,9.25,0,Normal
2026-08-18 22:25:37,H:83% T:29C,Temp & Humidity,"{""temperature"": 29.0, ""humidity"": 83.0}",-43.0,9.5,0,Normal
2026-08-18 22:25:37,H:83% T:29C,Temp & Humidity,"{""temperature"": 29.0, ""humidity"": 83.0}",-43.0,9.5,0,Normal
2026-08-18 22:25:37,H:83% T:29C,Temp & Humidity,"{""temperature"": 29.0, ""humidity"": 83.0}",-43.0,9.5,0,Normal
2026-08-18 22:25:37,H:83% T:29C,Temp & Humidity,"{""temperature"": 29.0, ""humidity"": 83.0}",-43.0,9.25,0,Normal
2026-08-18 22:25:37,H:83% T:29C,Temp & Humidity,"{""temperature"": 29.0, ""humidity"": 83.0}",-43.0,9.5,0,Normal
2026-08-18 22:25:37,H:83% T:29C,Temp & Humidity,"{""temperature"": 29.0, ""humidity"": 83.0}",-43.0,9.25,0,Normal
2026-08-18 22:25:37,H:83% T:29C,Temp & Humidity,"{""temperature"": 29.0, ""humidity"": 83.0}",-43.0,9.25,0,Normal
2026-08-18 22:25:37,H:83% T:29C,Temp & Humidity,"{""temperature"": 29.0, ""humidity"": 83.0}",-43.0,9.5,0,Normal
2026-08-18 22:25:37,H:83% T:29C,Temp & Humidity,"{""temperature"": 29.0, ""humidity"": 83.0}",-43.0,9.25,0,Normal
2026-08-18 22:25:37,H:83% T:29C,Temp & Humidity,"{""temperature"": 29.0, ""humidity"": 83.0}",-43.0,9.25,0,Normal
2026-08-18 22:25:37,H:83% T:29C,Temp & Humidity,"{""temperature"": 29.0, ""humidity"": 83.0}",-43.0,9.0,0,Normal
2026-08-18 22:25:37,H:83% T:29C,Temp & Humidity,"{""temperature"": 29.0, ""humidity"": 83.0}",-43.0,9.5,0,Normal
2026-08-18 22:25:37,H:83% T:29C,Temp & Humidity,"{""temperature"": 29.0, ""humidity"": 83.0}",-43.0,9.5,0,Normal
2026-08-18 22:25:37,H:83% T:29C,Temp & Humidity,"{""temperature"": 29.0, ""humidity"": 83.0}",-43.0,9.5,0,Normal
2026-08-18 22:25:37,H:83% T:29C,Temp & Humidity,"{""temperature"": 29.0, ""humidity"": 83.0}",-43.0,9.5,0,Normal
2026-08-18 22:25:37,H:83% T:29C,Temp & Humidity,"{""temperature"": 29.0, ""humidity"": 83.0}",-43.0,9.5,0,Normal
2026-08-18 22:25:37,H:83% T:29C,Temp & Humidity,"{""temperature"": 29.0, ""humidity"": 83.0}",-43.0,9.5,0,Normal
2026-08-18 22:25:37,H:83% T:29C,Temp & Humidity,"{""temperature"": 29.0, ""humidity"": 83.0}",-42.0,9.0,0,Normal
2026-08-18 22:25:37,H:83% T:29C,Temp & Humidity,"{""temperature"": 29.0, ""humidity"": 83.0}",-43.0,11.5,0,Normal
2026-08-18 22:25:37,H:83% T:29C,Temp & Humidity,"{""temperature"": 29.0, ""humidity"": 83.0}",-44.0,9.5,0,Normal
2026-08-18 22:25:37,H:83% T:29C,Temp & Humidity,"{""temperature"": 29.0, ""humidity"": 83.0}",-43.0,9.25,0,Normal
2026-08-18 22:25:37,H:83% T:29C,Temp & Humidity,"{""temperature"": 29.0, ""humidity"": 83.0}",-43.0,9.75,0,Normal
2026-08-18 22:25:37,H:83% T:29C,Temp & Humidity,"{""temperature"": 29.0, ""humidity"": 83.0}",-43.0,9.5,0,Normal
2026-08-18 22:25:37,H:83% T:29C,Temp & Humidity,"{""temperature"": 29.0, ""humidity"": 83.0}",-43.0,9.25,0,Normal
2026-08-18 22:25:37,H:83% T:29C,Temp & Humidity,"{""temperature"": 29.0, ""humidity"": 83.0}",-42.0,9.5,0,Normal
2026-08-18 22:25:37,H:83% T:29C,Temp & Humidity,"{""temperature"": 29.0, ""humidity"": 83.0}",-43.0,8.75,0,Normal
2026-08-18 22:25:37,H:83% T:29C,Temp & Humidity,"{""temperature"": 29.0, ""humidity"": 83.0}",-43.0,9.0,0,Normal
2026-08-18 22:25:37,H:83% T:29C,Temp & Humidity,"{""temperature"": 29.0, ""humidity"": 83.0}",-43.0,9.25,0,Normal
2026-08-18 22:25:37,H:83% T:29C,Temp & Humidity,"{""temperature"": 29.0, ""humidity"": 83.0}",-43.0,9.5,0,Normal
2026-08-18 22:25:37,H:83% T:29C,Temp & Humidity,"{""temperature"": 29.0, ""humidity"": 83.0}",-43.0,9.5,0,Normal
2026-08-18 22:25:37,H:83% T:29C,Temp & Humidity,"{""temperature"": 29.0, ""humidity"": 83.0}",-48.0,9.0,0,Normal
2026-08-18 22:25:37,H:83% T:29C,Temp & Humidity,"{""temperature"": 29.0, ""humidity"": 83.0}",-43.0,9.75,0,Normal
2026-08-18 22:25:37,H:83% T:29C,Temp & Humidity,"{""temperature"": 29.0, ""humidity"": 83.0}",-44.0,9.25,0,Normal
2026-08-18 22:25:37,H:83% T:29C,Temp & Humidity,"{""temperature"": 29.0, ""humidity"": 83.0}",-43.0,9.5,0,Normal
2026-08-18 22:25:37,H:83% T:29C,Temp & Humidity,"{""temperature"": 29.0, ""humidity"": 83.0}",-48.0,9.25,0,Normal
2026-08-18 22:25:37,H:83% T:29C,Temp & Humidity,"{""temperature"": 29.0, ""humidity"": 83.0}",-43.0,9.25,0,Normal
2026-08-18 22:25:37,H:83% T:29C,Temp & Humidity,"{""temperature"": 29.0, ""humidity"": 83.0}",-43.0,9.0,0,Normal
2026-08-18 22:25:37,H:83% T:29C,Temp & Humidity,"{""temperature"": 29.0, ""humidity"": 83.0}",-43.0,9.5,0,Normal
2026-08-18 22:25:37,H:83% T:29C,Temp & Humidity,"{""temperature"": 29.0, ""humidity"": 83.0}",-43.0,9.25,0,Normal
2026-08-18 22:25:37,H:83% T:29C,Temp & Humidity,"{""temperature"": 29.0, ""humidity"": 83.0}",-43.0,9.25,0,Normal
2026-08-18 22:25:37,H:83% T:29C,Temp & Humidity,"{""temperature"": 29.0, ""humidity"": 83.0}",-43.0,9.25,0,Normal
2026-08-18 22:25:37,H:83% T:29C,Temp & Humidity,"{""temperature"": 29.0, ""humidity"": 83.0}",-43.0,9.5,0,Normal
2026-08-18 22:25:37,H:83% T:29C,Temp & Humidity,"{""temperature"": 29.0, ""humidity"": 83.0}",-43.0,9.5,0,Normal
2026-08-18 22:25:37,H:83% T:29C,Temp & Humidity,"{""temperature"": 29.0, ""humidity"": 83.0}",-43.0,9.25,0,Normal
2026-08-18 22:25:37,H:83% T:29C,Temp & Humidity,"{""temperature"": 29.0, ""humidity"": 83.0}",-43.0,9.5,0,Normal
2026-08-18 22:25:37,H:83% T:29C,Temp & Humidity,"{""temperature"": 29.0, ""humidity"": 83.0}",-43.0,9.0,0,Normal
2026-08-18 22:25:37,H:83% T:29C,Temp & Humidity,"{""temperature"": 29.0, ""humidity"": 83.0}",-44.0,9.75,0,Normal
2026-08-18 22:25:37,H:83% T:29C,Temp & Humidity,"{""temperature"": 29.0, ""humidity"": 83.0}",-43.0,9.25,0,Normal
2026-08-18 22:25:37,H:83% T:29C,Temp & Humidity,"{""temperature"": 29.0, ""humidity"": 83.0}",-43.0,9.25,0,Normal
2026-08-18 22:25:37,H:83% T:29C,Temp & Humidity,"{""temperature"": 29.0, ""humidity"": 83.0}",-43.0,9.5,0,Normal
2026-08-18 22:25:37,H:83% T:29C,Temp & Humidity,"{""temperature"": 29.0, ""humidity"": 83.0}",-43.0,9.25,0,Normal
2026-08-18 22:25:37,H:83% T:29C,Temp & Humidity,"{""temperature"": 29.0, ""humidity"": 83.0}",-43.0,9.0,0,Normal
2026-08-18 22:25:37,H:83% T:29C,Temp & Humidity,"{""temperature"": 29.0, ""humidity"": 83.0}",-43.0,9.5,0,Normal
2026-08-18 22:25:37,H:83% T:29C,Temp & Humidity,"{""temperature"": 29.0, ""humidity"": 83.0}",-43.0,9.5,0,Normal
2026-08-18 22:25:37,H:83% T:29C,Temp & Humidity,"{""temperature"": 29.0, ""humidity"": 83.0}",-48.0,9.0,0,Normal
2026-08-18 22:25:37,H:83% T:29C,Temp & Humidity,"{""temperature"": 29.0, ""humidity"": 83.0}",-43.0,9.5,0,Normal
2026-08-18 22:25:37,H:83% T:29C,Temp & Humidity,"{""temperature"": 29.0, ""humidity"": 83.0}",-43.0,9.25,0,Normal
2026-08-18 22:25:37,H:83% T:29C,Temp & Humidity,"{""temperature"": 29.0, ""humidity"": 83.0}",-43.0,9.25,0,Normal
2026-08-18 22:25:37,H:83% T:29C,Temp & Humidity,"{""temperature"": 29.0, ""humidity"": 83.0}",-43.0,9.75,0,Normal
2026-08-18 22:25:37,H:83% T:29C,Temp & Humidity,"{""temperature"": 29.0, ""humidity"": 83.0}",-42.0,9.25,0,Normal
2026-08-18 22:25:37,H:83% T:29C,Temp & Humidity,"{""temperature"": 29.0, ""humidity"": 83.0}",-43.0,9.25,0,Normal
2026-08-18 22:25:37,H:83% T:29C,Temp & Humidity,"{""temperature"": 29.0, ""humidity"": 83.0}",-43.0,9.25,0,Normal
2026-08-18 22:25:37,H:83% T:29C,Temp & Humidity,"{""temperature"": 29.0, ""humidity"": 83.0}",-43.0,9.25,0,Normal
2026-08-18 22:25:37,H:83% T:29C,Temp & Humidity,"{""temperature"": 29.0, ""humidity"": 83.0}",-43.0,9.0,0,Normal
2026-08-18 22:25:37,H:83% T:29C,Temp & Humidity,"{""temperature"": 29.0, ""humidity"": 83.0}",-43.0,9.5,0,Normal
2026-08-18 22:25:37,H:83% T:29C,Temp & Humidity,"{""temperature"": 29.0, ""humidity"": 83.0}",-43.0,9.25,0,Normal
2026-08-18 22:25:37,H:83% T:29C,Temp & Humidity,"{""temperature"": 29.0, ""humidity"": 83.0}",-43.0,9.25,0,Normal
2026-08-18 22:25:37,H:83% T:29C,Temp & Humidity,"{""temperature"": 29.0, ""humidity"": 83.0}",-43.0,9.0,0,Normal
2026-08-18 22:25:37,H:83% T:29C,Temp & Humidity,"{""temperature"": 29.0, ""humidity"": 83.0}",-43.0,9.25,0,Normal
2026-08-18 22:25:37,H:83% T:29C,Temp & Humidity,"{""temperature"": 29.0, ""humidity"": 83.0}",-43.0,9.5,0,Normal
2026-08-18 22:25:37,H:83% T:29C,Temp & Humidity,"{""temperature"": 29.0, ""humidity"": 83.0}",-43.0,9.25,0,Normal
2026-08-18 22:25:37,H:83% T:29C,Temp & Humidity,"{""temperature"": 29.0, ""humidity"": 83.0}",-44.0,9.25,0,Normal
2026-08-18 22:25:37,H:83% T:29C,Temp & Humidity,"{""temperature"": 29.0, ""humidity"": 83.0}",-43.0,9.5,0,Normal
2026-08-18 22:25:37,H:83% T:29C,Temp & Humidity,"{""temperature"": 29.0, ""humidity"": 83.0}",-43.0,9.0,0,Normal
2026-08-18 22:25:37,H:83% T:29C,Temp & Humidity,"{""temperature"": 29.0, ""humidity"": 83.0}",-43.0,9.0,0,Normal
2026-08-18 22:25:37,H:83% T:29C,Temp & Humidity,"{""temperature"": 29.0, ""humidity"": 83.0}",-43.0,9.5,0,Normal
2026-08-18 22:25:37,H:83% T:29C,Temp & Humidity,"{""temperature"": 29.0, ""humidity"": 83.0}",-43.0,9.25,0,Normal
2026-08-18 22:25:37,H:83% T:29C,Temp & Humidity,"{""temperature"": 29.0, ""humidity"": 83.0}",-43.0,9.0,0,Normal
2026-08-18 22:25:37,H:83% T:29C,Temp & Humidity,"{""temperature"": 29.0, ""humidity"": 83.0}",-43.0,9.25,0,Normal
2026-08-18 22:25:37,H:83% T:29C,Temp & Humidity,"{""temperature"": 29.0, ""humidity"": 83.0}",-43.0,9.5,0,Normal
2026-08-18 22:25:37,H:83% T:29C,Temp & Humidity,"{""temperature"": 29.0, ""humidity"": 83.0}",-48.0,9.0,0,Normal
2026-08-18 22:25:37,H:83% T:29C,Temp & Humidity,"{""temperature"": 29.0, ""humidity"": 83.0}",-43.0,9.25,0,Normal
2026-08-18 22:25:37,H:83% T:29C,Temp & Humidity,"{""temperature"": 29.0, ""humidity"": 83.0}",-43.0,9.0,0,Normal
2026-08-18 22:25:37,H:83% T:29C,Temp & Humidity,"{""temperature"": 29.0, ""humidity"": 83.0}",-43.0,9.25,0,Normal
2026-08-18 22:25:37,H:83% T:29C,Temp & Humidity,"{""temperature"": 29.0, ""humidity"": 83.0}",-44.0,9.5,0,Normal
2026-08-18 22:25:37,H:83% T:29C,Temp & Humidity,"{""temperature"": 29.0, ""humidity"": 83.0}",-43.0,9.0,0,Normal
2026-08-18 22:25:37,H:83% T:29C,Temp & Humidity,"{""temperature"": 29.0, ""humidity"": 83.0}",-43.0,9.5,0,Normal
2026-08-18 22:25:37,H:83% T:29C,Temp & Humidity,"{""temperature"": 29.0, ""humidity"": 83.0}",-43.0,9.25,0,Normal
2026-08-18 22:25:37,H:83% T:29C,Temp & Humidity,"{""temperature"": 29.0, ""humidity"": 83.0}",-43.0,9.25,0,Normal
2026-08-18 22:25:37,H:83% T:29C,Temp & Humidity,"{""temperature"": 29.0, ""humidity"": 83.0}",-43.0,9.25,0,Normal
2026-08-18 22:25:37,H:83% T:29C,Temp & Humidity,"{""temperature"": 29.0, ""humidity"": 83.0}",-43.0,9.25,0,Normal
2026-08-18 22:25:37,H:83% T:29C,Temp & Humidity,"{""temperature"": 29.0, ""humidity"": 83.0}",-43.0,9.25,0,Normal
2026-08-18 22:25:37,H:83% T:29C,Temp & Humidity,"{""temperature"": 29.0, ""humidity"": 83.0}",-43.0,9.25,0,Normal
2026-08-18 22:25:37,H:83% T:29C,Temp & Humidity,"{""temperature"": 29.0, ""humidity"": 83.0}",-43.0,9.75,0,Normal
2026-08-18 22:25:37,H:83% T:29C,Temp & Humidity,"{""temperature"": 29.0, ""humidity"": 83.0}",-43.0,9.5,0,Normal
2026-08-18 22:25:37,H:83% T:29C,Temp & Humidity,"{""temperature"": 29.0, ""humidity"": 83.0}",-43.0,9.25,0,Normal
2026-08-18 22:25:37,H:83% T:29C,Temp & Humidity,"{""temperature"": 29.0, ""humidity"": 83.0}",-43.0,9.5,0,Normal
2026-08-18 22:25:37,H:83% T:29C,Temp & Humidity,"{""temperature"": 29.0, ""humidity"": 83.0}",-43.0,9.5,0,Normal
2026-08-18 22:25:37,H:83% T:29C,Temp & Humidity,"{""temperature"": 29.0, ""humidity"": 83.0}",-43.0,9.5,0,Normal
2026-08-18 22:25:37,H:83% T:29C,Temp & Humidity,"{""temperature"": 29.0, ""humidity"": 83.0}",-43.0,9.0,0,Normal
2026-08-18 22:25:37,H:83% T:29C,Temp & Humidity,"{""temperature"": 29.0, ""humidity"": 83.0}",-43.0,9.5,0,Normal
2026-08-18 22:25:37,H:83% T:29C,Temp & Humidity,"{""temperature"": 29.0, ""humidity"": 83.0}",-43.0,9.25,0,Normal
2026-08-18 22:25:37,H:83% T:29C,Temp & Humidity,"{""temperature"": 29.0, ""humidity"": 83.0}",-43.0,9.25,0,Normal
2026-08-18 22:25:37,H:83% T:29C,Temp & Humidity,"{""temperature"": 29.0, ""humidity"": 83.0}",-43.0,9.0,0,Normal
2026-08-18 22:25:37,H:83% T:29C,Temp & Humidity,"{""temperature"": 29.0, ""humidity"": 83.0}",-43.0,9.5,0,Normal
2026-08-18 22:25:37,H:83% T:29C,Temp & Humidity,"{""temperature"": 29.0, ""humidity"": 83.0}",-43.0,9.25,0,Normal
2026-08-18 22:25:37,H:83% T:29C,Temp & Humidity,"{""temperature"": 29.0, ""humidity"": 83.0}",-43.0,9.75,0,Normal
2026-08-18 22:25:37,H:83% T:29C,Temp & Humidity,"{""temperature"": 29.0, ""humidity"": 83.0}",-48.0,9.0,0,Normal
2026-08-18 22:25:37,H:83% T:29C,Temp & Humidity,"{""temperature"": 29.0, ""humidity"": 83.0}",-44.0,9.5,0,Normal
2026-08-18 22:25:37,H:83% T:29C,Temp & Humidity,"{""temperature"": 29.0, ""humidity"": 83.0}",-43.0,9.25,0,Normal
2026-08-18 22:25:37,H:83% T:29C,Temp & Humidity,"{""temperature"": 29.0, ""humidity"": 83.0}",-43.0,9.25,0,Normal
2026-08-18 22:25:37,H:83% T:29C,Temp & Humidity,"{""temperature"": 29.0, ""humidity"": 83.0}",-43.0,9.5,0,Normal
2026-08-18 22:25:37,H:83% T:29C,Temp & Humidity,"{""temperature"": 29.0, ""humidity"": 83.0}",-48.0,9.25,0,Normal
2026-08-18 22:25:37,H:83% T:29C,Temp & Humidity,"{""temperature"": 29.0, ""humidity"": 83.0}",-43.0,9.0,0,Normal
2026-08-18 22:25:37,H:83% T:29C,Temp & Humidity,"{""temperature"": 29.0, ""humidity"": 83.0}",-43.0,9.25,0,Normal
2026-08-18 22:25:37,H:83% T:29C,Temp & Humidity,"{""temperature"": 29.0, ""humidity"": 83.0}",-43.0,9.25,0,Normal
2026-08-18 22:25:37,H:83% T:29C,Temp & Humidity,"{""temperature"": 29.0, ""humidity"": 83.0}",-43.0,9.25,0,Normal
2026-08-18 22:25:37,H:83% T:29C,Temp & Humidity,"{""temperature"": 29.0, ""humidity"": 83.0}",-43.0,9.25,0,Normal
2026-08-18 22:25:37,H:83% T:29C,Temp & Humidity,"{""temperature"": 29.0, ""humidity"": 83.0}",-43.0,9.25,0,Normal
2026-08-18 22:25:37,H:83% T:29C,Temp & Humidity,"{""temperature"": 29.0, ""humidity"": 83.0}",-42.0,9.25,0,Normal
2026-08-18 22:25:37,H:83% T:29C,Temp & Humidity,"{""temperature"": 29.0, ""humidity"": 83.0}",-43.0,9.25,0,Normal
2026-08-18 22:25:37,H:83% T:29C,Temp & Humidity,"{""temperature"": 29.0, ""humidity"": 83.0}",-43.0,9.25,0,Normal
2026-08-18 22:25:37,H:83% T:29C,Temp & Humidity,"{""temperature"": 29.0, ""humidity"": 83.0}",-43.0,9.5,0,Normal
2026-08-18 22:25:37,H:83% T:29C,Temp & Humidity,"{""temperature"": 29.0, ""humidity"": 83.0}",-43.0,9.25,0,Normal
2026-08-18 22:25:37,H:83% T:29C,Temp & Humidity,"{""temperature"": 29.0, ""humidity"": 83.0}",-43.0,9.5,0,Normal
2026-08-18 22:25:37,H:83% T:29C,Temp & Humidity,"{""temperature"": 29.0, ""humidity"": 83.0}",-43.0,9.25,0,Normal
2026-08-18 22:25:37,H:83% T:29C,Temp & Humidity,"{""temperature"": 29.0, ""humidity"": 83.0}",-43.0,9.25,0,Normal
2026-08-18 22:25:37,H:83% T:29C,Temp & Humidity,"{""temperature"": 29.0, ""humidity"": 83.0}",-43.0,9.25,0,Normal
2026-08-18 22:25:37,H:83% T:29C,Temp & Humidity,"{""temperature"": 29.0, ""humidity"": 83.0}",-43.0,9.25,0,Normal
2026-08-18 22:25:37,H:83% T:29C,Temp & Humidity,"{""temperature"": 29.0, ""humidity"": 83.0}",-43.0,9.75,0,Normal
2026-08-18 22:25:37,H:83% T:29C,Temp & Humidity,"{""temperature"": 29.0, ""humidity"": 83.0}",-44.0,9.5,0,Normal
2026-08-18 22:25:37,H:83% T:29C,Temp & Humidity,"{""temperature"": 29.0, ""humidity"": 83.0}",-43.0,8.75,0,Normal
2026-08-18 22:25:37,H:83% T:29C,Temp & Humidity,"{""temperature"": 29.0, ""humidity"": 83.0}",-43.0,9.25,0,Normal
2026-08-18 22:25:37,H:83% T:29C,Temp & Humidity,"{""temperature"": 29.0, ""humidity"": 83.0}",-43.0,9.5,0,Normal
2026-08-18 22:25:37,H:83% T:29C,Temp & Humidity,"{""temperature"": 29.0, ""humidity"": 83.0}",-43.0,9.5,0,Normal
2026-08-18 22:25:37,H:83% T:29C,Temp & Humidity,"{""temperature"": 29.0, ""humidity"": 83.0}",-43.0,9.25,0,Normal
2026-08-18 22:25:37,H:83% T:29C,Temp & Humidity,"{""temperature"": 29.0, ""humidity"": 83.0}",-43.0,9.25,0,Normal
2026-08-18 22:25:37,H:83% T:29C,Temp & Humidity,"{""temperature"": 29.0, ""humidity"": 83.0}",-43.0,9.0,0,Normal
2026-08-18 22:25:37,H:83% T:29C,Temp & Humidity,"{""temperature"": 29.0, ""humidity"": 83.0}",-43.0,9.25,0,Normal
2026-08-18 22:25:37,H:83% T:29C,Temp & Humidity,"{""temperature"": 29.0, ""humidity"": 83.0}",-43.0,9.25,0,Normal
2026-08-18 22:25:37,H:83% T:29C,Temp & Humidity,"{""temperature"": 29.0, ""humidity"": 83.0}",-43.0,9.5,0,Normal
2026-08-18 22:25:37,H:83% T:29C,Temp & Humidity,"{""temperature"": 29.0, ""humidity"": 83.0}",-43.0,9.25,0,Normal
2026-08-18 22:25:37,H:83% T:29C,Temp & Humidity,"{""temperature"": 29.0, ""humidity"": 83.0}",-43.0,9.25,0,Normal
2026-08-18 22:25:37,H:83% T:29C,Temp & Humidity,"{""temperature"": 29.0, ""humidity"": 83.0}",-43.0,9.5,0,Normal
2026-08-18 22:25:37,H:83% T:29C,Temp & Humidity,"{""temperature"": 29.0, ""humidity"": 83.0}",-43.0,9.25,0,Normal
2026-08-18 22:25:37,H:83% T:29C,Temp & Humidity,"{""temperature"": 29.0, ""humidity"": 83.0}",-43.0,9.0,0,Normal
2026-08-18 22:25:37,H:83% T:29C,Temp & Humidity,"{""temperature"": 29.0, ""humidity"": 83.0}",-43.0,9.25,0,Normal
2026-08-18 22:25:37,H:83% T:29C,Temp & Humidity,"{""temperature"": 29.0, ""humidity"": 83.0}",-43.0,9.5,0,Normal
2026-08-18 22:25:37,H:83% T:29C,Temp & Humidity,"{""temperature"": 29.0, ""humidity"": 83.0}",-44.0,9.75,0,Normal
2026-08-18 22:25:37,H:83% T:29C,Temp & Humidity,"{""temperature"": 29.0, ""humidity"": 83.0}",-43.0,9.5,0,Normal
2026-08-18 22:25:37,H:83% T:29C,Temp & Humidity,"{""temperature"": 29.0, ""humidity"": 83.0}",-43.0,9.25,0,Normal
2026-08-18 22:25:37,H:83% T:29C,Temp & Humidity,"{""temperature"": 29.0, ""humidity"": 83.0}",-43.0,9.0,0,Normal
2026-08-18 22:25:37,H:83% T:29C,Temp & Humidity,"{""temperature"": 29.0, ""humidity"": 83.0}",-43.0,9.5,0,Normal
2026-08-18 22:25:37,H:83% T:29C,Temp & Humidity,"{""temperature"": 29.0, ""humidity"": 83.0}",-43.0,9.25,0,Normal
2026-08-18 22:25:37,H:83% T:29C,Temp & Humidity,"{""temperature"": 29.0, ""humidity"": 83.0}",-43.0,9.25,0,Normal
2026-08-18 22:25:37,H:83% T:29C,Temp & Humidity,"{""temperature"": 29.0, ""humidity"": 83.0}",-43.0,9.25,0,Normal
2026-08-18 22:25:37,H:83% T:29C,Temp & Humidity,"{""temperature"": 29.0, ""humidity"": 83.0}",-43.0,9.5,0,Normal
2026-08-18 22:25:37,H:83% T:29C,Temp & Humidity,"{""temperature"": 29.0, ""humidity"": 83.0}",-43.0,9.25,0,Normal
2026-08-18 22:25:37,H:83% T:29C,Temp & Humidity,"{""temperature"": 29.0, ""humidity"": 83.0}",-48.0,9.5,0,Normal
2026-08-18 22:25:37,H:83% T:29C,Temp & Humidity,"{""temperature"": 29.0, ""humidity"": 83.0}",-43.0,9.25,0,Normal
2026-08-18 22:25:37,H:83% T:29C,Temp & Humidity,"{""temperature"": 29.0, ""humidity"": 83.0}",-48.0,9.5,0,Normal
2026-08-18 22:25:37,H:83% T:29C,Temp & Humidity,"{""temperature"": 29.0, ""humidity"": 83.0}",-43.0,9.25,0,Normal
2026-08-18 22:25:37,H:83% T:29C,Temp & Humidity,"{""temperature"": 29.0, ""humidity"": 83.0}",-43.0,9.5,0,Normal
2026-08-18 22:25:37,H:83% T:29C,Temp & Humidity,"{""temperature"": 29.0, ""humidity"": 83.0}",-43.0,9.25,0,Normal
2026-08-18 22:25:37,H:83% T:29C,Temp & Humidity,"{""temperature"": 29.0, ""humidity"": 83.0}",-43.0,9.5,0,Normal
2026-08-18 22:25:37,H:83% T:29C,Temp & Humidity,"{""temperature"": 29.0, ""humidity"": 83.0}",-43.0,9.25,0,Normal
2026-08-18 22:25:37,H:83% T:29C,Temp & Humidity,"{""temperature"": 29.0, ""humidity"": 83.0}",-43.0,12.5,0,Normal
2026-08-18 22:25:37,H:83% T:29C,Temp & Humidity,"{""temperature"": 29.0, ""humidity"": 83.0}",-43.0,9.0,0,Normal
2026-08-18 22:25:37,H:83% T:29C,Temp & Humidity,"{""temperature"": 29.0, ""humidity"": 83.0}",-43.0,9.25,0,Normal
2026-08-18 22:25:37,H:83% T:29C,Temp & Humidity,"{""temperature"": 29.0, ""humidity"": 83.0}",-43.0,9.25,0,Normal
2026-08-18 22:25:37,H:83% T:29C,Temp & Humidity,"{""temperature"": 29.0, ""humidity"": 83.0}",-44.0,9.0,0,Normal
2026-08-18 22:25:37,H:83% T:29C,Temp & Humidity,"{""temperature"": 29.0, ""humidity"": 83.0}",-43.0,9.5,0,Normal
2026-08-18 22:25:37,H:83% T:29C,Temp & Humidity,"{""temperature"": 29.0, ""humidity"": 83.0}",-43.0,9.25,0,Normal
2026-08-18 22:25:37,H:83% T:29C,Temp & Humidity,"{""temperature"": 29.0, ""humidity"": 83.0}",-43.0,9.25,0,Normal
2026-08-18 22:25:37,H:83% T:29C,Temp & Humidity,"{""temperature"": 29.0, ""humidity"": 83.0}",-43.0,9.5,0,Normal
2026-08-18 22:25:37,H:83% T:29C,Temp & Humidity,"{""temperature"": 29.0, ""humidity"": 83.0}",-43.0,9.5,0,Normal
2026-08-18 22:25:37,H:83% T:29C,Temp & Humidity,"{""temperature"": 29.0, ""humidity"": 83.0}",-43.0,9.25,0,Normal
2026-08-18 22:25:37,H:83% T:29C,Temp & Humidity,"{""temperature"": 29.0, ""humidity"": 83.0}",-43.0,9.5,0,Normal
2026-08-18 22:25:37,H:83% T:29C,Temp & Humidity,"{""temperature"": 29.0, ""humidity"": 83.0}",-43.0,9.25,0,Normal
2026-08-18 22:25:37,H:83% T:29C,Temp & Humidity,"{""temperature"": 29.0, ""humidity"": 83.0}",-42.0,9.25,0,Normal
2026-08-18 22:25:37,H:83% T:29C,Temp & Humidity,"{""temperature"": 29.0, ""humidity"": 83.0}",-43.0,9.25,0,Normal
2026-08-18 22:25:37,H:83% T:29C,Temp & Humidity,"{""temperature"": 29.0, ""humidity"": 83.0}",-43.0,9.25,0,Normal
2026-08-18 22:25:37,H:83% T:29C,Temp & Humidity,"{""temperature"": 29.0, ""humidity"": 83.0}",-42.0,9.5,0,Normal
2026-08-18 22:25:37,H:83% T:29C,Temp & Humidity,"{""temperature"": 29.0, ""humidity"": 83.0}",-43.0,9.5,0,Normal
2026-08-18 22:25:37,H:83% T:29C,Temp & Humidity,"{""temperature"": 29.0, ""humidity"": 83.0}",-43.0,9.5,0,Normal
2026-08-18 22:25:37,H:83% T:29C,Temp & Humidity,"{""temperature"": 29.0, ""humidity"": 83.0}",-43.0,9.25,0,Normal
2026-08-18 22:25:37,H:83% T:29C,Temp & Humidity,"{""temperature"": 29.0, ""humidity"": 83.0}",-43.0,9.5,0,Normal
2026-08-18 22:25:37,H:83% T:29C,Temp & Humidity,"{""temperature"": 29.0, ""humidity"": 83.0}",-43.0,9.25,0,Normal
2026-08-18 22:25:37,H:83% T:29C,Temp & Humidity,"{""temperature"": 29.0, ""humidity"": 83.0}",-43.0,9.5,0,Normal
2026-08-18 22:25:37,H:83% T:29C,Temp & Humidity,"{""temperature"": 29.0, ""humidity"": 83.0}",-43.0,9.25,0,Normal
2026-08-18 22:25:37,H:83% T:29C,Temp & Humidity,"{""temperature"": 29.0, ""humidity"": 83.0}",-43.0,9.25,0,Normal
2026-08-18 22:25:37,H:83% T:29C,Temp & Humidity,"{""temperature"": 29.0, ""humidity"": 83.0}",-44.0,9.5,0,Normal
2026-08-18 22:25:37,H:83% T:29C,Temp & Humidity,"{""temperature"": 29.0, ""humidity"": 83.0}",-43.0,9.5,0,Normal
2026-08-18 22:25:37,H:83% T:29C,Temp & Humidity,"{""temperature"": 29.0, ""humidity"": 83.0}",-48.0,9.0,0,Normal
2026-08-18 22:25:37,H:83% T:29C,Temp & Humidity,"{""temperature"": 29.0, ""humidity"": 83.0}",-43.0,9.5,0,Normal
2026-08-18 22:25:37,H:83% T:29C,Temp & Humidity,"{""temperature"": 29.0, ""humidity"": 83.0}",-43.0,9.0,0,Normal
2026-08-18 22:25:37,H:83% T:29C,Temp & Humidity,"{""temperature"": 29.0, ""humidity"": 83.0}",-43.0,9.25,0,Normal
2026-08-18 22:25:37,H:83% T:29C,Temp & Humidity,"{""temperature"": 29.0, ""humidity"": 83.0}",-43.0,9.0,0,Normal
2026-08-18 22:25:37,H:83% T:29C,Temp & Humidity,"{""temperature"": 29.0, ""humidity"": 83.0}",-43.0,9.5,0,Normal
2026-08-18 22:25:37,H:83% T:29C,Temp & Humidity,"{""temperature"": 29.0, ""humidity"": 83.0}",-43.0,9.25,0,Normal
2026-08-18 22:25:37,H:83% T:29C,Temp & Humidity,"{""temperature"": 29.0, ""humidity"": 83.0}",-43.0,9.25,0,Normal
2026-08-18 22:25:37,H:83% T:29C,Temp & Humidity,"{""temperature"": 29.0, ""humidity"": 83.0}",-43.0,9.25,0,Normal
2026-08-18 22:25:37,H:83% T:29C,Temp & Humidity,"{""temperature"": 29.0, ""humidity"": 83.0}",-43.0,9.25,0,Normal
2026-08-18 22:25:37,H:83% T:29C,Temp & Humidity,"{""temperature"": 29.0, ""humidity"": 83.0}",-43.0,9.0,0,Normal
2026-08-18 22:25:37,H:83% T:29C,Temp & Humidity,"{""temperature"": 29.0, ""humidity"": 83.0}",-43.0,9.5,0,Normal
2026-08-18 22:25:37,H:83% T:29C,Temp & Humidity,"{""temperature"": 29.0, ""humidity"": 83.0}",-43.0,9.0,0,Normal
2026-08-18 22:25:37,H:83% T:29C,Temp & Humidity,"{""temperature"": 29.0, ""humidity"": 83.0}",-43.0,9.5,0,Normal
2026-08-18 22:25:37,H:83% T:29C,Temp & Humidity,"{""temperature"": 29.0, ""humidity"": 83.0}",-43.0,9.25,0,Normal
2026-08-18 22:25:37,H:83% T:29C,Temp & Humidity,"{""temperature"": 29.0, ""humidity"": 83.0}",-43.0,9.25,0,Normal
2026-08-18 22:25:37,H:83% T:29C,Temp & Humidity,"{""temperature"": 29.0, ""humidity"": 83.0}",-43.0,8.75,0,Normal
2026-08-18 22:25:37,H:83% T:29C,Temp & Humidity,"{""temperature"": 29.0, ""humidity"": 83.0}",-43.0,9.5,0,Normal
2026-08-18 22:25:37,H:83% T:29C,Temp & Humidity,"{""temperature"": 29.0, ""humidity"": 83.0}",-48.0,9.0,0,Normal
2026-08-18 22:25:37,H:83% T:29C,Temp & Humidity,"{""temperature"": 29.0, ""humidity"": 83.0}",-43.0,9.25,0,Normal
2026-08-18 22:25:37,H:83% T:29C,Temp & Humidity,"{""temperature"": 29.0, ""humidity"": 83.0}",-44.0,9.25,0,Normal
2026-08-18 22:25:37,H:83% T:29C,Temp & Humidity,"{""temperature"": 29.0, ""humidity"": 83.0}",-43.0,9.25,0,Normal
2026-08-18 22:25:37,H:83% T:29C,Temp & Humidity,"{""temperature"": 29.0, ""humidity"": 83.0}",-43.0,9.0,0,Normal
2026-08-18 22:25:37,H:83% T:29C,Temp & Humidity,"{""temperature"": 29.0, ""humidity"": 83.0}",-43.0,9.25,0,Normal
2026-08-18 22:25:37,H:83% T:29C,Temp & Humidity,"{""temperature"": 29.0, ""humidity"": 83.0}",-43.0,9.25,0,Normal
2026-08-18 22:25:37,H:83% T:29C,Temp & Humidity,"{""temperature"": 29.0, ""humidity"": 83.0}",-43.0,9.25,0,Normal
2026-08-18 22:25:37,H:83% T:29C,Temp & Humidity,"{""temperature"": 29.0, ""humidity"": 83.0}",-43.0,9.25,0,Normal
2026-08-18 22:25:37,H:83% T:29C,Temp & Humidity,"{""temperature"": 29.0, ""humidity"": 83.0}",-43.0,9.5,0,Normal
2026-08-18 22:25:37,H:83% T:29C,Temp & Humidity,"{""temperature"": 29.0, ""humidity"": 83.0}",-43.0,9.5,0,Normal
2026-08-18 22:25:37,H:83% T:29C,Temp & Humidity,"{""temperature"": 29.0, ""humidity"": 83.0}",-43.0,9.0,0,Normal
2026-08-18 22:25:37,H:83% T:29C,Temp & Humidity,"{""temperature"": 29.0, ""humidity"": 83.0}",-43.0,9.0,0,Normal
2026-08-18 22:25:37,H:83% T:29C,Temp & Humidity,"{""temperature"": 29.0, ""humidity"": 83.0}",-42.0,9.0,0,Normal
2026-08-18 22:25:37,H:83% T:29C,Temp & Humidity,"{""temperature"": 29.0, ""humidity"": 83.0}",-43.0,9.5,0,Normal
2026-08-18 22:25:37,H:83% T:29C,Temp & Humidity,"{""temperature"": 29.0, ""humidity"": 83.0}",-43.0,9.0,0,Normal
2026-08-18 22:25:37,H:83% T:29C,Temp & Humidity,"{""temperature"": 29.0, ""humidity"": 83.0}",-43.0,9.25,0,Normal
2026-08-18 22:25:37,H:83% T:29C,Temp & Humidity,"{""temperature"": 29.0, ""humidity"": 83.0}",-48.0,9.0,0,Normal
2026-08-18 22:25:37,H:83% T:29C,Temp & Humidity,"{""temperature"": 29.0, ""humidity"": 83.0}",-43.0,9.5,0,Normal
2026-08-18 22:25:37,H:83% T:29C,Temp & Humidity,"{""temperature"": 29.0, ""humidity"": 83.0}",-43.0,9.0,0,Normal
2026-08-18 22:25:37,H:83% T:29C,Temp & Humidity,"{""temperature"": 29.0, ""humidity"": 83.0}",-43.0,9.5,0,Normal
2026-08-18 22:25:37,H:83% T:29C,Temp & Humidity,"{""temperature"": 29.0, ""humidity"": 83.0}",-43.0,9.0,0,Normal
2026-08-18 22:25:37,H:83% T:29C,Temp & Humidity,"{""temperature"": 29.0, ""humidity"": 83.0}",-43.0,9.25,0,Normal
2026-08-18 22:25:37,H:83% T:29C,Temp & Humidity,"{""temperature"": 29.0, ""humidity"": 83.0}",-43.0,9.25,0,Normal
2026-08-18 22:25:37,H:83% T:29C,Temp & Humidity,"{""temperature"": 29.0, ""humidity"": 83.0}",-43.0,9.5,0,Normal
2026-08-18 22:25:37,H:83% T:29C,Temp & Humidity,"{""temperature"": 29.0, ""humidity"": 83.0}",-44.0,9.25,0,Normal
2026-08-18 22:25:37,H:83% T:29C,Temp & Humidity,"{""temperature"": 29.0, ""humidity"": 83.0}",-43.0,9.5,0,Normal
2026-08-18 22:25:37,H:83% T:29C,Temp & Humidity,"{""temperature"": 29.0, ""humidity"": 83.0}",-43.0,9.25,0,Normal
2026-08-18 22:25:37,H:83% T:29C,Temp & Humidity,"{""temperature"": 29.0, ""humidity"": 83.0}",-43.0,9.0,0,Normal
2026-08-18 22:25:37,H:83% T:29C,Temp & Humidity,"{""temperature"": 29.0, ""humidity"": 83.0}",-43.0,9.0,0,Normal
2026-08-18 22:25:37,H:83% T:29C,Temp & Humidity,"{""temperature"": 29.0, ""humidity"": 83.0}",-48.0,9.0,0,Normal
2026-08-18 22:25:37,H:83% T:29C,Temp & Humidity,"{""temperature"": 29.0, ""humidity"": 83.0}",-43.0,9.25,0,Normal
2026-08-18 22:25:37,H:83% T:29C,Temp & Humidity,"{""temperature"": 29.0, ""humidity"": 83.0}",-43.0,9.0,0,Normal
2026-08-18 22:25:37,H:83% T:29C,Temp & Humidity,"{""temperature"": 29.0, ""humidity"": 83.0}",-43.0,9.25,0,Normal
2026-08-18 22:25:37,H:83% T:29C,Temp & Humidity,"{""temperature"": 29.0, ""humidity"": 83.0}",-43.0,9.25,0,Normal
2026-08-18 22:25:37,H:83% T:29C,Temp & Humidity,"{""temperature"": 29.0, ""humidity"": 83.0}",-43.0,9.25,0,Normal
2026-08-18 22:25:37,H:83% T:29C,Temp & Humidity,"{""temperature"": 29.0, ""humidity"": 83.0}",-43.0,9.25,0,Normal
2026-08-18 22:25:38,H:83% T:29C,Temp & Humidity,"{""temperature"": 29.0, ""humidity"": 83.0}",-43.0,9.5,0,Normal
2026-08-18 22:25:38,H:83% T:29C,Temp & Humidity,"{""temperature"": 29.0, ""humidity"": 83.0}",-48.0,8.75,0,Normal
2026-08-18 22:25:38,H:83% T:29C,Temp & Humidity,"{""temperature"": 29.0, ""humidity"": 83.0}",-43.0,9.5,0,Normal
2026-08-18 22:25:38,H:83% T:29C,Temp & Humidity,"{""temperature"": 29.0, ""humidity"": 83.0}",-43.0,10.5,0,Normal
2026-08-18 22:25:38,H:83% T:29C,Temp & Humidity,"{""temperature"": 29.0, ""humidity"": 83.0}",-43.0,9.25,0,Normal
2026-08-18 22:25:38,H:83% T:29C,Temp & Humidity,"{""temperature"": 29.0, ""humidity"": 83.0}",-43.0,9.5,0,Normal
2026-08-18 22:25:38,H:83% T:29C,Temp & Humidity,"{""temperature"": 29.0, ""humidity"": 83.0}",-43.0,9.25,0,Normal
2026-08-18 22:25:38,H:83% T:29C,Temp & Humidity,"{""temperature"": 29.0, ""humidity"": 83.0}",-43.0,9.25,0,Normal
2026-08-18 22:25:38,H:83% T:29C,Temp & Humidity,"{""temperature"": 29.0, ""humidity"": 83.0}",-43.0,9.25,0,Normal
2026-08-18 22:25:38,H:83% T:29C,Temp & Humidity,"{""temperature"": 29.0, ""humidity"": 83.0}",-43.0,9.75,0,Normal
2026-08-18 22:25:38,H:83% T:29C,Temp & Humidity,"{""temperature"": 29.0, ""humidity"": 83.0}",-43.0,9.25,0,Normal
2026-08-18 22:25:38,H:83% T:29C,Temp & Humidity,"{""temperature"": 29.0, ""humidity"": 83.0}",-43.0,9.25,0,Normal
2026-08-18 22:25:38,H:83% T:29C,Temp & Humidity,"{""temperature"": 29.0, ""humidity"": 83.0}",-43.0,9.25,0,Normal
2026-08-18 22:25:38,H:83% T:29C,Temp & Humidity,"{""temperature"": 29.0, ""humidity"": 83.0}",-43.0,9.5,0,Normal
2026-08-18 22:25:38,H:83% T:29C,Temp & Humidity,"{""temperature"": 29.0, ""humidity"": 83.0}",-43.0,9.5,0,Normal
2026-08-18 22:25:38,H:83% T:29C,Temp & Humidity,"{""temperature"": 29.0, ""humidity"": 83.0}",-43.0,9.25,0,Normal
2026-08-18 22:25:38,H:83% T:29C,Temp & Humidity,"{""temperature"": 29.0, ""humidity"": 83.0}",-43.0,9.0,0,Normal
2026-08-18 22:25:38,H:83% T:29C,Temp & Humidity,"{""temperature"": 29.0, ""humidity"": 83.0}",-43.0,9.25,0,Normal
2026-08-18 22:25:38,H:83% T:29C,Temp & Humidity,"{""temperature"": 29.0, ""humidity"": 83.0}",-43.0,9.5,0,Normal
2026-08-18 22:25:38,H:83% T:29C,Temp & Humidity,"{""temperature"": 29.0, ""humidity"": 83.0}",-43.0,9.25,0,Normal
2026-08-18 22:25:38,H:83% T:29C,Temp & Humidity,"{""temperature"": 29.0, ""humidity"": 83.0}",-43.0,9.0,0,Normal
2026-08-18 22:25:38,H:83% T:29C,Temp & Humidity,"{""temperature"": 29.0, ""humidity"": 83.0}",-43.0,9.25,0,Normal
2026-08-18 22:25:38,H:83% T:29C,Temp & Humidity,"{""temperature"": 29.0, ""humidity"": 83.0}",-43.0,9.25,0,Normal
2026-08-18 22:25:38,H:83% T:29C,Temp & Humidity,"{""temperature"": 29.0, ""humidity"": 83.0}",-43.0,9.25,0,Normal
2026-08-18 22:25:38,H:83% T:29C,Temp & Humidity,"{""temperature"": 29.0, ""humidity"": 83.0}",-43.0,9.25,0,Normal
2026-08-18 22:25:38,H:83% T:29C,Temp & Humidity,"{""temperature"": 29.0, ""humidity"": 83.0}",-43.0,9.25,0,Normal
2026-08-18 22:25:38,H:83% T:29C,Temp & Humidity,"{""temperature"": 29.0, ""humidity"": 83.0}",-42.0,9.5,0,Normal
2026-08-18 22:25:38,H:83% T:29C,Temp & Humidity,"{""temperature"": 29.0, ""humidity"": 83.0}",-44.0,9.25,0,Normal
2026-08-18 22:25:38,H:83% T:29C,Temp & Humidity,"{""temperature"": 29.0, ""humidity"": 83.0}",-48.0,9.0,0,Normal
2026-08-18 22:25:38,H:83% T:29C,Temp & Humidity,"{""temperature"": 29.0, ""humidity"": 83.0}",-44.0,9.25,0,Normal
2026-08-18 22:25:38,H:83% T:29C,Temp & Humidity,"{""temperature"": 29.0, ""humidity"": 83.0}",-43.0,9.5,0,Normal
2026-08-18 22:25:38,H:83% T:29C,Temp & Humidity,"{""temperature"": 29.0, ""humidity"": 83.0}",-43.0,9.25,0,Normal
2026-08-18 22:25:38,H:83% T:29C,Temp & Humidity,"{""temperature"": 29.0, ""humidity"": 83.0}",-43.0,9.25,0,Normal
2026-08-18 22:25:38,H:83% T:29C,Temp & Humidity,"{""temperature"": 29.0, ""humidity"": 83.0}",-43.0,9.75,0,Normal
2026-08-18 22:25:38,H:83% T:29C,Temp & Humidity,"{""temperature"": 29.0, ""humidity"": 83.0}",-43.0,9.75,0,Normal
2026-08-18 22:25:38,H:83% T:29C,Temp & Humidity,"{""temperature"": 29.0, ""humidity"": 83.0}",-43.0,9.0,0,Normal
2026-08-18 22:25:38,H:83% T:29C,Temp & Humidity,"{""temperature"": 29.0, ""humidity"": 83.0}",-44.0,9.25,0,Normal
2026-08-18 22:25:38,H:83% T:29C,Temp & Humidity,"{""temperature"": 29.0, ""humidity"": 83.0}",-43.0,9.0,0,Normal
2026-08-18 22:25:38,H:83% T:29C,Temp & Humidity,"{""temperature"": 29.0, ""humidity"": 83.0}",-43.0,9.25,0,Normal
2026-08-18 22:25:38,H:83% T:29C,Temp & Humidity,"{""temperature"": 29.0, ""humidity"": 83.0}",-43.0,9.0,0,Normal
2026-08-18 22:25:38,H:83% T:29C,Temp & Humidity,"{""temperature"": 29.0, ""humidity"": 83.0}",-43.0,9.25,0,Normal
2026-08-18 22:25:38,H:83% T:29C,Temp & Humidity,"{""temperature"": 29.0, ""humidity"": 83.0}",-48.0,9.0,0,Normal
2026-08-18 22:25:38,H:83% T:29C,Temp & Humidity,"{""temperature"": 29.0, ""humidity"": 83.0}",-43.0,9.25,0,Normal
2026-08-18 22:25:38,H:83% T:29C,Temp & Humidity,"{""temperature"": 29.0, ""humidity"": 83.0}",-43.0,9.25,0,Normal
2026-08-18 22:25:38,H:83% T:29C,Temp & Humidity,"{""temperature"": 29.0, ""humidity"": 83.0}",-43.0,9.5,0,Normal
2026-08-18 22:25:38,H:83% T:29C,Temp & Humidity,"{""temperature"": 29.0, ""humidity"": 83.0}",-43.0,9.75,0,Normal
2026-08-18 22:25:38,H:83% T:29C,Temp & Humidity,"{""temperature"": 29.0, ""humidity"": 83.0}",-43.0,9.5,0,Normal
2026-08-18 22:25:38,H:83% T:29C,Temp & Humidity,"{""temperature"": 29.0, ""humidity"": 83.0}",-43.0,9.25,0,Normal
2026-08-18 22:25:38,H:83% T:29C,Temp & Humidity,"{""temperature"": 29.0, ""humidity"": 83.0}",-43.0,9.5,0,Normal
2026-08-18 22:25:38,H:83% T:29C,Temp & Humidity,"{""temperature"": 29.0, ""humidity"": 83.0}",-43.0,9.0,0,Normal
2026-08-18 22:25:38,H:83% T:29C,Temp & Humidity,"{""temperature"": 29.0, ""humidity"": 83.0}",-43.0,9.0,0,Normal
2026-08-18 22:25:38,H:83% T:29C,Temp & Humidity,"{""temperature"": 29.0, ""humidity"": 83.0}",-43.0,9.25,0,Normal
2026-08-18 22:25:38,H:83% T:29C,Temp & Humidity,"{""temperature"": 29.0, ""humidity"": 83.0}",-43.0,9.25,0,Normal
2026-08-18 22:25:38,H:83% T:29C,Temp & Humidity,"{""temperature"": 29.0, ""humidity"": 83.0}",-43.0,9.75,0,Normal
2026-08-18 22:25:38,H:83% T:29C,Temp & Humidity,"{""temperature"": 29.0, ""humidity"": 83.0}",-43.0,9.25,0,Normal
2026-08-18 22:25:38,H:83% T:29C,Temp & Humidity,"{""temperature"": 29.0, ""humidity"": 83.0}",-43.0,9.25,0,Normal
2026-08-18 22:25:38,H:83% T:29C,Temp & Humidity,"{""temperature"": 29.0, ""humidity"": 83.0}",-43.0,9.0,0,Normal
2026-08-18 22:25:38,H:83% T:29C,Temp & Humidity,"{""temperature"": 29.0, ""humidity"": 83.0}",-43.0,9.5,0,Normal
2026-08-18 22:25:38,H:83% T:29C,Temp & Humidity,"{""temperature"": 29.0, ""humidity"": 83.0}",-43.0,9.0,0,Normal
2026-08-18 22:25:38,H:83% T:29C,Temp & Humidity,"{""temperature"": 29.0, ""humidity"": 83.0}",-43.0,9.25,0,Normal
2026-08-18 22:25:38,H:83% T:29C,Temp & Humidity,"{""temperature"": 29.0, ""humidity"": 83.0}",-43.0,9.25,0,Normal
2026-08-18 22:25:38,H:83% T:29C,Temp & Humidity,"{""temperature"": 29.0, ""humidity"": 83.0}",-43.0,9.25,0,Normal
2026-08-18 22:25:38,H:83% T:29C,Temp & Humidity,"{""temperature"": 29.0, ""humidity"": 83.0}",-43.0,9.0,0,Normal
2026-08-18 22:25:38,H:83% T:29C,Temp & Humidity,"{""temperature"": 29.0, ""humidity"": 83.0}",-43.0,9.25,0,Normal
2026-08-18 22:25:38,H:83% T:29C,Temp & Humidity,"{""temperature"": 29.0, ""humidity"": 83.0}",-43.0,9.5,0,Normal
2026-08-18 22:25:38,H:83% T:29C,Temp & Humidity,"{""temperature"": 29.0, ""humidity"": 83.0}",-43.0,9.25,0,Normal
2026-08-18 22:25:38,H:83% T:29C,Temp & Humidity,"{""temperature"": 29.0, ""humidity"": 83.0}",-48.0,12.25,0,Normal
2026-08-18 22:25:38,H:83% T:29C,Temp & Humidity,"{""temperature"": 29.0, ""humidity"": 83.0}",-43.0,9.5,0,Normal
2026-08-18 22:25:38,H:83% T:29C,Temp & Humidity,"{""temperature"": 29.0, ""humidity"": 83.0}",-43.0,10.0,0,Normal
2026-08-18 22:25:38,H:83% T:29C,Temp & Humidity,"{""temperature"": 29.0, ""humidity"": 83.0}",-43.0,9.0,0,Normal
2026-08-18 22:25:38,H:83% T:29C,Temp & Humidity,"{""temperature"": 29.0, ""humidity"": 83.0}",-43.0,9.25,0,Normal
2026-08-18 22:25:38,H:83% T:29C,Temp & Humidity,"{""temperature"": 29.0, ""humidity"": 83.0}",-42.0,9.25,0,Normal
2026-08-18 22:25:38,H:83% T:29C,Temp & Humidity,"{""temperature"": 29.0, ""humidity"": 83.0}",-43.0,9.75,0,Normal
2026-08-18 22:25:38,H:83% T:29C,Temp & Humidity,"{""temperature"": 29.0, ""humidity"": 83.0}",-43.0,9.25,0,Normal
2026-08-18 22:25:38,H:83% T:29C,Temp & Humidity,"{""temperature"": 29.0, ""humidity"": 83.0}",-48.0,9.25,0,Normal
2026-08-18 22:25:38,H:83% T:29C,Temp & Humidity,"{""temperature"": 29.0, ""humidity"": 83.0}",-43.0,9.25,0,Normal
2026-08-18 22:25:38,H:83% T:29C,Temp & Humidity,"{""temperature"": 29.0, ""humidity"": 83.0}",-43.0,9.25,0,Normal
2026-08-18 22:25:38,H:83% T:29C,Temp & Humidity,"{""temperature"": 29.0, ""humidity"": 83.0}",-43.0,9.25,0,Normal
2026-08-18 22:25:38,H:83% T:29C,Temp & Humidity,"{""temperature"": 29.0, ""humidity"": 83.0}",-43.0,9.5,0,Normal
2026-08-18 22:25:38,H:83% T:29C,Temp & Humidity,"{""temperature"": 29.0, ""humidity"": 83.0}",-43.0,9.25,0,Normal
2026-08-18 22:25:38,H:83% T:29C,Temp & Humidity,"{""temperature"": 29.0, ""humidity"": 83.0}",-43.0,9.5,0,Normal
2026-08-18 22:25:38,H:83% T:29C,Temp & Humidity,"{""temperature"": 29.0, ""humidity"": 83.0}",-43.0,9.0,0,Normal
2026-08-18 22:25:38,H:83% T:29C,Temp & Humidity,"{""temperature"": 29.0, ""humidity"": 83.0}",-48.0,9.0,0,Normal
2026-08-18 22:25:38,H:83% T:29C,Temp & Humidity,"{""temperature"": 29.0, ""humidity"": 83.0}",-43.0,9.75,0,Normal
2026-08-18 22:25:38,H:83% T:29C,Temp & Humidity,"{""temperature"": 29.0, ""humidity"": 83.0}",-43.0,9.25,0,Normal
2026-08-18 22:25:38,H:83% T:29C,Temp & Humidity,"{""temperature"": 29.0, ""humidity"": 83.0}",-43.0,9.25,0,Normal
2026-08-18 22:25:38,H:83% T:29C,Temp & Humidity,"{""temperature"": 29.0, ""humidity"": 83.0}",-43.0,9.25,0,Normal
2026-08-18 22:25:38,H:83% T:29C,Temp & Humidity,"{""temperature"": 29.0, ""humidity"": 83.0}",-43.0,9.5,0,Normal
2026-08-18 22:25:38,H:83% T:29C,Temp & Humidity,"{""temperature"": 29.0, ""humidity"": 83.0}",-43.0,8.75,0,Normal
2026-08-18 22:25:38,H:83% T:29C,Temp & Humidity,"{""temperature"": 29.0, ""humidity"": 83.0}",-43.0,9.25,0,Normal
2026-08-18 22:25:38,H:83% T:29C,Temp & Humidity,"{""temperature"": 29.0, ""humidity"": 83.0}",-43.0,9.0,0,Normal
2026-08-18 22:25:38,H:83% T:29C,Temp & Humidity,"{""temperature"": 29.0, ""humidity"": 83.0}",-43.0,9.5,0,Normal
2026-08-18 22:25:38,H:83% T:29C,Temp & Humidity,"{""temperature"": 29.0, ""humidity"": 83.0}",-43.0,9.5,0,Normal
2026-08-18 22:25:38,H:83% T:29C,Temp & Humidity,"{""temperature"": 29.0, ""humidity"": 83.0}",-43.0,9.25,0,Normal
2026-08-18 22:25:38,H:83% T:29C,Temp & Humidity,"{""temperature"": 29.0, ""humidity"": 83.0}",-43.0,9.25,0,Normal
2026-08-18 22:25:38,H:83% T:29C,Temp & Humidity,"{""temperature"": 29.0, ""humidity"": 83.0}",-43.0,9.0,0,Normal
2026-08-18 22:25:38,H:83% T:29C,Temp & Humidity,"{""temperature"": 29.0, ""humidity"": 83.0}",-44.0,9.25,0,Normal
2026-08-18 22:25:38,H:83% T:29C,Temp & Humidity,"{""temperature"": 29.0, ""humidity"": 83.0}",-42.0,9.25,0,Normal
2026-08-18 22:25:38,H:83% T:29C,Temp & Humidity,"{""temperature"": 29.0, ""humidity"": 83.0}",-44.0,9.25,0,Normal
2026-08-18 22:25:38,H:83% T:29C,Temp & Humidity,"{""temperature"": 29.0, ""humidity"": 83.0}",-43.0,9.5,0,Normal
2026-08-18 22:25:38,H:83% T:29C,Temp & Humidity,"{""temperature"": 29.0, ""humidity"": 83.0}",-44.0,9.25,0,Normal
2026-08-18 22:25:38,H:83% T:29C,Temp & Humidity,"{""temperature"": 29.0, ""humidity"": 83.0}",-43.0,9.75,0,Normal
2026-08-18 22:25:38,H:83% T:29C,Temp & Humidity,"{""temperature"": 29.0, ""humidity"": 83.0}",-43.0,9.25,0,Normal
2026-08-18 22:25:38,H:83% T:29C,Temp & Humidity,"{""temperature"": 29.0, ""humidity"": 83.0}",-43.0,9.25,0,Normal
2026-08-18 22:25:38,H:83% T:29C,Temp & Humidity,"{""temperature"": 29.0, ""humidity"": 83.0}",-43.0,9.5,0,Normal
2026-08-18 22:25:38,H:83% T:29C,Temp & Humidity,"{""temperature"": 29.0, ""humidity"": 83.0}",-43.0,9.25,0,Normal
2026-08-18 22:25:38,H:83% T:29C,Temp & Humidity,"{""temperature"": 29.0, ""humidity"": 83.0}",-43.0,9.25,0,Normal
2026-08-18 22:25:38,H:83% T:29C,Temp & Humidity,"{""temperature"": 29.0, ""humidity"": 83.0}",-42.0,9.25,0,Normal
2026-08-18 22:25:38,H:83% T:29C,Temp & Humidity,"{""temperature"": 29.0, ""humidity"": 83.0}",-43.0,9.5,0,Normal
2026-08-18 22:25:38,H:83% T:29C,Temp & Humidity,"{""temperature"": 29.0, ""humidity"": 83.0}",-43.0,9.0,0,Normal
2026-08-18 22:25:38,H:83% T:29C,Temp & Humidity,"{""temperature"": 29.0, ""humidity"": 83.0}",-43.0,9.25,0,Normal
2026-08-18 22:25:38,H:83% T:29C,Temp & Humidity,"{""temperature"": 29.0, ""humidity"": 83.0}",-42.0,9.75,0,Normal
2026-08-18 22:25:38,H:83% T:29C,Temp & Humidity,"{""temperature"": 29.0, ""humidity"": 83.0}",-43.0,9.5,0,Normal
2026-08-18 22:25:38,H:83% T:29C,Temp & Humidity,"{""temperature"": 29.0, ""humidity"": 83.0}",-43.0,9.5,0,Normal
2026-08-18 22:25:38,H:83% T:29C,Temp & Humidity,"{""temperature"": 29.0, ""humidity"": 83.0}",-48.0,9.0,0,Normal
2026-08-18 22:25:38,H:83% T:29C,Temp & Humidity,"{""temperature"": 29.0, ""humidity"": 83.0}",-43.0,9.25,0,Normal
2026-08-18 22:25:38,H:83% T:29C,Temp & Humidity,"{""temperature"": 29.0, ""humidity"": 83.0}",-43.0,9.75,0,Normal
2026-08-18 22:25:38,H:83% T:29C,Temp & Humidity,"{""temperature"": 29.0, ""humidity"": 83.0}",-43.0,9.25,0,Normal
2026-08-18 22:25:38,H:83% T:29C,Temp & Humidity,"{""temperature"": 29.0, ""humidity"": 83.0}",-43.0,9.25,0,Normal
2026-08-18 22:25:38,H:83% T:29C,Temp & Humidity,"{""temperature"": 29.0, ""humidity"": 83.0}",-43.0,9.25,0,Normal
2026-08-18 22:25:38,H:83% T:29C,Temp & Humidity,"{""temperature"": 29.0, ""humidity"": 83.0}",-43.0,9.5,0,Normal
2026-08-18 22:25:38,H:82% T:29C,Temp & Humidity,"{""temperature"": 29.0, ""humidity"": 82.0}",-43.0,9.25,1,Sudden Humidity Shift (-1000.0%/min)
2026-08-18 22:25:38,H:83% T:29C,Temp & Humidity,"{""temperature"": 29.0, ""humidity"": 83.0}",-43.0,9.25,1,Sudden Humidity Shift (+1000.0%/min)
2026-08-18 22:25:38,H:83% T:29C,Temp & Humidity,"{""temperature"": 29.0, ""humidity"": 83.0}",-43.0,9.25,0,Normal
2026-08-18 22:25:38,H:82% T:29C,Temp & Humidity,"{""temperature"": 29.0, ""humidity"": 82.0}",-43.0,9.0,1,Sudden Humidity Shift (-1000.0%/min)
2026-08-18 22:25:38,H:83% T:29C,Temp & Humidity,"{""temperature"": 29.0, ""humidity"": 83.0}",-43.0,9.0,1,Sudden Humidity Shift (+1000.0%/min)
2026-08-18 22:25:38,H:83% T:29C,Temp & Humidity,"{""temperature"": 29.0, ""humidity"": 83.0}",-43.0,9.25,0,Normal
2026-08-18 22:25:38,H:83% T:29C,Temp & Humidity,"{""temperature"": 29.0, ""humidity"": 83.0}",-43.0,9.25,0,Normal
2026-08-18 22:25:38,H:82% T:29C,Temp & Humidity,"{""temperature"": 29.0, ""humidity"": 82.0}",-43.0,9.5,1,Sudden Humidity Shift (-1000.0%/min)
2026-08-18 22:25:38,H:83% T:29C,Temp & Humidity,"{""temperature"": 29.0, ""humidity"": 83.0}",-43.0,9.5,1,Sudden Humidity Shift (+1000.0%/min)
2026-08-18 22:25:38,H:83% T:29C,Temp & Humidity,"{""temperature"": 29.0, ""humidity"": 83.0}",-44.0,9.5,0,Normal
2026-08-18 22:25:38,H:83% T:29C,Temp & Humidity,"{""temperature"": 29.0, ""humidity"": 83.0}",-43.0,9.5,0,Normal
2026-08-18 22:25:38,H:83% T:29C,Temp & Humidity,"{""temperature"": 29.0, ""humidity"": 83.0}",-43.0,9.0,0,Normal
2026-08-18 22:25:38,H:83% T:29C,Temp & Humidity,"{""temperature"": 29.0, ""humidity"": 83.0}",-43.0,9.25,0,Normal
2026-08-18 22:25:38,H:83% T:29C,Temp & Humidity,"{""temperature"": 29.0, ""humidity"": 83.0}",-48.0,9.0,0,Normal
2026-08-18 22:25:38,H:83% T:29C,Temp & Humidity,"{""temperature"": 29.0, ""humidity"": 83.0}",-43.0,9.75,0,Normal
2026-08-18 22:25:38,H:83% T:29C,Temp & Humidity,"{""temperature"": 29.0, ""humidity"": 83.0}",-43.0,9.5,0,Normal
2026-08-18 22:25:38,H:83% T:29C,Temp & Humidity,"{""temperature"": 29.0, ""humidity"": 83.0}",-43.0,9.25,0,Normal
2026-08-18 22:25:38,H:83% T:29C,Temp & Humidity,"{""temperature"": 29.0, ""humidity"": 83.0}",-43.0,9.0,0,Normal
2026-08-18 22:25:38,H:83% T:29C,Temp & Humidity,"{""temperature"": 29.0, ""humidity"": 83.0}",-43.0,9.25,0,Normal
2026-08-18 22:25:38,H:83% T:29C,Temp & Humidity,"{""temperature"": 29.0, ""humidity"": 83.0}",-43.0,9.5,0,Normal
2026-08-18 22:25:38,H:83% T:29C,Temp & Humidity,"{""temperature"": 29.0, ""humidity"": 83.0}",-43.0,9.5,0,Normal
2026-08-18 22:25:38,H:83% T:29C,Temp & Humidity,"{""temperature"": 29.0, ""humidity"": 83.0}",-43.0,9.5,0,Normal
2026-08-18 22:25:38,H:83% T:29C,Temp & Humidity,"{""temperature"": 29.0, ""humidity"": 83.0}",-43.0,9.0,0,Normal
2026-08-18 22:25:38,H:83% T:29C,Temp & Humidity,"{""temperature"": 29.0, ""humidity"": 83.0}",-43.0,9.25,0,Normal
2026-08-18 22:25:38,H:83% T:29C,Temp & Humidity,"{""temperature"": 29.0, ""humidity"": 83.0}",-43.0,9.25,0,Normal
2026-08-18 22:25:38,H:83% T:29C,Temp & Humidity,"{""temperature"": 29.0, ""humidity"": 83.0}",-43.0,9.5,0,Normal
2026-08-18 22:25:38,H:83% T:29C,Temp & Humidity,"{""temperature"": 29.0, ""humidity"": 83.0}",-48.0,9.5,0,Normal
2026-08-18 22:25:38,H:83% T:29C,Temp & Humidity,"{""temperature"": 29.0, ""humidity"": 83.0}",-48.0,9.0,0,Normal
2026-08-18 22:25:38,H:83% T:29C,Temp & Humidity,"{""temperature"": 29.0, ""humidity"": 83.0}",-43.0,10.25,0,Normal
2026-08-18 22:25:38,H:83% T:29C,Temp & Humidity,"{""temperature"": 29.0, ""humidity"": 83.0}",-43.0,9.5,0,Normal
2026-08-18 22:25:38,H:83% T:29C,Temp & Humidity,"{""temperature"": 29.0, ""humidity"": 83.0}",-43.0,9.5,0,Normal
2026-08-18 22:25:38,H:83% T:29C,Temp & Humidity,"{""temperature"": 29.0, ""humidity"": 83.0}",-43.0,9.25,0,Normal
2026-08-18 22:25:38,H:83% T:29C,Temp & Humidity,"{""temperature"": 29.0, ""humidity"": 83.0}",-43.0,12.25,0,Normal
2026-08-18 22:25:38,H:83% T:29C,Temp & Humidity,"{""temperature"": 29.0, ""humidity"": 83.0}",-48.0,9.5,0,Normal
2026-08-18 22:25:38,H:83% T:29C,Temp & Humidity,"{""temperature"": 29.0, ""humidity"": 83.0}",-43.0,9.75,0,Normal
2026-08-18 22:25:38,H:83% T:29C,Temp & Humidity,"{""temperature"": 29.0, ""humidity"": 83.0}",-43.0,9.0,0,Normal
2026-08-18 22:25:38,H:83% T:29C,Temp & Humidity,"{""temperature"": 29.0, ""humidity"": 83.0}",-43.0,9.0,0,Normal
2026-08-18 22:25:38,H:83% T:29C,Temp & Humidity,"{""temperature"": 29.0, ""humidity"": 83.0}",-43.0,9.25,0,Normal
2026-08-18 22:25:38,H:83% T:29C,Temp & Humidity,"{""temperature"": 29.0, ""humidity"": 83.0}",-43.0,9.25,0,Normal
2026-08-18 22:25:38,H:83% T:29C,Temp & Humidity,"{""temperature"": 29.0, ""humidity"": 83.0}",-43.0,9.5,0,Normal
2026-08-18 22:25:38,H:83% T:29C,Temp & Humidity,"{""temperature"": 29.0, ""humidity"": 83.0}",-43.0,9.25,0,Normal
2026-08-18 22:25:38,H:83% T:29C,Temp & Humidity,"{""temperature"": 29.0, ""humidity"": 83.0}",-43.0,9.25,0,Normal
2026-08-18 22:25:38,H:83% T:29C,Temp & Humidity,"{""temperature"": 29.0, ""humidity"": 83.0}",-43.0,9.25,0,Normal
2026-08-18 22:25:38,H:83% T:29C,Temp & Humidity,"{""temperature"": 29.0, ""humidity"": 83.0}",-43.0,9.25,0,Normal
2026-08-18 22:25:38,H:83% T:29C,Temp & Humidity,"{""temperature"": 29.0, ""humidity"": 83.0}",-43.0,9.0,0,Normal
2026-08-18 22:25:38,H:83% T:29C,Temp & Humidity,"{""temperature"": 29.0, ""humidity"": 83.0}",-44.0,9.25,0,Normal
2026-08-18 22:25:38,H:83% T:29C,Temp & Humidity,"{""temperature"": 29.0, ""humidity"": 83.0}",-43.0,9.5,0,Normal
2026-08-18 22:25:38,H:83% T:29C,Temp & Humidity,"{""temperature"": 29.0, ""humidity"": 83.0}",-43.0,9.25,0,Normal
2026-08-18 22:25:38,H:83% T:29C,Temp & Humidity,"{""temperature"": 29.0, ""humidity"": 83.0}",-43.0,9.5,0,Normal
2026-08-18 22:25:38,H:83% T:29C,Temp & Humidity,"{""temperature"": 29.0, ""humidity"": 83.0}",-43.0,9.25,0,Normal
2026-08-18 22:25:38,H:83% T:29C,Temp & Humidity,"{""temperature"": 29.0, ""humidity"": 83.0}",-43.0,9.0,0,Normal
2026-08-18 22:25:38,H:83% T:29C,Temp & Humidity,"{""temperature"": 29.0, ""humidity"": 83.0}",-43.0,9.25,0,Normal
2026-08-18 22:25:38,H:83% T:29C,Temp & Humidity,"{""temperature"": 29.0, ""humidity"": 83.0}",-43.0,9.25,0,Normal
2026-08-18 22:25:38,H:83% T:29C,Temp & Humidity,"{""temperature"": 29.0, ""humidity"": 83.0}",-43.0,9.25,0,Normal
2026-08-18 22:25:38,H:83% T:29C,Temp & Humidity,"{""temperature"": 29.0, ""humidity"": 83.0}",-48.0,9.0,0,Normal
2026-08-18 22:25:38,H:83% T:29C,Temp & Humidity,"{""temperature"": 29.0, ""humidity"": 83.0}",-43.0,9.5,0,Normal
2026-08-18 22:25:38,H:83% T:29C,Temp & Humidity,"{""temperature"": 29.0, ""humidity"": 83.0}",-43.0,9.5,0,Normal
2026-08-18 22:25:38,H:83% T:29C,Temp & Humidity,"{""temperature"": 29.0, ""humidity"": 83.0}",-43.0,9.25,0,Normal
2026-08-18 22:25:38,H:83% T:29C,Temp & Humidity,"{""temperature"": 29.0, ""humidity"": 83.0}",-43.0,9.5,0,Normal
2026-08-18 22:25:38,H:83% T:29C,Temp & Humidity,"{""temperature"": 29.0, ""humidity"": 83.0}",-43.0,9.5,0,Normal
2026-08-18 22:25:38,H:83% T:29C,Temp & Humidity,"{""temperature"": 29.0, ""humidity"": 83.0}",-43.0,9.25,0,Normal
2026-08-18 22:25:38,H:83% T:29C,Temp & Humidity,"{""temperature"": 29.0, ""humidity"": 83.0}",-44.0,10.5,0,Normal
2026-08-18 22:25:38,H:83% T:29C,Temp & Humidity,"{""temperature"": 29.0, ""humidity"": 83.0}",-42.0,9.5,0,Normal
2026-08-18 22:25:38,H:83% T:29C,Temp & Humidity,"{""temperature"": 29.0, ""humidity"": 83.0}",-43.0,9.0,0,Normal
2026-08-18 22:25:38,H:83% T:29C,Temp & Humidity,"{""temperature"": 29.0, ""humidity"": 83.0}",-48.0,9.0,0,Normal
2026-08-18 22:25:38,H:83% T:29C,Temp & Humidity,"{""temperature"": 29.0, ""humidity"": 83.0}",-43.0,9.25,0,Normal
2026-08-18 22:25:38,H:83% T:29C,Temp & Humidity,"{""temperature"": 29.0, ""humidity"": 83.0}",-43.0,9.25,0,Normal
2026-08-18 22:25:38,H:83% T:29C,Temp & Humidity,"{""temperature"": 29.0, ""humidity"": 83.0}",-44.0,9.25,0,Normal
2026-08-18 22:25:38,H:83% T:29C,Temp & Humidity,"{""temperature"": 29.0, ""humidity"": 83.0}",-43.0,9.5,0,Normal
2026-08-18 22:25:38,H:83% T:29C,Temp & Humidity,"{""temperature"": 29.0, ""humidity"": 83.0}",-43.0,9.25,0,Normal
2026-08-18 22:25:38,H:83% T:29C,Temp & Humidity,"{""temperature"": 29.0, ""humidity"": 83.0}",-43.0,9.25,0,Normal
2026-08-18 22:25:38,H:83% T:29C,Temp & Humidity,"{""temperature"": 29.0, ""humidity"": 83.0}",-43.0,9.25,0,Normal
2026-08-18 22:25:38,H:83% T:29C,Temp & Humidity,"{""temperature"": 29.0, ""humidity"": 83.0}",-43.0,9.5,0,Normal
2026-08-18 22:25:38,H:83% T:29C,Temp & Humidity,"{""temperature"": 29.0, ""humidity"": 83.0}",-43.0,9.25,0,Normal
2026-08-18 22:25:38,H:83% T:29C,Temp & Humidity,"{""temperature"": 29.0, ""humidity"": 83.0}",-43.0,9.25,0,Normal
2026-08-18 22:25:38,H:83% T:29C,Temp & Humidity,"{""temperature"": 29.0, ""humidity"": 83.0}",-43.0,9.25,0,Normal
2026-08-18 22:25:38,H:83% T:29C,Temp & Humidity,"{""temperature"": 29.0, ""humidity"": 83.0}",-43.0,9.5,0,Normal
2026-08-18 22:25:38,H:83% T:29C,Temp & Humidity,"{""temperature"": 29.0, ""humidity"": 83.0}",-48.0,9.5,0,Normal
2026-08-18 22:25:38,H:83% T:29C,Temp & Humidity,"{""temperature"": 29.0, ""humidity"": 83.0}",-43.0,9.25,0,Normal
2026-08-18 22:25:38,H:83% T:29C,Temp & Humidity,"{""temperature"": 29.0, ""humidity"": 83.0}",-43.0,9.0,0,Normal
2026-08-18 22:25:38,H:83% T:29C,Temp & Humidity,"{""temperature"": 29.0, ""humidity"": 83.0}",-43.0,9.25,0,Normal
2026-08-18 22:25:38,H:83% T:29C,Temp & Humidity,"{""temperature"": 29.0, ""humidity"": 83.0}",-43.0,9.25,0,Normal
2026-08-18 22:25:38,H:83% T:29C,Temp & Humidity,"{""temperature"": 29.0, ""humidity"": 83.0}",-43.0,9.0,0,Normal
2026-08-18 22:25:38,H:83% T:29C,Temp & Humidity,"{""temperature"": 29.0, ""humidity"": 83.0}",-43.0,9.5,0,Normal
2026-08-18 22:25:38,H:83% T:29C,Temp & Humidity,"{""temperature"": 29.0, ""humidity"": 83.0}",-43.0,9.25,0,Normal
2026-08-18 22:25:38,H:83% T:29C,Temp & Humidity,"{""temperature"": 29.0, ""humidity"": 83.0}",-43.0,9.5,0,Normal
2026-08-18 22:25:38,H:83% T:29C,Temp & Humidity,"{""temperature"": 29.0, ""humidity"": 83.0}",-43.0,9.0,0,Normal
2026-08-18 22:25:38,H:83% T:29C,Temp & Humidity,"{""temperature"": 29.0, ""humidity"": 83.0}",-43.0,9.25,0,Normal
2026-08-18 22:25:38,H:83% T:29C,Temp & Humidity,"{""temperature"": 29.0, ""humidity"": 83.0}",-43.0,9.5,0,Normal
2026-08-18 22:25:38,H:83% T:29C,Temp & Humidity,"{""temperature"": 29.0, ""humidity"": 83.0}",-43.0,9.5,0,Normal
2026-08-18 22:25:38,H:83% T:29C,Temp & Humidity,"{""temperature"": 29.0, ""humidity"": 83.0}",-43.0,9.25,0,Normal
2026-08-18 22:25:38,H:83% T:29C,Temp & Humidity,"{""temperature"": 29.0, ""humidity"": 83.0}",-43.0,9.0,0,Normal
2026-08-18 22:25:38,H:83% T:29C,Temp & Humidity,"{""temperature"": 29.0, ""humidity"": 83.0}",-43.0,9.75,0,Normal
2026-08-18 22:25:38,H:83% T:29C,Temp & Humidity,"{""temperature"": 29.0, ""humidity"": 83.0}",-43.0,9.25,0,Normal
2026-08-18 22:25:38,H:83% T:29C,Temp & Humidity,"{""temperature"": 29.0, ""humidity"": 83.0}",-48.0,9.25,0,Normal
2026-08-18 22:25:38,H:83% T:29C,Temp & Humidity,"{""temperature"": 29.0, ""humidity"": 83.0}",-43.0,9.5,0,Normal
2026-08-18 22:25:38,H:83% T:29C,Temp & Humidity,"{""temperature"": 29.0, ""humidity"": 83.0}",-43.0,9.25,0,Normal
2026-08-18 22:25:38,H:83% T:29C,Temp & Humidity,"{""temperature"": 29.0, ""humidity"": 83.0}",-43.0,9.5,0,Normal
2026-08-18 22:25:38,H:83% T:29C,Temp & Humidity,"{""temperature"": 29.0, ""humidity"": 83.0}",-43.0,9.5,0,Normal
2026-08-18 22:25:38,H:83% T:29C,Temp & Humidity,"{""temperature"": 29.0, ""humidity"": 83.0}",-43.0,9.0,0,Normal
2026-08-18 22:25:38,H:83% T:29C,Temp & Humidity,"{""temperature"": 29.0, ""humidity"": 83.0}",-43.0,9.5,0,Normal
2026-08-18 22:25:38,H:83% T:29C,Temp & Humidity,"{""temperature"": 29.0, ""humidity"": 83.0}",-43.0,9.25,0,Normal
2026-08-18 22:25:38,H:83% T:29C,Temp & Humidity,"{""temperature"": 29.0, ""humidity"": 83.0}",-43.0,9.25,0,Normal
2026-08-18 22:25:38,H:83% T:29C,Temp & Humidity,"{""temperature"": 29.0, ""humidity"": 83.0}",-43.0,9.5,0,Normal
2026-08-18 22:25:38,H:83% T:29C,Temp & Humidity,"{""temperature"": 29.0, ""humidity"": 83.0}",-43.0,9.25,0,Normal
2026-08-18 22:25:38,H:83% T:29C,Temp & Humidity,"{""temperature"": 29.0, ""humidity"": 83.0}",-43.0,9.5,0,Normal
2026-08-18 22:25:38,H:83% T:29C,Temp & Humidity,"{""temperature"": 29.0, ""humidity"": 83.0}",-43.0,9.5,0,Normal
2026-08-18 22:25:38,H:83% T:29C,Temp & Humidity,"{""temperature"": 29.0, ""humidity"": 83.0}",-43.0,9.25,0,Normal
2026-08-18 22:25:38,H:83% T:29C,Temp & Humidity,"{""temperature"": 29.0, ""humidity"": 83.0}",-43.0,9.25,0,Normal
2026-08-18 22:25:38,H:83% T:29C,Temp & Humidity,"{""temperature"": 29.0, ""humidity"": 83.0}",-43.0,9.5,0,Normal
2026-08-18 22:25:38,H:83% T:29C,Temp & Humidity,"{""temperature"": 29.0, ""humidity"": 83.0}",-43.0,9.25,0,Normal
2026-08-18 22:25:38,H:83% T:29C,Temp & Humidity,"{""temperature"": 29.0, ""humidity"": 83.0}",-43.0,9.25,0,Normal
2026-08-18 22:25:38,H:83% T:29C,Temp & Humidity,"{""temperature"": 29.0, ""humidity"": 83.0}",-48.0,9.0,0,Normal
2026-08-18 22:25:38,H:83% T:29C,Temp & Humidity,"{""temperature"": 29.0, ""humidity"": 83.0}",-43.0,9.25,0,Normal
2026-08-18 22:25:38,H:83% T:29C,Temp & Humidity,"{""temperature"": 29.0, ""humidity"": 83.0}",-43.0,9.25,0,Normal
2026-08-18 22:25:38,H:83% T:29C,Temp & Humidity,"{""temperature"": 29.0, ""humidity"": 83.0}",-43.0,9.25,0,Normal
2026-08-18 22:25:38,H:83% T:29C,Temp & Humidity,"{""temperature"": 29.0, ""humidity"": 83.0}",-43.0,9.25,0,Normal
2026-08-18 22:25:38,H:83% T:29C,Temp & Humidity,"{""temperature"": 29.0, ""humidity"": 83.0}",-43.0,9.5,0,Normal
2026-08-18 22:25:38,H:83% T:29C,Temp & Humidity,"{""temperature"": 29.0, ""humidity"": 83.0}",-42.0,9.5,0,Normal
2026-08-18 22:25:38,H:83% T:29C,Temp & Humidity,"{""temperature"": 29.0, ""humidity"": 83.0}",-43.0,9.25,0,Normal
2026-08-18 22:25:38,H:83% T:29C,Temp & Humidity,"{""temperature"": 29.0, ""humidity"": 83.0}",-43.0,9.0,0,Normal
2026-08-18 22:25:38,H:83% T:29C,Temp & Humidity,"{""temperature"": 29.0, ""humidity"": 83.0}",-43.0,9.0,0,Normal
2026-08-18 22:25:38,H:83% T:29C,Temp & Humidity,"{""temperature"": 29.0, ""humidity"": 83.0}",-44.0,9.25,0,Normal
2026-08-18 22:25:38,H:83% T:29C,Temp & Humidity,"{""temperature"": 29.0, ""humidity"": 83.0}",-43.0,9.0,0,Normal
2026-08-18 22:25:38,H:83% T:29C,Temp & Humidity,"{""temperature"": 29.0, ""humidity"": 83.0}",-43.0,9.25,0,Normal
2026-08-18 22:25:38,H:83% T:29C,Temp & Humidity,"{""temperature"": 29.0, ""humidity"": 83.0}",-43.0,9.25,0,Normal
2026-08-18 22:25:38,H:83% T:29C,Temp & Humidity,"{""temperature"": 29.0, ""humidity"": 83.0}",-43.0,9.75,0,Normal
2026-08-18 22:25:38,H:83% T:29C,Temp & Humidity,"{""temperature"": 29.0, ""humidity"": 83.0}",-43.0,9.0,0,Normal
2026-08-18 22:25:38,H:83% T:29C,Temp & Humidity,"{""temperature"": 29.0, ""humidity"": 83.0}",-43.0,9.5,0,Normal
2026-08-18 22:25:38,H:83% T:29C,Temp & Humidity,"{""temperature"": 29.0, ""humidity"": 83.0}",-43.0,9.25,0,Normal
2026-08-18 22:25:38,H:83% T:29C,Temp & Humidity,"{""temperature"": 29.0, ""humidity"": 83.0}",-43.0,9.25,0,Normal
2026-08-18 22:25:38,H:83% T:29C,Temp & Humidity,"{""temperature"": 29.0, ""humidity"": 83.0}",-43.0,9.0,0,Normal
2026-08-18 22:25:38,H:83% T:29C,Temp & Humidity,"{""temperature"": 29.0, ""humidity"": 83.0}",-43.0,9.25,0,Normal
2026-08-18 22:25:38,H:83% T:29C,Temp & Humidity,"{""temperature"": 29.0, ""humidity"": 83.0}",-43.0,9.25,0,Normal
2026-08-18 22:25:38,H:83% T:29C,Temp & Humidity,"{""temperature"": 29.0, ""humidity"": 83.0}",-43.0,9.0,0,Normal
2026-08-18 22:25:38,H:83% T:29C,Temp & Humidity,"{""temperature"": 29.0, ""humidity"": 83.0}",-43.0,9.5,0,Normal
2026-08-18 22:25:38,H:83% T:29C,Temp & Humidity,"{""temperature"": 29.0, ""humidity"": 83.0}",-42.0,9.25,0,Normal
2026-08-18 22:25:38,H:83% T:29C,Temp & Humidity,"{""temperature"": 29.0, ""humidity"": 83.0}",-43.0,9.0,0,Normal
2026-08-18 22:25:38,H:83% T:29C,Temp & Humidity,"{""temperature"": 29.0, ""humidity"": 83.0}",-43.0,9.5,0,Normal
2026-08-18 22:25:38,H:83% T:29C,Temp & Humidity,"{""temperature"": 29.0, ""humidity"": 83.0}",-48.0,9.0,0,Normal
2026-08-18 22:25:38,H:83% T:29C,Temp & Humidity,"{""temperature"": 29.0, ""humidity"": 83.0}",-43.0,9.25,0,Normal
2026-08-18 22:25:38,H:83% T:29C,Temp & Humidity,"{""temperature"": 29.0, ""humidity"": 83.0}",-43.0,9.0,0,Normal
2026-08-18 22:25:38,H:83% T:29C,Temp & Humidity,"{""temperature"": 29.0, ""humidity"": 83.0}",-43.0,9.5,0,Normal
2026-08-18 22:25:38,H:83% T:29C,Temp & Humidity,"{""temperature"": 29.0, ""humidity"": 83.0}",-43.0,9.5,0,Normal
2026-08-18 22:25:38,H:83% T:29C,Temp & Humidity,"{""temperature"": 29.0, ""humidity"": 83.0}",-43.0,9.25,0,Normal
2026-08-18 22:25:38,H:83% T:29C,Temp & Humidity,"{""temperature"": 29.0, ""humidity"": 83.0}",-43.0,9.5,0,Normal
2026-08-18 22:25:38,H:83% T:29C,Temp & Humidity,"{""temperature"": 29.0, ""humidity"": 83.0}",-43.0,9.5,0,Normal
2026-08-18 22:25:38,H:83% T:29C,Temp & Humidity,"{""temperature"": 29.0, ""humidity"": 83.0}",-43.0,9.0,0,Normal
2026-08-18 22:25:38,H:83% T:29C,Temp & Humidity,"{""temperature"": 29.0, ""humidity"": 83.0}",-43.0,9.25,0,Normal
2026-08-18 22:25:38,H:83% T:29C,Temp & Humidity,"{""temperature"": 29.0, ""humidity"": 83.0}",-43.0,9.25,0,Normal
2026-08-18 22:25:38,H:83% T:29C,Temp & Humidity,"{""temperature"": 29.0, ""humidity"": 83.0}",-43.0,9.5,0,Normal
2026-08-18 22:25:38,H:83% T:29C,Temp & Humidity,"{""temperature"": 29.0, ""humidity"": 83.0}",-43.0,9.25,0,Normal
2026-08-18 22:25:38,H:83% T:29C,Temp & Humidity,"{""temperature"": 29.0, ""humidity"": 83.0}",-43.0,9.5,0,Normal
2026-08-18 22:25:38,H:83% T:29C,Temp & Humidity,"{""temperature"": 29.0, ""humidity"": 83.0}",-43.0,9.0,0,Normal
2026-08-18 22:25:38,H:83% T:29C,Temp & Humidity,"{""temperature"": 29.0, ""humidity"": 83.0}",-43.0,9.25,0,Normal
2026-08-18 22:25:38,H:83% T:29C,Temp & Humidity,"{""temperature"": 29.0, ""humidity"": 83.0}",-43.0,9.0,0,Normal
2026-08-18 22:25:38,H:83% T:29C,Temp & Humidity,"{""temperature"": 29.0, ""humidity"": 83.0}",-43.0,9.25,0,Normal
2026-08-18 22:25:38,H:83% T:29C,Temp & Humidity,"{""temperature"": 29.0, ""humidity"": 83.0}",-42.0,9.5,0,Normal
2026-08-18 22:25:38,H:83% T:29C,Temp & Humidity,"{""temperature"": 29.0, ""humidity"": 83.0}",-43.0,9.25,0,Normal
2026-08-18 22:25:38,H:83% T:29C,Temp & Humidity,"{""temperature"": 29.0, ""humidity"": 83.0}",-48.0,9.0,0,Normal
2026-08-18 22:25:38,H:83% T:29C,Temp & Humidity,"{""temperature"": 29.0, ""humidity"": 83.0}",-43.0,9.5,0,Normal
2026-08-18 22:25:38,H:83% T:29C,Temp & Humidity,"{""temperature"": 29.0, ""humidity"": 83.0}",-43.0,9.5,0,Normal
2026-08-18 22:25:38,H:83% T:29C,Temp & Humidity,"{""temperature"": 29.0, ""humidity"": 83.0}",-43.0,9.0,0,Normal
2026-08-18 22:25:38,H:83% T:29C,Temp & Humidity,"{""temperature"": 29.0, ""humidity"": 83.0}",-43.0,9.5,0,Normal
2026-08-18 22:25:38,H:83% T:29C,Temp & Humidity,"{""temperature"": 29.0, ""humidity"": 83.0}",-43.0,9.25,0,Normal
2026-08-18 22:25:38,H:83% T:29C,Temp & Humidity,"{""temperature"": 29.0, ""humidity"": 83.0}",-43.0,9.25,0,Normal
2026-08-18 22:25:38,H:83% T:29C,Temp & Humidity,"{""temperature"": 29.0, ""humidity"": 83.0}",-43.0,9.0,0,Normal
2026-08-18 22:25:38,H:83% T:29C,Temp & Humidity,"{""temperature"": 29.0, ""humidity"": 83.0}",-43.0,9.25,0,Normal
2026-08-18 22:25:38,H:83% T:29C,Temp & Humidity,"{""temperature"": 29.0, ""humidity"": 83.0}",-43.0,9.25,0,Normal
2026-08-18 22:25:38,H:83% T:29C,Temp & Humidity,"{""temperature"": 29.0, ""humidity"": 83.0}",-42.0,9.0,0,Normal
2026-08-18 22:25:38,H:83% T:29C,Temp & Humidity,"{""temperature"": 29.0, ""humidity"": 83.0}",-43.0,9.75,0,Normal
2026-08-18 22:25:38,H:83% T:29C,Temp & Humidity,"{""temperature"": 29.0, ""humidity"": 83.0}",-43.0,9.25,0,Normal
2026-08-18 22:25:38,H:83% T:29C,Temp & Humidity,"{""temperature"": 29.0, ""humidity"": 83.0}",-43.0,9.25,0,Normal
2026-08-18 22:25:38,H:83% T:29C,Temp & Humidity,"{""temperature"": 29.0, ""humidity"": 83.0}",-43.0,9.5,0,Normal
2026-08-18 22:25:38,H:83% T:29C,Temp & Humidity,"{""temperature"": 29.0, ""humidity"": 83.0}",-43.0,9.25,0,Normal
2026-08-18 22:25:38,H:83% T:29C,Temp & Humidity,"{""temperature"": 29.0, ""humidity"": 83.0}",-43.0,9.25,0,Normal
2026-08-18 22:25:38,H:83% T:29C,Temp & Humidity,"{""temperature"": 29.0, ""humidity"": 83.0}",-43.0,9.0,0,Normal
2026-08-18 22:25:38,H:83% T:29C,Temp & Humidity,"{""temperature"": 29.0, ""humidity"": 83.0}",-43.0,9.25,0,Normal
2026-08-18 22:25:38,H:83% T:29C,Temp & Humidity,"{""temperature"": 29.0, ""humidity"": 83.0}",-43.0,9.25,0,Normal
2026-08-18 22:25:38,H:83% T:29C,Temp & Humidity,"{""temperature"": 29.0, ""humidity"": 83.0}",-43.0,9.0,0,Normal
2026-08-18 22:25:38,H:83% T:29C,Temp & Humidity,"{""temperature"": 29.0, ""humidity"": 83.0}",-43.0,9.0,0,Normal
2026-08-18 22:25:38,H:83% T:29C,Temp & Humidity,"{""temperature"": 29.0, ""humidity"": 83.0}",-43.0,9.0,0,Normal
2026-08-18 22:25:38,H:83% T:29C,Temp & Humidity,"{""temperature"": 29.0, ""humidity"": 83.0}",-43.0,9.5,0,Normal
2026-08-18 22:25:38,H:83% T:29C,Temp & Humidity,"{""temperature"": 29.0, ""humidity"": 83.0}",-43.0,9.5,0,Normal
2026-08-18 22:25:38,H:83% T:29C,Temp & Humidity,"{""temperature"": 29.0, ""humidity"": 83.0}",-43.0,9.0,0,Normal
2026-08-18 22:25:38,H:83% T:29C,Temp & Humidity,"{""temperature"": 29.0, ""humidity"": 83.0}",-43.0,9.75,0,Normal
2026-08-18 22:25:38,H:83% T:29C,Temp & Humidity,"{""temperature"": 29.0, ""humidity"": 83.0}",-43.0,9.25,0,Normal
2026-08-18 22:25:38,H:83% T:29C,Temp & Humidity,"{""temperature"": 29.0, ""humidity"": 83.0}",-43.0,9.25,0,Normal
2026-08-18 22:25:38,H:83% T:29C,Temp & Humidity,"{""temperature"": 29.0, ""humidity"": 83.0}",-43.0,9.25,0,Normal
2026-08-18 22:25:38,H:83% T:29C,Temp & Humidity,"{""temperature"": 29.0, ""humidity"": 83.0}",-43.0,9.25,0,Normal
2026-08-18 22:25:38,H:83% T:29C,Temp & Humidity,"{""temperature"": 29.0, ""humidity"": 83.0}",-43.0,9.0,0,Normal
2026-08-18 22:25:38,H:83% T:29C,Temp & Humidity,"{""temperature"": 29.0, ""humidity"": 83.0}",-43.0,9.25,0,Normal
2026-08-18 22:25:38,H:83% T:29C,Temp & Humidity,"{""temperature"": 29.0, ""humidity"": 83.0}",-43.0,9.25,0,Normal
2026-08-18 22:25:38,H:83% T:29C,Temp & Humidity,"{""temperature"": 29.0, ""humidity"": 83.0}",-43.0,9.0,0,Normal
2026-08-18 22:25:38,H:83% T:29C,Temp & Humidity,"{""temperature"": 29.0, ""humidity"": 83.0}",-43.0,9.5,0,Normal
2026-08-18 22:25:38,H:83% T:29C,Temp & Humidity,"{""temperature"": 29.0, ""humidity"": 83.0}",-43.0,9.25,0,Normal
2026-08-18 22:25:38,H:83% T:29C,Temp & Humidity,"{""temperature"": 29.0, ""humidity"": 83.0}",-43.0,9.5,0,Normal
2026-08-18 22:25:38,H:83% T:29C,Temp & Humidity,"{""temperature"": 29.0, ""humidity"": 83.0}",-43.0,9.25,0,Normal
2026-08-18 22:25:38,H:83% T:29C,Temp & Humidity,"{""temperature"": 29.0, ""humidity"": 83.0}",-42.0,9.25,0,Normal
2026-08-18 22:25:38,H:83% T:29C,Temp & Humidity,"{""temperature"": 29.0, ""humidity"": 83.0}",-43.0,9.5,0,Normal
2026-08-18 22:25:38,H:83% T:29C,Temp & Humidity,"{""temperature"": 29.0, ""humidity"": 83.0}",-44.0,12.25,0,Normal
2026-08-18 22:25:38,H:83% T:29C,Temp & Humidity,"{""temperature"": 29.0, ""humidity"": 83.0}",-43.0,9.75,0,Normal
2026-08-18 22:25:38,H:83% T:29C,Temp & Humidity,"{""temperature"": 29.0, ""humidity"": 83.0}",-43.0,9.25,0,Normal
2026-08-18 22:25:38,H:83% T:29C,Temp & Humidity,"{""temperature"": 29.0, ""humidity"": 83.0}",-43.0,9.25,0,Normal
2026-08-18 22:25:38,H:83% T:29C,Temp & Humidity,"{""temperature"": 29.0, ""humidity"": 83.0}",-43.0,9.25,0,Normal
2026-08-18 22:25:38,H:83% T:29C,Temp & Humidity,"{""temperature"": 29.0, ""humidity"": 83.0}",-43.0,9.25,0,Normal
2026-08-18 22:25:38,H:83% T:29C,Temp & Humidity,"{""temperature"": 29.0, ""humidity"": 83.0}",-43.0,9.25,0,Normal
2026-08-18 22:25:38,H:83% T:29C,Temp & Humidity,"{""temperature"": 29.0, ""humidity"": 83.0}",-43.0,9.25,0,Normal
2026-08-18 22:25:38,H:83% T:29C,Temp & Humidity,"{""temperature"": 29.0, ""humidity"": 83.0}",-49.0,9.0,1,Isolation Forest ML Outlier
2026-08-18 22:25:38,H:83% T:29C,Temp & Humidity,"{""temperature"": 29.0, ""humidity"": 83.0}",-43.0,9.5,0,Normal
2026-08-18 22:25:38,H:83% T:29C,Temp & Humidity,"{""temperature"": 29.0, ""humidity"": 83.0}",-43.0,9.5,0,Normal
2026-08-18 22:25:38,H:83% T:29C,Temp & Humidity,"{""temperature"": 29.0, ""humidity"": 83.0}",-43.0,9.25,0,Normal
2026-08-18 22:25:38,H:83% T:29C,Temp & Humidity,"{""temperature"": 29.0, ""humidity"": 83.0}",-43.0,9.5,0,Normal
2026-08-18 22:25:38,H:83% T:29C,Temp & Humidity,"{""temperature"": 29.0, ""humidity"": 83.0}",-43.0,9.25,0,Normal
2026-08-18 22:25:38,H:83% T:29C,Temp & Humidity,"{""temperature"": 29.0, ""humidity"": 83.0}",-43.0,9.5,0,Normal
2026-08-18 22:25:38,H:83% T:29C,Temp & Humidity,"{""temperature"": 29.0, ""humidity"": 83.0}",-43.0,9.25,0,Normal
2026-08-18 22:25:38,H:83% T:29C,Temp & Humidity,"{""temperature"": 29.0, ""humidity"": 83.0}",-43.0,9.25,0,Normal
2026-08-18 22:25:38,H:83% T:29C,Temp & Humidity,"{""temperature"": 29.0, ""humidity"": 83.0}",-43.0,9.25,0,Normal
2026-08-18 22:25:38,H:83% T:29C,Temp & Humidity,"{""temperature"": 29.0, ""humidity"": 83.0}",-43.0,9.25,0,Normal
2026-08-18 22:25:38,H:83% T:29C,Temp & Humidity,"{""temperature"": 29.0, ""humidity"": 83.0}",-43.0,9.0,0,Normal
2026-08-18 22:25:38,H:83% T:29C,Temp & Humidity,"{""temperature"": 29.0, ""humidity"": 83.0}",-43.0,9.25,0,Normal
2026-08-18 22:25:38,H:83% T:29C,Temp & Humidity,"{""temperature"": 29.0, ""humidity"": 83.0}",-43.0,9.0,0,Normal
2026-08-18 22:25:38,H:83% T:29C,Temp & Humidity,"{""temperature"": 29.0, ""humidity"": 83.0}",-43.0,9.25,0,Normal
2026-08-18 22:25:38,H:83% T:29C,Temp & Humidity,"{""temperature"": 29.0, ""humidity"": 83.0}",-43.0,9.5,0,Normal
2026-08-18 22:25:38,H:83% T:29C,Temp & Humidity,"{""temperature"": 29.0, ""humidity"": 83.0}",-44.0,9.25,0,Normal
2026-08-18 22:25:38,H:83% T:29C,Temp & Humidity,"{""temperature"": 29.0, ""humidity"": 83.0}",-43.0,9.25,0,Normal
2026-08-18 22:25:38,H:83% T:29C,Temp & Humidity,"{""temperature"": 29.0, ""humidity"": 83.0}",-43.0,11.75,0,Normal
2026-08-18 22:25:38,H:83% T:29C,Temp & Humidity,"{""temperature"": 29.0, ""humidity"": 83.0}",-43.0,10.0,0,Normal
2026-08-18 22:25:38,H:83% T:29C,Temp & Humidity,"{""temperature"": 29.0, ""humidity"": 83.0}",-43.0,9.25,0,Normal
2026-08-18 22:25:38,H:83% T:29C,Temp & Humidity,"{""temperature"": 29.0, ""humidity"": 83.0}",-43.0,9.5,0,Normal
2026-08-18 22:25:38,H:83% T:29C,Temp & Humidity,"{""temperature"": 29.0, ""humidity"": 83.0}",-43.0,9.25,0,Normal
2026-08-18 22:25:38,H:83% T:29C,Temp & Humidity,"{""temperature"": 29.0, ""humidity"": 83.0}",-43.0,9.5,0,Normal
2026-08-18 22:25:38,H:83% T:29C,Temp & Humidity,"{""temperature"": 29.0, ""humidity"": 83.0}",-43.0,9.0,0,Normal
2026-08-18 22:25:38,H:83% T:29C,Temp & Humidity,"{""temperature"": 29.0, ""humidity"": 83.0}",-44.0,9.75,0,Normal
2026-08-18 22:25:38,H:83% T:29C,Temp & Humidity,"{""temperature"": 29.0, ""humidity"": 83.0}",-43.0,9.5,0,Normal
2026-08-18 22:25:38,H:83% T:29C,Temp & Humidity,"{""temperature"": 29.0, ""humidity"": 83.0}",-43.0,9.5,0,Normal
2026-08-18 22:25:38,H:83% T:29C,Temp & Humidity,"{""temperature"": 29.0, ""humidity"": 83.0}",-43.0,9.0,0,Normal
2026-08-18 22:25:38,H:83% T:29C,Temp & Humidity,"{""temperature"": 29.0, ""humidity"": 83.0}",-43.0,9.5,0,Normal
2026-08-18 22:25:38,H:83% T:29C,Temp & Humidity,"{""temperature"": 29.0, ""humidity"": 83.0}",-43.0,9.5,0,Normal
2026-08-18 22:25:38,H:83% T:29C,Temp & Humidity,"{""temperature"": 29.0, ""humidity"": 83.0}",-43.0,9.25,0,Normal
2026-08-18 22:25:38,H:83% T:29C,Temp & Humidity,"{""temperature"": 29.0, ""humidity"": 83.0}",-43.0,9.5,0,Normal
2026-08-18 22:25:38,H:83% T:29C,Temp & Humidity,"{""temperature"": 29.0, ""humidity"": 83.0}",-43.0,9.0,0,Normal
2026-08-18 22:25:38,H:83% T:29C,Temp & Humidity,"{""temperature"": 29.0, ""humidity"": 83.0}",-44.0,9.0,0,Normal
2026-08-18 22:25:38,H:83% T:29C,Temp & Humidity,"{""temperature"": 29.0, ""humidity"": 83.0}",-48.0,9.0,0,Normal
2026-08-18 22:25:38,H:83% T:29C,Temp & Humidity,"{""temperature"": 29.0, ""humidity"": 83.0}",-43.0,9.25,0,Normal
2026-08-18 22:25:38,H:83% T:29C,Temp & Humidity,"{""temperature"": 29.0, ""humidity"": 83.0}",-43.0,9.0,0,Normal
2026-08-18 22:25:39,H:83% T:29C,Temp & Humidity,"{""temperature"": 29.0, ""humidity"": 83.0}",-43.0,9.25,0,Normal
2026-08-18 22:25:39,H:83% T:29C,Temp & Humidity,"{""temperature"": 29.0, ""humidity"": 83.0}",-43.0,9.25,0,Normal
2026-08-18 22:25:39,H:83% T:29C,Temp & Humidity,"{""temperature"": 29.0, ""humidity"": 83.0}",-43.0,9.0,0,Normal
2026-08-18 22:25:39,H:83% T:29C,Temp & Humidity,"{""temperature"": 29.0, ""humidity"": 83.0}",-43.0,9.25,0,Normal
2026-08-18 22:25:39,H:83% T:29C,Temp & Humidity,"{""temperature"": 29.0, ""humidity"": 83.0}",-43.0,9.25,0,Normal
2026-08-18 22:25:39,H:83% T:29C,Temp & Humidity,"{""temperature"": 29.0, ""humidity"": 83.0}",-43.0,9.0,0,Normal
2026-08-18 22:25:39,H:83% T:29C,Temp & Humidity,"{""temperature"": 29.0, ""humidity"": 83.0}",-43.0,9.25,0,Normal
2026-08-18 22:25:39,H:83% T:29C,Temp & Humidity,"{""temperature"": 29.0, ""humidity"": 83.0}",-43.0,9.25,0,Normal
2026-08-18 22:25:39,H:83% T:29C,Temp & Humidity,"{""temperature"": 29.0, ""humidity"": 83.0}",-43.0,9.5,0,Normal
2026-08-18 22:25:39,H:83% T:29C,Temp & Humidity,"{""temperature"": 29.0, ""humidity"": 83.0}",-43.0,9.25,0,Normal
2026-08-18 22:25:39,H:83% T:29C,Temp & Humidity,"{""temperature"": 29.0, ""humidity"": 83.0}",-42.0,9.5,0,Normal
2026-08-18 22:25:39,H:83% T:29C,Temp & Humidity,"{""temperature"": 29.0, ""humidity"": 83.0}",-44.0,9.25,0,Normal
2026-08-18 22:25:39,H:83% T:29C,Temp & Humidity,"{""temperature"": 29.0, ""humidity"": 83.0}",-43.0,9.25,0,Normal
2026-08-18 22:25:39,H:83% T:29C,Temp & Humidity,"{""temperature"": 29.0, ""humidity"": 83.0}",-43.0,9.5,0,Normal
2026-08-18 22:25:39,H:83% T:29C,Temp & Humidity,"{""temperature"": 29.0, ""humidity"": 83.0}",-43.0,9.25,0,Normal
2026-08-18 22:25:39,H:83% T:29C,Temp & Humidity,"{""temperature"": 29.0, ""humidity"": 83.0}",-43.0,9.25,0,Normal
2026-08-18 22:25:39,H:83% T:29C,Temp & Humidity,"{""temperature"": 29.0, ""humidity"": 83.0}",-43.0,9.25,0,Normal
2026-08-18 22:25:39,H:83% T:29C,Temp & Humidity,"{""temperature"": 29.0, ""humidity"": 83.0}",-43.0,9.25,0,Normal
2026-08-18 22:25:39,H:83% T:29C,Temp & Humidity,"{""temperature"": 29.0, ""humidity"": 83.0}",-44.0,9.25,0,Normal
2026-08-18 22:25:39,H:83% T:29C,Temp & Humidity,"{""temperature"": 29.0, ""humidity"": 83.0}",-43.0,9.25,0,Normal
2026-08-18 22:25:39,H:83% T:29C,Temp & Humidity,"{""temperature"": 29.0, ""humidity"": 83.0}",-43.0,9.5,0,Normal
2026-08-18 22:25:39,H:83% T:29C,Temp & Humidity,"{""temperature"": 29.0, ""humidity"": 83.0}",-43.0,9.25,0,Normal
2026-08-18 22:25:39,H:83% T:29C,Temp & Humidity,"{""temperature"": 29.0, ""humidity"": 83.0}",-44.0,9.5,0,Normal
2026-08-18 22:25:39,H:83% T:29C,Temp & Humidity,"{""temperature"": 29.0, ""humidity"": 83.0}",-43.0,9.25,0,Normal
2026-08-18 22:25:39,H:83% T:29C,Temp & Humidity,"{""temperature"": 29.0, ""humidity"": 83.0}",-43.0,9.0,0,Normal
2026-08-18 22:25:39,H:83% T:29C,Temp & Humidity,"{""temperature"": 29.0, ""humidity"": 83.0}",-43.0,9.5,0,Normal
2026-08-18 22:25:39,H:83% T:29C,Temp & Humidity,"{""temperature"": 29.0, ""humidity"": 83.0}",-43.0,9.0,0,Normal
2026-08-18 22:25:39,H:83% T:29C,Temp & Humidity,"{""temperature"": 29.0, ""humidity"": 83.0}",-43.0,9.5,0,Normal
2026-08-18 22:25:39,H:83% T:29C,Temp & Humidity,"{""temperature"": 29.0, ""humidity"": 83.0}",-43.0,9.0,0,Normal
2026-08-18 22:25:39,H:83% T:29C,Temp & Humidity,"{""temperature"": 29.0, ""humidity"": 83.0}",-43.0,9.5,0,Normal
2026-08-18 22:25:39,H:83% T:29C,Temp & Humidity,"{""temperature"": 29.0, ""humidity"": 83.0}",-43.0,9.25,0,Normal
2026-08-18 22:25:39,H:83% T:29C,Temp & Humidity,"{""temperature"": 29.0, ""humidity"": 83.0}",-43.0,9.5,0,Normal
2026-08-18 22:25:39,H:83% T:29C,Temp & Humidity,"{""temperature"": 29.0, ""humidity"": 83.0}",-48.0,9.0,0,Normal
2026-08-18 22:25:39,H:83% T:29C,Temp & Humidity,"{""temperature"": 29.0, ""humidity"": 83.0}",-43.0,9.25,0,Normal
2026-08-18 22:25:39,H:83% T:29C,Temp & Humidity,"{""temperature"": 29.0, ""humidity"": 83.0}",-43.0,9.0,0,Normal
2026-08-18 22:25:39,H:83% T:29C,Temp & Humidity,"{""temperature"": 29.0, ""humidity"": 83.0}",-43.0,9.5,0,Normal
2026-08-18 22:25:39,H:83% T:29C,Temp & Humidity,"{""temperature"": 29.0, ""humidity"": 83.0}",-43.0,9.0,0,Normal
2026-08-18 22:25:39,H:83% T:29C,Temp & Humidity,"{""temperature"": 29.0, ""humidity"": 83.0}",-43.0,9.25,0,Normal
2026-08-18 22:25:39,H:83% T:29C,Temp & Humidity,"{""temperature"": 29.0, ""humidity"": 83.0}",-43.0,9.0,0,Normal
2026-08-18 22:25:39,H:83% T:29C,Temp & Humidity,"{""temperature"": 29.0, ""humidity"": 83.0}",-43.0,9.5,0,Normal
2026-08-18 22:25:39,H:83% T:29C,Temp & Humidity,"{""temperature"": 29.0, ""humidity"": 83.0}",-44.0,9.5,0,Normal
2026-08-18 22:25:39,H:83% T:29C,Temp & Humidity,"{""temperature"": 29.0, ""humidity"": 83.0}",-43.0,9.25,0,Normal
2026-08-18 22:25:39,H:83% T:29C,Temp & Humidity,"{""temperature"": 29.0, ""humidity"": 83.0}",-43.0,9.25,0,Normal
2026-08-18 22:25:39,H:83% T:29C,Temp & Humidity,"{""temperature"": 29.0, ""humidity"": 83.0}",-43.0,9.0,0,Normal
2026-08-18 22:25:39,H:83% T:29C,Temp & Humidity,"{""temperature"": 29.0, ""humidity"": 83.0}",-43.0,9.5,0,Normal
2026-08-18 22:25:39,H:83% T:29C,Temp & Humidity,"{""temperature"": 29.0, ""humidity"": 83.0}",-43.0,9.25,0,Normal
2026-08-18 22:25:39,H:83% T:29C,Temp & Humidity,"{""temperature"": 29.0, ""humidity"": 83.0}",-43.0,9.25,0,Normal
2026-08-18 22:25:39,H:83% T:29C,Temp & Humidity,"{""temperature"": 29.0, ""humidity"": 83.0}",-43.0,9.25,0,Normal
2026-08-18 22:25:39,H:83% T:29C,Temp & Humidity,"{""temperature"": 29.0, ""humidity"": 83.0}",-43.0,9.25,0,Normal
2026-08-18 22:25:39,H:83% T:29C,Temp & Humidity,"{""temperature"": 29.0, ""humidity"": 83.0}",-43.0,11.75,0,Normal
2026-08-18 22:25:39,H:83% T:29C,Temp & Humidity,"{""temperature"": 29.0, ""humidity"": 83.0}",-43.0,9.25,0,Normal
2026-08-18 22:25:39,H:83% T:29C,Temp & Humidity,"{""temperature"": 29.0, ""humidity"": 83.0}",-43.0,9.5,0,Normal
2026-08-18 22:25:39,H:83% T:29C,Temp & Humidity,"{""temperature"": 29.0, ""humidity"": 83.0}",-43.0,9.5,0,Normal
2026-08-18 22:25:39,H:83% T:29C,Temp & Humidity,"{""temperature"": 29.0, ""humidity"": 83.0}",-43.0,9.5,0,Normal
2026-08-18 22:25:39,H:83% T:29C,Temp & Humidity,"{""temperature"": 29.0, ""humidity"": 83.0}",-43.0,9.5,0,Normal
2026-08-18 22:25:39,H:83% T:29C,Temp & Humidity,"{""temperature"": 29.0, ""humidity"": 83.0}",-43.0,9.25,0,Normal
2026-08-18 22:25:39,H:83% T:29C,Temp & Humidity,"{""temperature"": 29.0, ""humidity"": 83.0}",-43.0,9.25,0,Normal
2026-08-18 22:25:39,H:83% T:29C,Temp & Humidity,"{""temperature"": 29.0, ""humidity"": 83.0}",-43.0,9.5,0,Normal
2026-08-18 22:25:39,H:83% T:29C,Temp & Humidity,"{""temperature"": 29.0, ""humidity"": 83.0}",-43.0,9.25,0,Normal
2026-08-18 22:25:39,H:83% T:29C,Temp & Humidity,"{""temperature"": 29.0, ""humidity"": 83.0}",-43.0,9.25,0,Normal
2026-08-18 22:25:39,H:83% T:29C,Temp & Humidity,"{""temperature"": 29.0, ""humidity"": 83.0}",-43.0,9.25,0,Normal
2026-08-18 22:25:39,H:83% T:29C,Temp & Humidity,"{""temperature"": 29.0, ""humidity"": 83.0}",-43.0,9.25,0,Normal
2026-08-18 22:25:39,H:83% T:29C,Temp & Humidity,"{""temperature"": 29.0, ""humidity"": 83.0}",-43.0,9.25,0,Normal
2026-08-18 22:25:39,H:83% T:29C,Temp & Humidity,"{""temperature"": 29.0, ""humidity"": 83.0}",-43.0,9.25,0,Normal
2026-08-18 22:25:39,H:83% T:29C,Temp & Humidity,"{""temperature"": 29.0, ""humidity"": 83.0}",-48.0,9.0,0,Normal
2026-08-18 22:25:39,H:83% T:29C,Temp & Humidity,"{""temperature"": 29.0, ""humidity"": 83.0}",-43.0,9.25,0,Normal
2026-08-18 22:25:39,H:83% T:29C,Temp & Humidity,"{""temperature"": 29.0, ""humidity"": 83.0}",-43.0,9.25,0,Normal
2026-08-18 22:25:39,H:83% T:29C,Temp & Humidity,"{""temperature"": 29.0, ""humidity"": 83.0}",-43.0,9.0,0,Normal
2026-08-18 22:25:39,H:83% T:29C,Temp & Humidity,"{""temperature"": 29.0, ""humidity"": 83.0}",-43.0,9.25,0,Normal
2026-08-18 22:25:39,H:83% T:29C,Temp & Humidity,"{""temperature"": 29.0, ""humidity"": 83.0}",-43.0,9.25,0,Normal
2026-08-18 22:25:39,H:83% T:29C,Temp & Humidity,"{""temperature"": 29.0, ""humidity"": 83.0}",-43.0,9.75,0,Normal
2026-08-18 22:25:39,H:83% T:29C,Temp & Humidity,"{""temperature"": 29.0, ""humidity"": 83.0}",-44.0,9.25,0,Normal
2026-08-18 22:25:39,H:83% T:29C,Temp & Humidity,"{""temperature"": 29.0, ""humidity"": 83.0}",-43.0,9.25,0,Normal
2026-08-18 22:25:39,H:83% T:29C,Temp & Humidity,"{""temperature"": 29.0, ""humidity"": 83.0}",-43.0,9.25,0,Normal
2026-08-18 22:25:39,H:83% T:29C,Temp & Humidity,"{""temperature"": 29.0, ""humidity"": 83.0}",-43.0,9.5,0,Normal
2026-08-18 22:25:39,H:83% T:29C,Temp & Humidity,"{""temperature"": 29.0, ""humidity"": 83.0}",-43.0,9.0,0,Normal
2026-08-18 22:25:39,H:83% T:29C,Temp & Humidity,"{""temperature"": 29.0, ""humidity"": 83.0}",-43.0,9.25,0,Normal
2026-08-18 22:25:39,H:83% T:29C,Temp & Humidity,"{""temperature"": 29.0, ""humidity"": 83.0}",-43.0,9.5,0,Normal
2026-08-18 22:25:39,H:83% T:29C,Temp & Humidity,"{""temperature"": 29.0, ""humidity"": 83.0}",-43.0,9.25,0,Normal
2026-08-18 22:25:39,H:83% T:29C,Temp & Humidity,"{""temperature"": 29.0, ""humidity"": 83.0}",-43.0,9.25,0,Normal
2026-08-18 22:25:39,H:83% T:29C,Temp & Humidity,"{""temperature"": 29.0, ""humidity"": 83.0}",-44.0,9.5,0,Normal
2026-08-18 22:25:39,H:83% T:29C,Temp & Humidity,"{""temperature"": 29.0, ""humidity"": 83.0}",-43.0,9.25,0,Normal
2026-08-18 22:25:39,H:83% T:29C,Temp & Humidity,"{""temperature"": 29.0, ""humidity"": 83.0}",-43.0,9.5,0,Normal
2026-08-18 22:25:39,H:83% T:29C,Temp & Humidity,"{""temperature"": 29.0, ""humidity"": 83.0}",-43.0,9.25,0,Normal
2026-08-18 22:25:39,H:83% T:29C,Temp & Humidity,"{""temperature"": 29.0, ""humidity"": 83.0}",-43.0,9.25,0,Normal
2026-08-18 22:25:39,H:83% T:29C,Temp & Humidity,"{""temperature"": 29.0, ""humidity"": 83.0}",-43.0,9.25,0,Normal
2026-08-18 22:25:39,H:83% T:29C,Temp & Humidity,"{""temperature"": 29.0, ""humidity"": 83.0}",-43.0,9.25,0,Normal
2026-08-18 22:25:39,H:83% T:29C,Temp & Humidity,"{""temperature"": 29.0, ""humidity"": 83.0}",-43.0,9.25,0,Normal
2026-08-18 22:25:39,H:83% T:29C,Temp & Humidity,"{""temperature"": 29.0, ""humidity"": 83.0}",-43.0,9.5,0,Normal
2026-08-18 22:25:39,H:83% T:29C,Temp & Humidity,"{""temperature"": 29.0, ""humidity"": 83.0}",-43.0,9.5,0,Normal
2026-08-18 22:25:39,H:83% T:29C,Temp & Humidity,"{""temperature"": 29.0, ""humidity"": 83.0}",-43.0,9.25,0,Normal
2026-08-18 22:25:39,H:83% T:29C,Temp & Humidity,"{""temperature"": 29.0, ""humidity"": 83.0}",-43.0,9.25,0,Normal
2026-08-18 22:25:39,H:83% T:29C,Temp & Humidity,"{""temperature"": 29.0, ""humidity"": 83.0}",-43.0,9.25,0,Normal
2026-08-18 22:25:39,H:83% T:29C,Temp & Humidity,"{""temperature"": 29.0, ""humidity"": 83.0}",-43.0,9.5,0,Normal
2026-08-18 22:25:39,H:83% T:29C,Temp & Humidity,"{""temperature"": 29.0, ""humidity"": 83.0}",-43.0,9.25,0,Normal
2026-08-18 22:25:39,H:83% T:29C,Temp & Humidity,"{""temperature"": 29.0, ""humidity"": 83.0}",-43.0,9.25,0,Normal
2026-08-18 22:25:39,H:83% T:29C,Temp & Humidity,"{""temperature"": 29.0, ""humidity"": 83.0}",-43.0,9.0,0,Normal
2026-08-18 22:25:39,H:83% T:29C,Temp & Humidity,"{""temperature"": 29.0, ""humidity"": 83.0}",-43.0,9.25,0,Normal
2026-08-18 22:25:39,H:83% T:29C,Temp & Humidity,"{""temperature"": 29.0, ""humidity"": 83.0}",-43.0,9.25,0,Normal
2026-08-18 22:25:39,H:83% T:29C,Temp & Humidity,"{""temperature"": 29.0, ""humidity"": 83.0}",-43.0,9.25,0,Normal
2026-08-18 22:25:39,H:83% T:29C,Temp & Humidity,"{""temperature"": 29.0, ""humidity"": 83.0}",-44.0,9.25,0,Normal
2026-08-18 22:25:39,H:83% T:29C,Temp & Humidity,"{""temperature"": 29.0, ""humidity"": 83.0}",-43.0,9.5,0,Normal
2026-08-18 22:25:39,H:83% T:29C,Temp & Humidity,"{""temperature"": 29.0, ""humidity"": 83.0}",-48.0,9.0,0,Normal
2026-08-18 22:25:39,H:83% T:29C,Temp & Humidity,"{""temperature"": 29.0, ""humidity"": 83.0}",-43.0,9.25,0,Normal
2026-08-18 22:25:39,H:83% T:29C,Temp & Humidity,"{""temperature"": 29.0, ""humidity"": 83.0}",-43.0,9.5,0,Normal
2026-08-18 22:25:39,H:83% T:29C,Temp & Humidity,"{""temperature"": 29.0, ""humidity"": 83.0}",-43.0,9.25,0,Normal
2026-08-18 22:25:39,H:83% T:29C,Temp & Humidity,"{""temperature"": 29.0, ""humidity"": 83.0}",-43.0,9.0,0,Normal
2026-08-18 22:25:39,H:83% T:29C,Temp & Humidity,"{""temperature"": 29.0, ""humidity"": 83.0}",-43.0,9.0,0,Normal
2026-08-18 22:25:39,H:83% T:29C,Temp & Humidity,"{""temperature"": 29.0, ""humidity"": 83.0}",-44.0,9.5,0,Normal
2026-08-18 22:25:39,H:83% T:29C,Temp & Humidity,"{""temperature"": 29.0, ""humidity"": 83.0}",-43.0,9.0,0,Normal
2026-08-18 22:25:39,H:83% T:29C,Temp & Humidity,"{""temperature"": 29.0, ""humidity"": 83.0}",-43.0,9.5,0,Normal
2026-08-18 22:25:39,H:83% T:29C,Temp & Humidity,"{""temperature"": 29.0, ""humidity"": 83.0}",-42.0,9.25,0,Normal
2026-08-18 22:25:39,H:83% T:29C,Temp & Humidity,"{""temperature"": 29.0, ""humidity"": 83.0}",-44.0,9.5,0,Normal
2026-08-18 22:25:39,H:83% T:29C,Temp & Humidity,"{""temperature"": 29.0, ""humidity"": 83.0}",-43.0,9.25,0,Normal
2026-08-18 22:25:39,H:83% T:29C,Temp & Humidity,"{""temperature"": 29.0, ""humidity"": 83.0}",-43.0,9.75,0,Normal
2026-08-18 22:25:39,H:83% T:29C,Temp & Humidity,"{""temperature"": 29.0, ""humidity"": 83.0}",-43.0,9.0,0,Normal
2026-08-18 22:25:39,H:83% T:29C,Temp & Humidity,"{""temperature"": 29.0, ""humidity"": 83.0}",-43.0,9.25,0,Normal
2026-08-18 22:25:39,H:83% T:29C,Temp & Humidity,"{""temperature"": 29.0, ""humidity"": 83.0}",-43.0,9.25,0,Normal
2026-08-18 22:25:39,H:83% T:29C,Temp & Humidity,"{""temperature"": 29.0, ""humidity"": 83.0}",-43.0,9.25,0,Normal
2026-08-18 22:25:39,H:83% T:29C,Temp & Humidity,"{""temperature"": 29.0, ""humidity"": 83.0}",-43.0,9.5,0,Normal
2026-08-18 22:25:39,H:83% T:29C,Temp & Humidity,"{""temperature"": 29.0, ""humidity"": 83.0}",-43.0,9.5,0,Normal
2026-08-18 22:25:39,H:83% T:29C,Temp & Humidity,"{""temperature"": 29.0, ""humidity"": 83.0}",-43.0,9.5,0,Normal
2026-08-18 22:25:39,H:83% T:29C,Temp & Humidity,"{""temperature"": 29.0, ""humidity"": 83.0}",-43.0,9.5,0,Normal
2026-08-18 22:25:39,H:83% T:29C,Temp & Humidity,"{""temperature"": 29.0, ""humidity"": 83.0}",-43.0,9.25,0,Normal
2026-08-18 22:25:39,H:83% T:29C,Temp & Humidity,"{""temperature"": 29.0, ""humidity"": 83.0}",-43.0,9.25,0,Normal
2026-08-18 22:25:39,H:83% T:29C,Temp & Humidity,"{""temperature"": 29.0, ""humidity"": 83.0}",-43.0,9.5,0,Normal
2026-08-18 22:25:39,H:83% T:29C,Temp & Humidity,"{""temperature"": 29.0, ""humidity"": 83.0}",-43.0,9.25,0,Normal
2026-08-18 22:25:39,H:83% T:29C,Temp & Humidity,"{""temperature"": 29.0, ""humidity"": 83.0}",-43.0,9.25,0,Normal
2026-08-18 22:25:39,H:83% T:29C,Temp & Humidity,"{""temperature"": 29.0, ""humidity"": 83.0}",-43.0,9.5,0,Normal
2026-08-18 22:25:39,H:83% T:29C,Temp & Humidity,"{""temperature"": 29.0, ""humidity"": 83.0}",-44.0,9.0,0,Normal
2026-08-18 22:25:39,H:83% T:29C,Temp & Humidity,"{""temperature"": 29.0, ""humidity"": 83.0}",-43.0,9.25,0,Normal
2026-08-18 22:25:39,H:83% T:29C,Temp & Humidity,"{""temperature"": 29.0, ""humidity"": 83.0}",-43.0,9.25,0,Normal
2026-08-18 22:25:39,H:83% T:29C,Temp & Humidity,"{""temperature"": 29.0, ""humidity"": 83.0}",-43.0,9.25,0,Normal
2026-08-18 22:25:39,H:83% T:29C,Temp & Humidity,"{""temperature"": 29.0, ""humidity"": 83.0}",-43.0,9.25,0,Normal
2026-08-18 22:25:39,H:83% T:29C,Temp & Humidity,"{""temperature"": 29.0, ""humidity"": 83.0}",-48.0,9.0,0,Normal
2026-08-18 22:25:39,H:83% T:29C,Temp & Humidity,"{""temperature"": 29.0, ""humidity"": 83.0}",-43.0,9.0,0,Normal
2026-08-18 22:25:39,H:83% T:29C,Temp & Humidity,"{""temperature"": 29.0, ""humidity"": 83.0}",-43.0,9.5,0,Normal
2026-08-18 22:25:39,H:83% T:29C,Temp & Humidity,"{""temperature"": 29.0, ""humidity"": 83.0}",-43.0,9.25,0,Normal
2026-08-18 22:25:39,H:83% T:29C,Temp & Humidity,"{""temperature"": 29.0, ""humidity"": 83.0}",-43.0,9.25,0,Normal
2026-08-18 22:25:39,H:83% T:29C,Temp & Humidity,"{""temperature"": 29.0, ""humidity"": 83.0}",-43.0,11.75,0,Normal
2026-08-18 22:25:39,H:83% T:29C,Temp & Humidity,"{""temperature"": 29.0, ""humidity"": 83.0}",-43.0,9.25,0,Normal
2026-08-18 22:25:39,H:83% T:29C,Temp & Humidity,"{""temperature"": 29.0, ""humidity"": 83.0}",-43.0,9.5,0,Normal
2026-08-18 22:25:39,H:83% T:29C,Temp & Humidity,"{""temperature"": 29.0, ""humidity"": 83.0}",-43.0,9.25,0,Normal
2026-08-18 22:25:39,H:83% T:29C,Temp & Humidity,"{""temperature"": 29.0, ""humidity"": 83.0}",-43.0,9.25,0,Normal
2026-08-18 22:25:39,H:83% T:29C,Temp & Humidity,"{""temperature"": 29.0, ""humidity"": 83.0}",-48.0,9.5,0,Normal
2026-08-18 22:25:39,H:83% T:29C,Temp & Humidity,"{""temperature"": 29.0, ""humidity"": 83.0}",-43.0,9.25,0,Normal
2026-08-18 22:25:39,H:83% T:29C,Temp & Humidity,"{""temperature"": 29.0, ""humidity"": 83.0}",-43.0,9.25,0,Normal
2026-08-18 22:25:39,H:83% T:29C,Temp & Humidity,"{""temperature"": 29.0, ""humidity"": 83.0}",-43.0,9.5,0,Normal
2026-08-18 22:25:39,H:83% T:29C,Temp & Humidity,"{""temperature"": 29.0, ""humidity"": 83.0}",-42.0,9.5,0,Normal
2026-08-18 22:25:39,H:83% T:29C,Temp & Humidity,"{""temperature"": 29.0, ""humidity"": 83.0}",-43.0,9.25,0,Normal
2026-08-18 22:25:39,H:83% T:29C,Temp & Humidity,"{""temperature"": 29.0, ""humidity"": 83.0}",-43.0,9.0,0,Normal
2026-08-18 22:25:39,H:83% T:29C,Temp & Humidity,"{""temperature"": 29.0, ""humidity"": 83.0}",-44.0,9.5,0,Normal
2026-08-18 22:25:39,H:83% T:29C,Temp & Humidity,"{""temperature"": 29.0, ""humidity"": 83.0}",-43.0,9.5,0,Normal
2026-08-18 22:25:39,H:83% T:29C,Temp & Humidity,"{""temperature"": 29.0, ""humidity"": 83.0}",-43.0,9.5,0,Normal
2026-08-18 22:25:39,H:83% T:29C,Temp & Humidity,"{""temperature"": 29.0, ""humidity"": 83.0}",-44.0,9.5,0,Normal
2026-08-18 22:25:39,H:83% T:29C,Temp & Humidity,"{""temperature"": 29.0, ""humidity"": 83.0}",-43.0,9.5,0,Normal
2026-08-18 22:25:39,H:83% T:29C,Temp & Humidity,"{""temperature"": 29.0, ""humidity"": 83.0}",-44.0,9.25,0,Normal
2026-08-18 22:25:39,H:83% T:29C,Temp & Humidity,"{""temperature"": 29.0, ""humidity"": 83.0}",-43.0,9.25,0,Normal
2026-08-18 22:25:39,H:83% T:29C,Temp & Humidity,"{""temperature"": 29.0, ""humidity"": 83.0}",-43.0,9.25,0,Normal
2026-08-18 22:25:39,H:83% T:29C,Temp & Humidity,"{""temperature"": 29.0, ""humidity"": 83.0}",-43.0,9.25,0,Normal
2026-08-18 22:25:39,H:83% T:29C,Temp & Humidity,"{""temperature"": 29.0, ""humidity"": 83.0}",-43.0,9.0,0,Normal
2026-08-18 22:25:39,H:83% T:29C,Temp & Humidity,"{""temperature"": 29.0, ""humidity"": 83.0}",-43.0,9.25,0,Normal
2026-08-18 22:25:39,H:83% T:29C,Temp & Humidity,"{""temperature"": 29.0, ""humidity"": 83.0}",-43.0,9.5,0,Normal
2026-08-18 22:25:39,H:83% T:29C,Temp & Humidity,"{""temperature"": 29.0, ""humidity"": 83.0}",-43.0,9.0,0,Normal
2026-08-18 22:25:39,H:83% T:29C,Temp & Humidity,"{""temperature"": 29.0, ""humidity"": 83.0}",-43.0,9.75,0,Normal
2026-08-18 22:25:39,H:83% T:29C,Temp & Humidity,"{""temperature"": 29.0, ""humidity"": 83.0}",-48.0,9.0,0,Normal
2026-08-18 22:25:39,H:83% T:29C,Temp & Humidity,"{""temperature"": 29.0, ""humidity"": 83.0}",-43.0,9.25,0,Normal
2026-08-18 22:25:39,H:83% T:29C,Temp & Humidity,"{""temperature"": 29.0, ""humidity"": 83.0}",-43.0,10.25,0,Normal
2026-08-18 22:25:39,H:83% T:29C,Temp & Humidity,"{""temperature"": 29.0, ""humidity"": 83.0}",-43.0,9.25,0,Normal
2026-08-18 22:25:39,H:83% T:29C,Temp & Humidity,"{""temperature"": 29.0, ""humidity"": 83.0}",-43.0,9.5,0,Normal
2026-08-18 22:25:39,H:83% T:29C,Temp & Humidity,"{""temperature"": 29.0, ""humidity"": 83.0}",-43.0,9.25,0,Normal
2026-08-18 22:25:39,H:83% T:29C,Temp & Humidity,"{""temperature"": 29.0, ""humidity"": 83.0}",-43.0,9.25,0,Normal
2026-08-18 22:25:39,H:83% T:29C,Temp & Humidity,"{""temperature"": 29.0, ""humidity"": 83.0}",-43.0,9.0,0,Normal
2026-08-18 22:25:39,H:83% T:29C,Temp & Humidity,"{""temperature"": 29.0, ""humidity"": 83.0}",-43.0,9.5,0,Normal
2026-08-18 22:25:39,H:83% T:29C,Temp & Humidity,"{""temperature"": 29.0, ""humidity"": 83.0}",-43.0,9.25,0,Normal
2026-08-18 22:25:39,H:83% T:29C,Temp & Humidity,"{""temperature"": 29.0, ""humidity"": 83.0}",-43.0,9.25,0,Normal
2026-08-18 22:25:39,H:83% T:29C,Temp & Humidity,"{""temperature"": 29.0, ""humidity"": 83.0}",-43.0,9.0,0,Normal
2026-08-18 22:25:39,H:83% T:29C,Temp & Humidity,"{""temperature"": 29.0, ""humidity"": 83.0}",-43.0,9.25,0,Normal
2026-08-18 22:25:39,H:83% T:29C,Temp & Humidity,"{""temperature"": 29.0, ""humidity"": 83.0}",-43.0,9.75,0,Normal
2026-08-18 22:25:39,H:83% T:29C,Temp & Humidity,"{""temperature"": 29.0, ""humidity"": 83.0}",-43.0,9.0,0,Normal
2026-08-18 22:25:39,H:83% T:29C,Temp & Humidity,"{""temperature"": 29.0, ""humidity"": 83.0}",-43.0,9.5,0,Normal
2026-08-18 22:25:39,H:83% T:29C,Temp & Humidity,"{""temperature"": 29.0, ""humidity"": 83.0}",-43.0,9.5,0,Normal
2026-08-18 22:25:39,H:83% T:29C,Temp & Humidity,"{""temperature"": 29.0, ""humidity"": 83.0}",-43.0,12.25,0,Normal
2026-08-18 22:25:39,H:83% T:29C,Temp & Humidity,"{""temperature"": 29.0, ""humidity"": 83.0}",-43.0,9.5,0,Normal
2026-08-18 22:25:39,H:83% T:29C,Temp & Humidity,"{""temperature"": 29.0, ""humidity"": 83.0}",-43.0,9.0,0,Normal
2026-08-18 22:25:39,H:83% T:29C,Temp & Humidity,"{""temperature"": 29.0, ""humidity"": 83.0}",-43.0,9.25,0,Normal
2026-08-18 22:25:39,H:83% T:29C,Temp & Humidity,"{""temperature"": 29.0, ""humidity"": 83.0}",-43.0,9.0,0,Normal
2026-08-18 22:25:39,H:83% T:29C,Temp & Humidity,"{""temperature"": 29.0, ""humidity"": 83.0}",-43.0,9.25,0,Normal
2026-08-18 22:25:39,H:83% T:29C,Temp & Humidity,"{""temperature"": 29.0, ""humidity"": 83.0}",-43.0,9.25,0,Normal
2026-08-18 22:25:39,H:83% T:29C,Temp & Humidity,"{""temperature"": 29.0, ""humidity"": 83.0}",-43.0,9.25,0,Normal
2026-08-18 22:25:39,H:83% T:29C,Temp & Humidity,"{""temperature"": 29.0, ""humidity"": 83.0}",-43.0,9.0,0,Normal
2026-08-18 22:25:39,H:83% T:29C,Temp & Humidity,"{""temperature"": 29.0, ""humidity"": 83.0}",-43.0,9.25,0,Normal
2026-08-18 22:25:39,H:83% T:29C,Temp & Humidity,"{""temperature"": 29.0, ""humidity"": 83.0}",-48.0,9.0,0,Normal
2026-08-18 22:25:39,H:83% T:29C,Temp & Humidity,"{""temperature"": 29.0, ""humidity"": 83.0}",-42.0,9.25,0,Normal
2026-08-18 22:25:39,H:83% T:29C,Temp & Humidity,"{""temperature"": 29.0, ""humidity"": 83.0}",-43.0,9.25,0,Normal
2026-08-18 22:25:39,H:83% T:29C,Temp & Humidity,"{""temperature"": 29.0, ""humidity"": 83.0}",-43.0,9.5,0,Normal
2026-08-18 22:25:39,H:83% T:29C,Temp & Humidity,"{""temperature"": 29.0, ""humidity"": 83.0}",-43.0,12.5,0,Normal
2026-08-18 22:25:39,H:83% T:29C,Temp & Humidity,"{""temperature"": 29.0, ""humidity"": 83.0}",-43.0,9.25,0,Normal
2026-08-18 22:25:39,H:83% T:29C,Temp & Humidity,"{""temperature"": 29.0, ""humidity"": 83.0}",-43.0,9.0,0,Normal
2026-08-18 22:25:39,H:83% T:29C,Temp & Humidity,"{""temperature"": 29.0, ""humidity"": 83.0}",-43.0,9.5,0,Normal
2026-08-18 22:25:39,H:83% T:29C,Temp & Humidity,"{""temperature"": 29.0, ""humidity"": 83.0}",-43.0,9.5,0,Normal
2026-08-18 22:25:39,H:83% T:29C,Temp & Humidity,"{""temperature"": 29.0, ""humidity"": 83.0}",-43.0,9.0,0,Normal
2026-08-18 22:25:39,H:83% T:29C,Temp & Humidity,"{""temperature"": 29.0, ""humidity"": 83.0}",-43.0,9.5,0,Normal
2026-08-18 22:25:39,H:83% T:29C,Temp & Humidity,"{""temperature"": 29.0, ""humidity"": 83.0}",-43.0,9.0,0,Normal
2026-08-18 22:25:39,H:83% T:29C,Temp & Humidity,"{""temperature"": 29.0, ""humidity"": 83.0}",-48.0,9.0,0,Normal
2026-08-18 22:25:39,H:83% T:29C,Temp & Humidity,"{""temperature"": 29.0, ""humidity"": 83.0}",-43.0,9.5,0,Normal
2026-08-18 22:25:39,H:83% T:29C,Temp & Humidity,"{""temperature"": 29.0, ""humidity"": 83.0}",-43.0,9.5,0,Normal
2026-08-18 22:25:39,H:83% T:29C,Temp & Humidity,"{""temperature"": 29.0, ""humidity"": 83.0}",-43.0,9.5,0,Normal
2026-08-18 22:25:39,H:83% T:29C,Temp & Humidity,"{""temperature"": 29.0, ""humidity"": 83.0}",-43.0,9.0,0,Normal
2026-08-18 22:25:39,H:83% T:29C,Temp & Humidity,"{""temperature"": 29.0, ""humidity"": 83.0}",-43.0,9.25,0,Normal
2026-08-18 22:25:39,H:83% T:29C,Temp & Humidity,"{""temperature"": 29.0, ""humidity"": 83.0}",-43.0,9.5,0,Normal
2026-08-18 22:25:39,H:83% T:29C,Temp & Humidity,"{""temperature"": 29.0, ""humidity"": 83.0}",-43.0,9.25,0,Normal
2026-08-18 22:25:39,H:83% T:29C,Temp & Humidity,"{""temperature"": 29.0, ""humidity"": 83.0}",-43.0,9.25,0,Normal
2026-08-18 22:25:39,H:83% T:29C,Temp & Humidity,"{""temperature"": 29.0, ""humidity"": 83.0}",-43.0,9.25,0,Normal
2026-08-18 22:25:39,H:83% T:29C,Temp & Humidity,"{""temperature"": 29.0, ""humidity"": 83.0}",-43.0,9.25,0,Normal
2026-08-18 22:25:39,H:83% T:29C,Temp & Humidity,"{""temperature"": 29.0, ""humidity"": 83.0}",-43.0,9.5,0,Normal
2026-08-18 22:25:39,H:83% T:29C,Temp & Humidity,"{""temperature"": 29.0, ""humidity"": 83.0}",-43.0,9.0,0,Normal
2026-08-18 22:25:39,H:83% T:29C,Temp & Humidity,"{""temperature"": 29.0, ""humidity"": 83.0}",-43.0,9.0,0,Normal
2026-08-18 22:25:39,H:83% T:29C,Temp & Humidity,"{""temperature"": 29.0, ""humidity"": 83.0}",-42.0,9.25,0,Normal
2026-08-18 22:25:39,H:83% T:29C,Temp & Humidity,"{""temperature"": 29.0, ""humidity"": 83.0}",-43.0,9.25,0,Normal
2026-08-18 22:25:39,H:83% T:29C,Temp & Humidity,"{""temperature"": 29.0, ""humidity"": 83.0}",-43.0,9.25,0,Normal
2026-08-18 22:25:39,H:83% T:29C,Temp & Humidity,"{""temperature"": 29.0, ""humidity"": 83.0}",-43.0,9.0,0,Normal
2026-08-18 22:25:39,H:83% T:29C,Temp & Humidity,"{""temperature"": 29.0, ""humidity"": 83.0}",-43.0,9.25,0,Normal
2026-08-18 22:25:39,H:83% T:29C,Temp & Humidity,"{""temperature"": 29.0, ""humidity"": 83.0}",-43.0,9.25,0,Normal
2026-08-18 22:25:39,H:83% T:29C,Temp & Humidity,"{""temperature"": 29.0, ""humidity"": 83.0}",-43.0,9.25,0,Normal
2026-08-18 22:25:39,H:83% T:29C,Temp & Humidity,"{""temperature"": 29.0, ""humidity"": 83.0}",-43.0,9.75,0,Normal
2026-08-18 22:25:39,H:83% T:29C,Temp & Humidity,"{""temperature"": 29.0, ""humidity"": 83.0}",-43.0,9.5,0,Normal
2026-08-18 22:25:39,H:83% T:29C,Temp & Humidity,"{""temperature"": 29.0, ""humidity"": 83.0}",-43.0,9.5,0,Normal
2026-08-18 22:25:39,H:83% T:29C,Temp & Humidity,"{""temperature"": 29.0, ""humidity"": 83.0}",-43.0,9.0,0,Normal
2026-08-18 22:25:39,H:83% T:29C,Temp & Humidity,"{""temperature"": 29.0, ""humidity"": 83.0}",-43.0,9.5,0,Normal
2026-08-18 22:25:39,H:83% T:29C,Temp & Humidity,"{""temperature"": 29.0, ""humidity"": 83.0}",-43.0,8.75,0,Normal
2026-08-18 22:25:39,H:83% T:29C,Temp & Humidity,"{""temperature"": 29.0, ""humidity"": 83.0}",-43.0,9.75,0,Normal
2026-08-18 22:25:39,H:83% T:29C,Temp & Humidity,"{""temperature"": 29.0, ""humidity"": 83.0}",-43.0,10.0,0,Normal
2026-08-18 22:25:39,H:83% T:29C,Temp & Humidity,"{""temperature"": 29.0, ""humidity"": 83.0}",-43.0,9.75,0,Normal
2026-08-18 22:25:39,H:83% T:29C,Temp & Humidity,"{""temperature"": 29.0, ""humidity"": 83.0}",-43.0,9.25,0,Normal
2026-08-18 22:25:39,H:83% T:29C,Temp & Humidity,"{""temperature"": 29.0, ""humidity"": 83.0}",-43.0,9.5,0,Normal
2026-08-18 22:25:39,H:83% T:29C,Temp & Humidity,"{""temperature"": 29.0, ""humidity"": 83.0}",-43.0,9.25,0,Normal
2026-08-18 22:25:39,H:83% T:29C,Temp & Humidity,"{""temperature"": 29.0, ""humidity"": 83.0}",-43.0,9.0,0,Normal
2026-08-18 22:25:39,H:83% T:29C,Temp & Humidity,"{""temperature"": 29.0, ""humidity"": 83.0}",-43.0,9.5,0,Normal
2026-08-18 22:25:39,H:83% T:29C,Temp & Humidity,"{""temperature"": 29.0, ""humidity"": 83.0}",-43.0,9.25,0,Normal
2026-08-18 22:25:39,H:83% T:29C,Temp & Humidity,"{""temperature"": 29.0, ""humidity"": 83.0}",-43.0,9.25,0,Normal
2026-08-18 22:25:39,H:83% T:29C,Temp & Humidity,"{""temperature"": 29.0, ""humidity"": 83.0}",-43.0,9.0,0,Normal
2026-08-18 22:25:39,H:83% T:29C,Temp & Humidity,"{""temperature"": 29.0, ""humidity"": 83.0}",-43.0,9.5,0,Normal
2026-08-18 22:25:39,H:83% T:29C,Temp & Humidity,"{""temperature"": 29.0, ""humidity"": 83.0}",-43.0,10.0,0,Normal
2026-08-18 22:25:39,H:83% T:29C,Temp & Humidity,"{""temperature"": 29.0, ""humidity"": 83.0}",-43.0,9.25,0,Normal
2026-08-18 22:25:39,H:83% T:29C,Temp & Humidity,"{""temperature"": 29.0, ""humidity"": 83.0}",-43.0,9.5,0,Normal
2026-08-18 22:25:39,H:83% T:29C,Temp & Humidity,"{""temperature"": 29.0, ""humidity"": 83.0}",-43.0,9.5,0,Normal
2026-08-18 22:25:39,H:83% T:29C,Temp & Humidity,"{""temperature"": 29.0, ""humidity"": 83.0}",-43.0,9.5,0,Normal
2026-08-18 22:25:39,H:83% T:29C,Temp & Humidity,"{""temperature"": 29.0, ""humidity"": 83.0}",-43.0,9.25,0,Normal
2026-08-18 22:25:39,H:83% T:29C,Temp & Humidity,"{""temperature"": 29.0, ""humidity"": 83.0}",-43.0,9.5,0,Normal
2026-08-18 22:25:39,H:83% T:29C,Temp & Humidity,"{""temperature"": 29.0, ""humidity"": 83.0}",-43.0,9.5,0,Normal
2026-08-18 22:25:39,H:83% T:29C,Temp & Humidity,"{""temperature"": 29.0, ""humidity"": 83.0}",-43.0,9.25,0,Normal
2026-08-18 22:25:39,H:83% T:29C,Temp & Humidity,"{""temperature"": 29.0, ""humidity"": 83.0}",-43.0,9.0,0,Normal
2026-08-18 22:25:39,H:83% T:29C,Temp & Humidity,"{""temperature"": 29.0, ""humidity"": 83.0}",-48.0,9.0,0,Normal
2026-08-18 22:25:39,H:83% T:29C,Temp & Humidity,"{""temperature"": 29.0, ""humidity"": 83.0}",-43.0,9.25,0,Normal
2026-08-18 22:25:39,H:83% T:29C,Temp & Humidity,"{""temperature"": 29.0, ""humidity"": 83.0}",-43.0,9.0,0,Normal
2026-08-18 22:25:39,H:83% T:29C,Temp & Humidity,"{""temperature"": 29.0, ""humidity"": 83.0}",-43.0,9.5,0,Normal
2026-08-18 22:25:39,H:83% T:29C,Temp & Humidity,"{""temperature"": 29.0, ""humidity"": 83.0}",-43.0,12.5,0,Normal
2026-08-18 22:25:39,H:83% T:29C,Temp & Humidity,"{""temperature"": 29.0, ""humidity"": 83.0}",-43.0,9.5,0,Normal
2026-08-18 22:25:39,H:83% T:29C,Temp & Humidity,"{""temperature"": 29.0, ""humidity"": 83.0}",-43.0,9.0,0,Normal
2026-08-18 22:25:39,H:83% T:29C,Temp & Humidity,"{""temperature"": 29.0, ""humidity"": 83.0}",-43.0,9.0,0,Normal
2026-08-18 22:25:39,H:83% T:29C,Temp & Humidity,"{""temperature"": 29.0, ""humidity"": 83.0}",-43.0,9.5,0,Normal
2026-08-18 22:25:39,H:83% T:29C,Temp & Humidity,"{""temperature"": 29.0, ""humidity"": 83.0}",-43.0,9.25,0,Normal
2026-08-18 22:25:39,H:83% T:29C,Temp & Humidity,"{""temperature"": 29.0, ""humidity"": 83.0}",-48.0,9.0,0,Normal
2026-08-18 22:25:39,H:83% T:29C,Temp & Humidity,"{""temperature"": 29.0, ""humidity"": 83.0}",-43.0,9.0,0,Normal
2026-08-18 22:25:39,H:83% T:29C,Temp & Humidity,"{""temperature"": 29.0, ""humidity"": 83.0}",-43.0,9.25,0,Normal
2026-08-18 22:25:39,H:83% T:29C,Temp & Humidity,"{""temperature"": 29.0, ""humidity"": 83.0}",-43.0,9.25,0,Normal
2026-08-18 22:25:39,H:83% T:29C,Temp & Humidity,"{""temperature"": 29.0, ""humidity"": 83.0}",-42.0,9.5,0,Normal
2026-08-18 22:25:39,H:83% T:29C,Temp & Humidity,"{""temperature"": 29.0, ""humidity"": 83.0}",-43.0,9.25,0,Normal
2026-08-18 22:25:39,H:83% T:29C,Temp & Humidity,"{""temperature"": 29.0, ""humidity"": 83.0}",-48.0,9.0,0,Normal
2026-08-18 22:25:39,H:83% T:29C,Temp & Humidity,"{""temperature"": 29.0, ""humidity"": 83.0}",-44.0,9.0,0,Normal
2026-08-18 22:25:39,H:83% T:29C,Temp & Humidity,"{""temperature"": 29.0, ""humidity"": 83.0}",-44.0,9.25,0,Normal
2026-08-18 22:25:39,H:83% T:29C,Temp & Humidity,"{""temperature"": 29.0, ""humidity"": 83.0}",-43.0,9.25,0,Normal
2026-08-18 22:25:39,H:83% T:29C,Temp & Humidity,"{""temperature"": 29.0, ""humidity"": 83.0}",-43.0,9.25,0,Normal
2026-08-18 22:25:39,H:83% T:29C,Temp & Humidity,"{""temperature"": 29.0, ""humidity"": 83.0}",-43.0,9.25,0,Normal
2026-08-18 22:25:39,H:83% T:29C,Temp & Humidity,"{""temperature"": 29.0, ""humidity"": 83.0}",-43.0,9.5,0,Normal
2026-08-18 22:25:39,H:83% T:29C,Temp & Humidity,"{""temperature"": 29.0, ""humidity"": 83.0}",-43.0,9.25,0,Normal
2026-08-18 22:25:39,H:83% T:29C,Temp & Humidity,"{""temperature"": 29.0, ""humidity"": 83.0}",-43.0,9.75,0,Normal
2026-08-18 22:25:39,H:83% T:29C,Temp & Humidity,"{""temperature"": 29.0, ""humidity"": 83.0}",-43.0,9.0,0,Normal
2026-08-18 22:25:39,H:83% T:29C,Temp & Humidity,"{""temperature"": 29.0, ""humidity"": 83.0}",-43.0,9.5,0,Normal
2026-08-18 22:25:39,H:83% T:29C,Temp & Humidity,"{""temperature"": 29.0, ""humidity"": 83.0}",-43.0,9.25,0,Normal
2026-08-18 22:25:39,H:83% T:29C,Temp & Humidity,"{""temperature"": 29.0, ""humidity"": 83.0}",-43.0,9.25,0,Normal
2026-08-18 22:25:39,H:83% T:29C,Temp & Humidity,"{""temperature"": 29.0, ""humidity"": 83.0}",-43.0,9.25,0,Normal
2026-08-18 22:25:39,H:83% T:29C,Temp & Humidity,"{""temperature"": 29.0, ""humidity"": 83.0}",-43.0,9.25,0,Normal
2026-08-18 22:25:39,H:83% T:29C,Temp & Humidity,"{""temperature"": 29.0, ""humidity"": 83.0}",-43.0,9.5,0,Normal
2026-08-18 22:25:39,H:83% T:29C,Temp & Humidity,"{""temperature"": 29.0, ""humidity"": 83.0}",-43.0,9.25,0,Normal
2026-08-18 22:25:39,H:83% T:29C,Temp & Humidity,"{""temperature"": 29.0, ""humidity"": 83.0}",-43.0,9.25,0,Normal
2026-08-18 22:25:39,H:83% T:29C,Temp & Humidity,"{""temperature"": 29.0, ""humidity"": 83.0}",-43.0,9.0,0,Normal
2026-08-18 22:25:39,H:83% T:29C,Temp & Humidity,"{""temperature"": 29.0, ""humidity"": 83.0}",-43.0,9.0,0,Normal
2026-08-18 22:25:39,H:83% T:29C,Temp & Humidity,"{""temperature"": 29.0, ""humidity"": 83.0}",-43.0,9.5,0,Normal
2026-08-18 22:25:39,H:83% T:29C,Temp & Humidity,"{""temperature"": 29.0, ""humidity"": 83.0}",-43.0,9.0,0,Normal
2026-08-18 22:25:39,H:83% T:29C,Temp & Humidity,"{""temperature"": 29.0, ""humidity"": 83.0}",-43.0,9.25,0,Normal
2026-08-18 22:25:39,H:83% T:29C,Temp & Humidity,"{""temperature"": 29.0, ""humidity"": 83.0}",-43.0,9.25,0,Normal
2026-08-18 22:25:39,H:83% T:29C,Temp & Humidity,"{""temperature"": 29.0, ""humidity"": 83.0}",-43.0,9.25,0,Normal
2026-08-18 22:25:39,H:83% T:29C,Temp & Humidity,"{""temperature"": 29.0, ""humidity"": 83.0}",-43.0,9.5,0,Normal
2026-08-18 22:25:39,H:83% T:29C,Temp & Humidity,"{""temperature"": 29.0, ""humidity"": 83.0}",-43.0,9.25,0,Normal
2026-08-18 22:25:39,H:83% T:29C,Temp & Humidity,"{""temperature"": 29.0, ""humidity"": 83.0}",-43.0,9.5,0,Normal
2026-08-18 22:25:39,H:83% T:29C,Temp & Humidity,"{""temperature"": 29.0, ""humidity"": 83.0}",-43.0,9.5,0,Normal
2026-08-18 22:25:39,H:83% T:29C,Temp & Humidity,"{""temperature"": 29.0, ""humidity"": 83.0}",-48.0,9.5,0,Normal
2026-08-18 22:25:39,H:83% T:29C,Temp & Humidity,"{""temperature"": 29.0, ""humidity"": 83.0}",-43.0,9.5,0,Normal
2026-08-18 22:25:39,H:83% T:29C,Temp & Humidity,"{""temperature"": 29.0, ""humidity"": 83.0}",-43.0,9.5,0,Normal
2026-08-18 22:25:39,H:83% T:29C,Temp & Humidity,"{""temperature"": 29.0, ""humidity"": 83.0}",-43.0,9.0,0,Normal
2026-08-18 22:25:39,H:83% T:29C,Temp & Humidity,"{""temperature"": 29.0, ""humidity"": 83.0}",-43.0,9.25,0,Normal
2026-08-18 22:25:39,H:83% T:29C,Temp & Humidity,"{""temperature"": 29.0, ""humidity"": 83.0}",-43.0,9.5,0,Normal
2026-08-18 22:25:39,H:83% T:29C,Temp & Humidity,"{""temperature"": 29.0, ""humidity"": 83.0}",-43.0,9.5,0,Normal
2026-08-18 22:25:39,H:83% T:29C,Temp & Humidity,"{""temperature"": 29.0, ""humidity"": 83.0}",-43.0,9.0,0,Normal
2026-08-18 22:25:39,H:83% T:29C,Temp & Humidity,"{""temperature"": 29.0, ""humidity"": 83.0}",-43.0,9.25,0,Normal
2026-08-18 22:25:39,H:83% T:29C,Temp & Humidity,"{""temperature"": 29.0, ""humidity"": 83.0}",-48.0,9.0,0,Normal
2026-08-18 22:25:39,H:83% T:29C,Temp & Humidity,"{""temperature"": 29.0, ""humidity"": 83.0}",-43.0,9.5,0,Normal
2026-08-18 22:25:39,H:83% T:29C,Temp & Humidity,"{""temperature"": 29.0, ""humidity"": 83.0}",-43.0,9.5,0,Normal
2026-08-18 22:25:39,H:83% T:29C,Temp & Humidity,"{""temperature"": 29.0, ""humidity"": 83.0}",-43.0,9.25,0,Normal
2026-08-18 22:25:39,H:83% T:29C,Temp & Humidity,"{""temperature"": 29.0, ""humidity"": 83.0}",-43.0,9.5,0,Normal
2026-08-18 22:25:39,H:83% T:29C,Temp & Humidity,"{""temperature"": 29.0, ""humidity"": 83.0}",-43.0,9.5,0,Normal
2026-08-18 22:25:39,H:83% T:29C,Temp & Humidity,"{""temperature"": 29.0, ""humidity"": 83.0}",-43.0,11.75,0,Normal
2026-08-18 22:25:39,H:83% T:29C,Temp & Humidity,"{""temperature"": 29.0, ""humidity"": 83.0}",-43.0,9.5,0,Normal
2026-08-18 22:25:39,H:83% T:29C,Temp & Humidity,"{""temperature"": 29.0, ""humidity"": 83.0}",-43.0,9.5,0,Normal
2026-08-18 22:25:39,H:83% T:29C,Temp & Humidity,"{""temperature"": 29.0, ""humidity"": 83.0}",-43.0,9.25,0,Normal
2026-08-18 22:25:39,H:83% T:29C,Temp & Humidity,"{""temperature"": 29.0, ""humidity"": 83.0}",-43.0,9.5,0,Normal
2026-08-18 22:25:39,H:83% T:29C,Temp & Humidity,"{""temperature"": 29.0, ""humidity"": 83.0}",-43.0,9.25,0,Normal
2026-08-18 22:25:39,H:83% T:29C,Temp & Humidity,"{""temperature"": 29.0, ""humidity"": 83.0}",-43.0,9.5,0,Normal
2026-08-18 22:25:39,H:83% T:29C,Temp & Humidity,"{""temperature"": 29.0, ""humidity"": 83.0}",-43.0,9.5,0,Normal
2026-08-18 22:25:39,H:83% T:29C,Temp & Humidity,"{""temperature"": 29.0, ""humidity"": 83.0}",-43.0,9.25,0,Normal
2026-08-18 22:25:39,H:83% T:29C,Temp & Humidity,"{""temperature"": 29.0, ""humidity"": 83.0}",-43.0,9.25,0,Normal
2026-08-18 22:25:39,H:83% T:29C,Temp & Humidity,"{""temperature"": 29.0, ""humidity"": 83.0}",-44.0,9.5,0,Normal
2026-08-18 22:25:39,H:83% T:29C,Temp & Humidity,"{""temperature"": 29.0, ""humidity"": 83.0}",-43.0,9.5,0,Normal
2026-08-18 22:25:39,H:83% T:29C,Temp & Humidity,"{""temperature"": 29.0, ""humidity"": 83.0}",-43.0,9.25,0,Normal
2026-08-18 22:25:39,H:83% T:29C,Temp & Humidity,"{""temperature"": 29.0, ""humidity"": 83.0}",-43.0,9.25,0,Normal
2026-08-18 22:25:39,H:83% T:29C,Temp & Humidity,"{""temperature"": 29.0, ""humidity"": 83.0}",-43.0,9.0,0,Normal
2026-08-18 22:25:39,H:83% T:29C,Temp & Humidity,"{""temperature"": 29.0, ""humidity"": 83.0}",-43.0,9.25,0,Normal
2026-08-18 22:25:39,H:83% T:29C,Temp & Humidity,"{""temperature"": 29.0, ""humidity"": 83.0}",-43.0,9.25,0,Normal
2026-08-18 22:25:39,H:83% T:29C,Temp & Humidity,"{""temperature"": 29.0, ""humidity"": 83.0}",-43.0,9.25,0,Normal
2026-08-18 22:25:39,H:83% T:29C,Temp & Humidity,"{""temperature"": 29.0, ""humidity"": 83.0}",-43.0,9.25,0,Normal
2026-08-18 22:25:39,H:83% T:29C,Temp & Humidity,"{""temperature"": 29.0, ""humidity"": 83.0}",-44.0,9.5,0,Normal
2026-08-18 22:25:39,H:83% T:29C,Temp & Humidity,"{""temperature"": 29.0, ""humidity"": 83.0}",-43.0,9.25,0,Normal
2026-08-18 22:25:39,H:83% T:29C,Temp & Humidity,"{""temperature"": 29.0, ""humidity"": 83.0}",-43.0,9.0,0,Normal
2026-08-18 22:25:39,H:83% T:29C,Temp & Humidity,"{""temperature"": 29.0, ""humidity"": 83.0}",-43.0,9.0,0,Normal
2026-08-18 22:25:39,H:83% T:29C,Temp & Humidity,"{""temperature"": 29.0, ""humidity"": 83.0}",-43.0,9.0,0,Normal
2026-08-18 22:25:39,H:83% T:29C,Temp & Humidity,"{""temperature"": 29.0, ""humidity"": 83.0}",-43.0,9.75,0,Normal
2026-08-18 22:25:39,H:83% T:29C,Temp & Humidity,"{""temperature"": 29.0, ""humidity"": 83.0}",-43.0,9.25,0,Normal
2026-08-18 22:25:39,H:83% T:29C,Temp & Humidity,"{""temperature"": 29.0, ""humidity"": 83.0}",-43.0,9.5,0,Normal
2026-08-18 22:25:39,H:83% T:29C,Temp & Humidity,"{""temperature"": 29.0, ""humidity"": 83.0}",-43.0,9.25,0,Normal
2026-08-18 22:25:39,H:83% T:29C,Temp & Humidity,"{""temperature"": 29.0, ""humidity"": 83.0}",-43.0,9.25,0,Normal
2026-08-18 22:25:39,H:83% T:29C,Temp & Humidity,"{""temperature"": 29.0, ""humidity"": 83.0}",-43.0,9.25,0,Normal
2026-08-18 22:25:39,H:83% T:29C,Temp & Humidity,"{""temperature"": 29.0, ""humidity"": 83.0}",-48.0,9.0,0,Normal
2026-08-18 22:25:39,H:83% T:29C,Temp & Humidity,"{""temperature"": 29.0, ""humidity"": 83.0}",-43.0,9.25,0,Normal
2026-08-18 22:25:39,H:83% T:29C,Temp & Humidity,"{""temperature"": 29.0, ""humidity"": 83.0}",-43.0,9.75,0,Normal
2026-08-18 22:25:39,H:83% T:29C,Temp & Humidity,"{""temperature"": 29.0, ""humidity"": 83.0}",-43.0,9.25,0,Normal
2026-08-18 22:25:39,H:83% T:29C,Temp & Humidity,"{""temperature"": 29.0, ""humidity"": 83.0}",-43.0,9.25,0,Normal
2026-08-18 22:25:39,H:83% T:29C,Temp & Humidity,"{""temperature"": 29.0, ""humidity"": 83.0}",-43.0,9.25,0,Normal
2026-08-18 22:25:39,H:83% T:29C,Temp & Humidity,"{""temperature"": 29.0, ""humidity"": 83.0}",-43.0,9.25,0,Normal
2026-08-18 22:25:39,H:83% T:29C,Temp & Humidity,"{""temperature"": 29.0, ""humidity"": 83.0}",-43.0,9.25,0,Normal
2026-08-18 22:25:39,H:83% T:29C,Temp & Humidity,"{""temperature"": 29.0, ""humidity"": 83.0}",-43.0,9.25,0,Normal
2026-08-18 22:25:39,H:83% T:29C,Temp & Humidity,"{""temperature"": 29.0, ""humidity"": 83.0}",-43.0,9.25,0,Normal
2026-08-18 22:25:39,H:83% T:29C,Temp & Humidity,"{""temperature"": 29.0, ""humidity"": 83.0}",-44.0,9.25,0,Normal
2026-08-18 22:25:39,H:83% T:29C,Temp & Humidity,"{""temperature"": 29.0, ""humidity"": 83.0}",-43.0,9.5,0,Normal
2026-08-18 22:25:39,H:83% T:29C,Temp & Humidity,"{""temperature"": 29.0, ""humidity"": 83.0}",-43.0,9.25,0,Normal
2026-08-18 22:25:39,H:83% T:29C,Temp & Humidity,"{""temperature"": 29.0, ""humidity"": 83.0}",-43.0,9.0,0,Normal
2026-08-18 22:25:39,H:83% T:29C,Temp & Humidity,"{""temperature"": 29.0, ""humidity"": 83.0}",-43.0,9.25,0,Normal
2026-08-18 22:25:39,H:83% T:29C,Temp & Humidity,"{""temperature"": 29.0, ""humidity"": 83.0}",-43.0,9.25,0,Normal
2026-08-18 22:25:39,H:83% T:29C,Temp & Humidity,"{""temperature"": 29.0, ""humidity"": 83.0}",-43.0,9.25,0,Normal
2026-08-18 22:25:39,H:83% T:29C,Temp & Humidity,"{""temperature"": 29.0, ""humidity"": 83.0}",-43.0,9.5,0,Normal
2026-08-18 22:25:39,H:83% T:29C,Temp & Humidity,"{""temperature"": 29.0, ""humidity"": 83.0}",-43.0,9.25,0,Normal
2026-08-18 22:25:39,H:83% T:29C,Temp & Humidity,"{""temperature"": 29.0, ""humidity"": 83.0}",-43.0,9.5,0,Normal
2026-08-18 22:25:39,H:83% T:29C,Temp & Humidity,"{""temperature"": 29.0, ""humidity"": 83.0}",-43.0,9.0,0,Normal
2026-08-18 22:25:39,H:83% T:29C,Temp & Humidity,"{""temperature"": 29.0, ""humidity"": 83.0}",-43.0,9.5,0,Normal
2026-08-18 22:25:39,H:83% T:29C,Temp & Humidity,"{""temperature"": 29.0, ""humidity"": 83.0}",-43.0,9.25,0,Normal
2026-08-18 22:25:39,H:83% T:29C,Temp & Humidity,"{""temperature"": 29.0, ""humidity"": 83.0}",-43.0,9.25,0,Normal
2026-08-18 22:25:39,H:83% T:29C,Temp & Humidity,"{""temperature"": 29.0, ""humidity"": 83.0}",-43.0,9.0,0,Normal
2026-08-18 22:25:39,H:83% T:29C,Temp & Humidity,"{""temperature"": 29.0, ""humidity"": 83.0}",-43.0,9.25,0,Normal
2026-08-18 22:25:39,H:83% T:29C,Temp & Humidity,"{""temperature"": 29.0, ""humidity"": 83.0}",-43.0,9.5,0,Normal
2026-08-18 22:25:39,H:83% T:29C,Temp & Humidity,"{""temperature"": 29.0, ""humidity"": 83.0}",-43.0,9.0,0,Normal
2026-08-18 22:25:39,H:83% T:29C,Temp & Humidity,"{""temperature"": 29.0, ""humidity"": 83.0}",-43.0,9.0,0,Normal
2026-08-18 22:25:39,H:83% T:29C,Temp & Humidity,"{""temperature"": 29.0, ""humidity"": 83.0}",-43.0,9.25,0,Normal
2026-08-18 22:25:39,H:83% T:29C,Temp & Humidity,"{""temperature"": 29.0, ""humidity"": 83.0}",-43.0,9.0,0,Normal
2026-08-18 22:25:39,H:83% T:29C,Temp & Humidity,"{""temperature"": 29.0, ""humidity"": 83.0}",-44.0,9.5,0,Normal
2026-08-18 22:25:40,H:83% T:29C,Temp & Humidity,"{""temperature"": 29.0, ""humidity"": 83.0}",-43.0,9.25,0,Normal
2026-08-18 22:25:40,H:83% T:29C,Temp & Humidity,"{""temperature"": 29.0, ""humidity"": 83.0}",-43.0,9.0,0,Normal
2026-08-18 22:25:40,H:83% T:29C,Temp & Humidity,"{""temperature"": 29.0, ""humidity"": 83.0}",-43.0,9.0,0,Normal
2026-08-18 22:25:40,H:83% T:29C,Temp & Humidity,"{""temperature"": 29.0, ""humidity"": 83.0}",-48.0,9.25,0,Normal
2026-08-18 22:25:40,H:83% T:29C,Temp & Humidity,"{""temperature"": 29.0, ""humidity"": 83.0}",-43.0,9.5,0,Normal
2026-08-18 22:25:40,H:83% T:29C,Temp & Humidity,"{""temperature"": 29.0, ""humidity"": 83.0}",-43.0,9.5,0,Normal
2026-08-18 22:25:40,H:83% T:29C,Temp & Humidity,"{""temperature"": 29.0, ""humidity"": 83.0}",-43.0,9.0,0,Normal
2026-08-18 22:25:40,H:83% T:29C,Temp & Humidity,"{""temperature"": 29.0, ""humidity"": 83.0}",-43.0,9.25,0,Normal
2026-08-18 22:25:40,H:83% T:29C,Temp & Humidity,"{""temperature"": 29.0, ""humidity"": 83.0}",-43.0,9.25,0,Normal
2026-08-18 22:25:40,H:83% T:29C,Temp & Humidity,"{""temperature"": 29.0, ""humidity"": 83.0}",-43.0,9.5,0,Normal
2026-08-18 22:25:40,H:83% T:29C,Temp & Humidity,"{""temperature"": 29.0, ""humidity"": 83.0}",-43.0,9.25,0,Normal
2026-08-18 22:25:40,H:83% T:29C,Temp & Humidity,"{""temperature"": 29.0, ""humidity"": 83.0}",-43.0,9.25,0,Normal
2026-08-18 22:25:40,H:83% T:29C,Temp & Humidity,"{""temperature"": 29.0, ""humidity"": 83.0}",-43.0,9.25,0,Normal
2026-08-18 22:25:40,H:83% T:29C,Temp & Humidity,"{""temperature"": 29.0, ""humidity"": 83.0}",-48.0,9.0,0,Normal
2026-08-18 22:25:40,H:83% T:29C,Temp & Humidity,"{""temperature"": 29.0, ""humidity"": 83.0}",-44.0,9.25,0,Normal
2026-08-18 22:25:40,H:83% T:29C,Temp & Humidity,"{""temperature"": 29.0, ""humidity"": 83.0}",-43.0,9.25,0,Normal
2026-08-18 22:25:40,H:83% T:29C,Temp & Humidity,"{""temperature"": 29.0, ""humidity"": 83.0}",-43.0,9.0,0,Normal
2026-08-18 22:25:40,H:83% T:29C,Temp & Humidity,"{""temperature"": 29.0, ""humidity"": 83.0}",-43.0,9.25,0,Normal
2026-08-18 22:25:40,H:83% T:29C,Temp & Humidity,"{""temperature"": 29.0, ""humidity"": 83.0}",-48.0,9.25,0,Normal
2026-08-18 22:25:40,H:83% T:29C,Temp & Humidity,"{""temperature"": 29.0, ""humidity"": 83.0}",-43.0,9.5,0,Normal
2026-08-18 22:25:40,H:83% T:29C,Temp & Humidity,"{""temperature"": 29.0, ""humidity"": 83.0}",-43.0,9.0,0,Normal
2026-08-18 22:25:40,H:83% T:29C,Temp & Humidity,"{""temperature"": 29.0, ""humidity"": 83.0}",-43.0,9.5,0,Normal
2026-08-18 22:25:40,H:83% T:29C,Temp & Humidity,"{""temperature"": 29.0, ""humidity"": 83.0}",-44.0,9.5,0,Normal
2026-08-18 22:25:40,H:83% T:29C,Temp & Humidity,"{""temperature"": 29.0, ""humidity"": 83.0}",-48.0,9.0,0,Normal
2026-08-18 22:25:40,H:83% T:29C,Temp & Humidity,"{""temperature"": 29.0, ""humidity"": 83.0}",-43.0,9.25,0,Normal
2026-08-18 22:25:40,H:83% T:29C,Temp & Humidity,"{""temperature"": 29.0, ""humidity"": 83.0}",-44.0,9.0,0,Normal
2026-08-18 22:25:40,H:83% T:29C,Temp & Humidity,"{""temperature"": 29.0, ""humidity"": 83.0}",-43.0,9.5,0,Normal
2026-08-18 22:25:40,H:83% T:29C,Temp & Humidity,"{""temperature"": 29.0, ""humidity"": 83.0}",-43.0,9.25,0,Normal
2026-08-18 22:25:40,H:83% T:29C,Temp & Humidity,"{""temperature"": 29.0, ""humidity"": 83.0}",-43.0,9.5,0,Normal
2026-08-18 22:25:40,H:83% T:29C,Temp & Humidity,"{""temperature"": 29.0, ""humidity"": 83.0}",-43.0,9.5,0,Normal
2026-08-18 22:25:40,H:83% T:29C,Temp & Humidity,"{""temperature"": 29.0, ""humidity"": 83.0}",-43.0,9.25,0,Normal
2026-08-18 22:25:40,H:83% T:29C,Temp & Humidity,"{""temperature"": 29.0, ""humidity"": 83.0}",-44.0,9.0,0,Normal
2026-08-18 22:25:40,H:83% T:29C,Temp & Humidity,"{""temperature"": 29.0, ""humidity"": 83.0}",-48.0,9.0,0,Normal
2026-08-18 22:25:40,H:83% T:29C,Temp & Humidity,"{""temperature"": 29.0, ""humidity"": 83.0}",-43.0,9.5,0,Normal
2026-08-18 22:25:40,H:83% T:29C,Temp & Humidity,"{""temperature"": 29.0, ""humidity"": 83.0}",-44.0,9.75,0,Normal
2026-08-18 22:25:40,H:83% T:29C,Temp & Humidity,"{""temperature"": 29.0, ""humidity"": 83.0}",-48.0,9.5,0,Normal
2026-08-18 22:25:40,H:83% T:29C,Temp & Humidity,"{""temperature"": 29.0, ""humidity"": 83.0}",-43.0,9.5,0,Normal
2026-08-18 22:25:40,H:83% T:29C,Temp & Humidity,"{""temperature"": 29.0, ""humidity"": 83.0}",-48.0,9.0,0,Normal
2026-08-18 22:25:40,H:83% T:29C,Temp & Humidity,"{""temperature"": 29.0, ""humidity"": 83.0}",-43.0,9.25,0,Normal
2026-08-18 22:25:40,H:83% T:29C,Temp & Humidity,"{""temperature"": 29.0, ""humidity"": 83.0}",-43.0,9.25,0,Normal
2026-08-18 22:25:40,H:83% T:29C,Temp & Humidity,"{""temperature"": 29.0, ""humidity"": 83.0}",-43.0,9.25,0,Normal
2026-08-18 22:25:40,H:83% T:29C,Temp & Humidity,"{""temperature"": 29.0, ""humidity"": 83.0}",-43.0,9.25,0,Normal
2026-08-18 22:25:40,H:83% T:29C,Temp & Humidity,"{""temperature"": 29.0, ""humidity"": 83.0}",-43.0,9.0,0,Normal
2026-08-18 22:25:40,H:83% T:29C,Temp & Humidity,"{""temperature"": 29.0, ""humidity"": 83.0}",-43.0,9.75,0,Normal
2026-08-18 22:25:40,H:83% T:29C,Temp & Humidity,"{""temperature"": 29.0, ""humidity"": 83.0}",-43.0,9.5,0,Normal
2026-08-18 22:25:40,H:83% T:29C,Temp & Humidity,"{""temperature"": 29.0, ""humidity"": 83.0}",-43.0,9.25,0,Normal
2026-08-18 22:25:40,H:83% T:29C,Temp & Humidity,"{""temperature"": 29.0, ""humidity"": 83.0}",-43.0,9.5,0,Normal
2026-08-18 22:25:40,H:83% T:29C,Temp & Humidity,"{""temperature"": 29.0, ""humidity"": 83.0}",-43.0,9.0,0,Normal
2026-08-18 22:25:40,H:83% T:29C,Temp & Humidity,"{""temperature"": 29.0, ""humidity"": 83.0}",-43.0,12.25,0,Normal
2026-08-18 22:25:40,H:83% T:29C,Temp & Humidity,"{""temperature"": 29.0, ""humidity"": 83.0}",-48.0,9.0,0,Normal
2026-08-18 22:25:40,H:83% T:29C,Temp & Humidity,"{""temperature"": 29.0, ""humidity"": 83.0}",-43.0,9.0,0,Normal
2026-08-18 22:25:40,H:83% T:29C,Temp & Humidity,"{""temperature"": 29.0, ""humidity"": 83.0}",-44.0,9.25,0,Normal
2026-08-18 22:25:40,H:83% T:29C,Temp & Humidity,"{""temperature"": 29.0, ""humidity"": 83.0}",-43.0,9.25,0,Normal
2026-08-18 22:25:40,H:83% T:29C,Temp & Humidity,"{""temperature"": 29.0, ""humidity"": 83.0}",-43.0,9.0,0,Normal
2026-08-18 22:25:40,H:83% T:29C,Temp & Humidity,"{""temperature"": 29.0, ""humidity"": 83.0}",-43.0,9.25,0,Normal
2026-08-18 22:25:40,H:83% T:29C,Temp & Humidity,"{""temperature"": 29.0, ""humidity"": 83.0}",-43.0,9.25,0,Normal
2026-08-18 22:25:40,H:83% T:29C,Temp & Humidity,"{""temperature"": 29.0, ""humidity"": 83.0}",-43.0,9.5,0,Normal
2026-08-18 22:25:40,H:83% T:29C,Temp & Humidity,"{""temperature"": 29.0, ""humidity"": 83.0}",-43.0,9.5,0,Normal
2026-08-18 22:25:40,H:83% T:29C,Temp & Humidity,"{""temperature"": 29.0, ""humidity"": 83.0}",-42.0,9.0,0,Normal
2026-08-18 22:25:40,H:83% T:29C,Temp & Humidity,"{""temperature"": 29.0, ""humidity"": 83.0}",-43.0,9.5,0,Normal
2026-08-18 22:25:40,H:83% T:29C,Temp & Humidity,"{""temperature"": 29.0, ""humidity"": 83.0}",-43.0,9.25,0,Normal
2026-08-18 22:25:40,H:83% T:29C,Temp & Humidity,"{""temperature"": 29.0, ""humidity"": 83.0}",-43.0,9.25,0,Normal
2026-08-18 22:25:40,H:83% T:29C,Temp & Humidity,"{""temperature"": 29.0, ""humidity"": 83.0}",-43.0,9.25,0,Normal
2026-08-18 22:25:40,H:83% T:29C,Temp & Humidity,"{""temperature"": 29.0, ""humidity"": 83.0}",-43.0,9.25,0,Normal
2026-08-18 22:25:40,H:83% T:29C,Temp & Humidity,"{""temperature"": 29.0, ""humidity"": 83.0}",-43.0,9.25,0,Normal
2026-08-18 22:25:40,H:83% T:29C,Temp & Humidity,"{""temperature"": 29.0, ""humidity"": 83.0}",-43.0,9.25,0,Normal
2026-08-18 22:25:40,H:83% T:29C,Temp & Humidity,"{""temperature"": 29.0, ""humidity"": 83.0}",-43.0,9.25,0,Normal
2026-08-18 22:25:40,H:83% T:29C,Temp & Humidity,"{""temperature"": 29.0, ""humidity"": 83.0}",-43.0,9.25,0,Normal
2026-08-18 22:25:40,H:83% T:29C,Temp & Humidity,"{""temperature"": 29.0, ""humidity"": 83.0}",-43.0,9.5,0,Normal
2026-08-18 22:25:40,H:83% T:29C,Temp & Humidity,"{""temperature"": 29.0, ""humidity"": 83.0}",-44.0,9.25,0,Normal
2026-08-18 22:25:40,H:83% T:29C,Temp & Humidity,"{""temperature"": 29.0, ""humidity"": 83.0}",-43.0,9.25,0,Normal
2026-08-18 22:25:40,H:83% T:29C,Temp & Humidity,"{""temperature"": 29.0, ""humidity"": 83.0}",-43.0,9.5,0,Normal
2026-08-18 22:25:40,H:83% T:29C,Temp & Humidity,"{""temperature"": 29.0, ""humidity"": 83.0}",-43.0,9.0,0,Normal
2026-08-18 22:25:40,H:83% T:29C,Temp & Humidity,"{""temperature"": 29.0, ""humidity"": 83.0}",-44.0,9.0,0,Normal
2026-08-18 22:25:40,H:83% T:29C,Temp & Humidity,"{""temperature"": 29.0, ""humidity"": 83.0}",-43.0,9.5,0,Normal
2026-08-18 22:25:40,H:83% T:29C,Temp & Humidity,"{""temperature"": 29.0, ""humidity"": 83.0}",-43.0,9.25,0,Normal
2026-08-18 22:25:40,H:83% T:29C,Temp & Humidity,"{""temperature"": 29.0, ""humidity"": 83.0}",-43.0,9.5,0,Normal
2026-08-18 22:25:40,H:83% T:29C,Temp & Humidity,"{""temperature"": 29.0, ""humidity"": 83.0}",-43.0,9.25,0,Normal
2026-08-18 22:25:40,H:83% T:29C,Temp & Humidity,"{""temperature"": 29.0, ""humidity"": 83.0}",-43.0,9.25,0,Normal
2026-08-18 22:25:40,H:83% T:29C,Temp & Humidity,"{""temperature"": 29.0, ""humidity"": 83.0}",-43.0,9.25,0,Normal
2026-08-18 22:25:40,H:83% T:29C,Temp & Humidity,"{""temperature"": 29.0, ""humidity"": 83.0}",-43.0,9.25,0,Normal
2026-08-18 22:25:40,H:83% T:29C,Temp & Humidity,"{""temperature"": 29.0, ""humidity"": 83.0}",-43.0,9.5,0,Normal
2026-08-18 22:25:40,H:83% T:29C,Temp & Humidity,"{""temperature"": 29.0, ""humidity"": 83.0}",-48.0,9.25,0,Normal
2026-08-18 22:25:40,H:83% T:29C,Temp & Humidity,"{""temperature"": 29.0, ""humidity"": 83.0}",-43.0,9.25,0,Normal
2026-08-18 22:25:40,H:83% T:29C,Temp & Humidity,"{""temperature"": 29.0, ""humidity"": 83.0}",-43.0,9.5,0,Normal
2026-08-18 22:25:40,H:83% T:29C,Temp & Humidity,"{""temperature"": 29.0, ""humidity"": 83.0}",-43.0,9.25,0,Normal
2026-08-18 22:25:40,H:83% T:29C,Temp & Humidity,"{""temperature"": 29.0, ""humidity"": 83.0}",-42.0,9.0,0,Normal
2026-08-18 22:25:40,H:82% T:29C,Temp & Humidity,"{""temperature"": 29.0, ""humidity"": 82.0}",-43.0,9.5,1,Sudden Humidity Shift (-1000.0%/min)
2026-08-18 22:25:40,H:83% T:29C,Temp & Humidity,"{""temperature"": 29.0, ""humidity"": 83.0}",-43.0,9.5,1,Sudden Humidity Shift (+1000.0%/min)
2026-08-18 22:25:40,H:83% T:29C,Temp & Humidity,"{""temperature"": 29.0, ""humidity"": 83.0}",-43.0,9.25,0,Normal
2026-08-18 22:25:40,H:83% T:29C,Temp & Humidity,"{""temperature"": 29.0, ""humidity"": 83.0}",-43.0,9.25,0,Normal
2026-08-18 22:25:40,H:83% T:29C,Temp & Humidity,"{""temperature"": 29.0, ""humidity"": 83.0}",-43.0,9.25,0,Normal
2026-08-18 22:25:40,H:83% T:29C,Temp & Humidity,"{""temperature"": 29.0, ""humidity"": 83.0}",-43.0,9.0,0,Normal
2026-08-18 22:25:40,H:83% T:29C,Temp & Humidity,"{""temperature"": 29.0, ""humidity"": 83.0}",-43.0,9.75,0,Normal
2026-08-18 22:25:40,H:83% T:29C,Temp & Humidity,"{""temperature"": 29.0, ""humidity"": 83.0}",-44.0,9.25,0,Normal
2026-08-18 22:25:40,H:83% T:29C,Temp & Humidity,"{""temperature"": 29.0, ""humidity"": 83.0}",-44.0,9.25,0,Normal
2026-08-18 22:25:40,H:83% T:29C,Temp & Humidity,"{""temperature"": 29.0, ""humidity"": 83.0}",-43.0,9.25,0,Normal
2026-08-18 22:25:40,H:83% T:29C,Temp & Humidity,"{""temperature"": 29.0, ""humidity"": 83.0}",-43.0,9.0,0,Normal
2026-08-18 22:25:40,H:83% T:29C,Temp & Humidity,"{""temperature"": 29.0, ""humidity"": 83.0}",-43.0,9.25,0,Normal
2026-08-18 22:25:40,H:83% T:29C,Temp & Humidity,"{""temperature"": 29.0, ""humidity"": 83.0}",-43.0,9.5,0,Normal
2026-08-18 22:25:40,H:83% T:29C,Temp & Humidity,"{""temperature"": 29.0, ""humidity"": 83.0}",-43.0,9.25,0,Normal
2026-08-18 22:25:40,H:83% T:29C,Temp & Humidity,"{""temperature"": 29.0, ""humidity"": 83.0}",-43.0,9.5,0,Normal
2026-08-18 22:25:40,H:83% T:29C,Temp & Humidity,"{""temperature"": 29.0, ""humidity"": 83.0}",-43.0,9.0,0,Normal
2026-08-18 22:25:40,H:83% T:29C,Temp & Humidity,"{""temperature"": 29.0, ""humidity"": 83.0}",-43.0,9.5,0,Normal
2026-08-18 22:25:40,H:83% T:29C,Temp & Humidity,"{""temperature"": 29.0, ""humidity"": 83.0}",-43.0,9.0,0,Normal
2026-08-18 22:25:40,H:83% T:29C,Temp & Humidity,"{""temperature"": 29.0, ""humidity"": 83.0}",-48.0,9.25,0,Normal
2026-08-18 22:25:40,H:83% T:29C,Temp & Humidity,"{""temperature"": 29.0, ""humidity"": 83.0}",-43.0,9.25,0,Normal
2026-08-18 22:25:40,H:83% T:29C,Temp & Humidity,"{""temperature"": 29.0, ""humidity"": 83.0}",-43.0,9.25,0,Normal
2026-08-18 22:25:40,H:83% T:29C,Temp & Humidity,"{""temperature"": 29.0, ""humidity"": 83.0}",-43.0,9.5,0,Normal
2026-08-18 22:25:40,H:83% T:29C,Temp & Humidity,"{""temperature"": 29.0, ""humidity"": 83.0}",-43.0,9.25,0,Normal
2026-08-18 22:25:40,H:83% T:29C,Temp & Humidity,"{""temperature"": 29.0, ""humidity"": 83.0}",-43.0,9.5,0,Normal
2026-08-18 22:25:40,H:83% T:29C,Temp & Humidity,"{""temperature"": 29.0, ""humidity"": 83.0}",-43.0,9.0,0,Normal
2026-08-18 22:25:40,H:83% T:29C,Temp & Humidity,"{""temperature"": 29.0, ""humidity"": 83.0}",-42.0,9.0,0,Normal
2026-08-18 22:25:40,H:83% T:29C,Temp & Humidity,"{""temperature"": 29.0, ""humidity"": 83.0}",-43.0,9.0,0,Normal
2026-08-18 22:25:40,H:83% T:29C,Temp & Humidity,"{""temperature"": 29.0, ""humidity"": 83.0}",-43.0,9.5,0,Normal
2026-08-18 22:25:40,H:83% T:29C,Temp & Humidity,"{""temperature"": 29.0, ""humidity"": 83.0}",-43.0,9.5,0,Normal
2026-08-18 22:25:40,H:83% T:29C,Temp & Humidity,"{""temperature"": 29.0, ""humidity"": 83.0}",-43.0,9.5,0,Normal
2026-08-18 22:25:40,H:83% T:29C,Temp & Humidity,"{""temperature"": 29.0, ""humidity"": 83.0}",-43.0,9.5,0,Normal
2026-08-18 22:25:40,H:83% T:29C,Temp & Humidity,"{""temperature"": 29.0, ""humidity"": 83.0}",-43.0,9.25,0,Normal
2026-08-18 22:25:40,H:83% T:29C,Temp & Humidity,"{""temperature"": 29.0, ""humidity"": 83.0}",-48.0,9.0,0,Normal
2026-08-18 22:25:40,H:83% T:29C,Temp & Humidity,"{""temperature"": 29.0, ""humidity"": 83.0}",-43.0,9.25,0,Normal
2026-08-18 22:25:40,H:83% T:29C,Temp & Humidity,"{""temperature"": 29.0, ""humidity"": 83.0}",-42.0,9.5,0,Normal
2026-08-18 22:25:40,H:83% T:29C,Temp & Humidity,"{""temperature"": 29.0, ""humidity"": 83.0}",-43.0,9.25,0,Normal
2026-08-18 22:25:40,H:83% T:29C,Temp & Humidity,"{""temperature"": 29.0, ""humidity"": 83.0}",-44.0,9.25,0,Normal
2026-08-18 22:25:40,H:83% T:29C,Temp & Humidity,"{""temperature"": 29.0, ""humidity"": 83.0}",-43.0,9.25,0,Normal
2026-08-18 22:25:40,H:83% T:29C,Temp & Humidity,"{""temperature"": 29.0, ""humidity"": 83.0}",-43.0,9.25,0,Normal
2026-08-18 22:25:40,H:83% T:29C,Temp & Humidity,"{""temperature"": 29.0, ""humidity"": 83.0}",-43.0,9.75,0,Normal
2026-08-18 22:25:40,H:83% T:29C,Temp & Humidity,"{""temperature"": 29.0, ""humidity"": 83.0}",-43.0,9.5,0,Normal
2026-08-18 22:25:40,H:83% T:29C,Temp & Humidity,"{""temperature"": 29.0, ""humidity"": 83.0}",-43.0,9.0,0,Normal
2026-08-18 22:25:40,H:83% T:29C,Temp & Humidity,"{""temperature"": 29.0, ""humidity"": 83.0}",-43.0,9.5,0,Normal
2026-08-18 22:25:40,H:83% T:29C,Temp & Humidity,"{""temperature"": 29.0, ""humidity"": 83.0}",-43.0,9.5,0,Normal
2026-08-18 22:25:40,H:83% T:29C,Temp & Humidity,"{""temperature"": 29.0, ""humidity"": 83.0}",-43.0,9.25,0,Normal
2026-08-18 22:25:40,H:83% T:29C,Temp & Humidity,"{""temperature"": 29.0, ""humidity"": 83.0}",-43.0,9.0,0,Normal
2026-08-18 22:25:40,H:83% T:29C,Temp & Humidity,"{""temperature"": 29.0, ""humidity"": 83.0}",-42.0,9.25,0,Normal
2026-08-18 22:25:40,H:83% T:29C,Temp & Humidity,"{""temperature"": 29.0, ""humidity"": 83.0}",-43.0,9.0,0,Normal
2026-08-18 22:25:40,H:83% T:29C,Temp & Humidity,"{""temperature"": 29.0, ""humidity"": 83.0}",-43.0,9.5,0,Normal
2026-08-18 22:25:40,H:83% T:29C,Temp & Humidity,"{""temperature"": 29.0, ""humidity"": 83.0}",-43.0,9.25,0,Normal
2026-08-18 22:25:40,H:83% T:29C,Temp & Humidity,"{""temperature"": 29.0, ""humidity"": 83.0}",-43.0,9.5,0,Normal
2026-08-18 22:25:40,H:83% T:29C,Temp & Humidity,"{""temperature"": 29.0, ""humidity"": 83.0}",-44.0,9.5,0,Normal
2026-08-18 22:25:40,H:83% T:29C,Temp & Humidity,"{""temperature"": 29.0, ""humidity"": 83.0}",-43.0,9.0,0,Normal
2026-08-18 22:25:40,H:83% T:29C,Temp & Humidity,"{""temperature"": 29.0, ""humidity"": 83.0}",-43.0,9.25,0,Normal
2026-08-18 22:25:40,H:83% T:29C,Temp & Humidity,"{""temperature"": 29.0, ""humidity"": 83.0}",-43.0,9.25,0,Normal
2026-08-18 22:25:40,H:82% T:29C,Temp & Humidity,"{""temperature"": 29.0, ""humidity"": 82.0}",-43.0,9.75,1,Sudden Humidity Shift (-1000.0%/min)
2026-08-18 22:25:40,H:83% T:29C,Temp & Humidity,"{""temperature"": 29.0, ""humidity"": 83.0}",-43.0,9.25,1,Sudden Humidity Shift (+1000.0%/min)
2026-08-18 22:25:40,H:82% T:29C,Temp & Humidity,"{""temperature"": 29.0, ""humidity"": 82.0}",-43.0,9.0,1,Sudden Humidity Shift (-1000.0%/min)
2026-08-18 22:25:40,H:82% T:29C,Temp & Humidity,"{""temperature"": 29.0, ""humidity"": 82.0}",-43.0,9.25,0,Normal
2026-08-18 22:25:40,H:82% T:29C,Temp & Humidity,"{""temperature"": 29.0, ""humidity"": 82.0}",-48.0,8.75,0,Normal
2026-08-18 22:25:40,H:82% T:29C,Temp & Humidity,"{""temperature"": 29.0, ""humidity"": 82.0}",-43.0,9.25,0,Normal
2026-08-18 22:25:40,H:82% T:29C,Temp & Humidity,"{""temperature"": 29.0, ""humidity"": 82.0}",-43.0,9.0,0,Normal
2026-08-18 22:25:40,H:82% T:29C,Temp & Humidity,"{""temperature"": 29.0, ""humidity"": 82.0}",-43.0,9.75,0,Normal
2026-08-18 22:25:40,H:83% T:29C,Temp & Humidity,"{""temperature"": 29.0, ""humidity"": 83.0}",-43.0,9.25,1,Sudden Humidity Shift (+1000.0%/min)
2026-08-18 22:25:40,H:82% T:29C,Temp & Humidity,"{""temperature"": 29.0, ""humidity"": 82.0}",-43.0,9.5,1,Sudden Humidity Shift (-1000.0%/min)
2026-08-18 22:25:40,H:82% T:29C,Temp & Humidity,"{""temperature"": 29.0, ""humidity"": 82.0}",-43.0,9.25,0,Normal
2026-08-18 22:25:40,H:82% T:29C,Temp & Humidity,"{""temperature"": 29.0, ""humidity"": 82.0}",-43.0,9.25,0,Normal
2026-08-18 22:25:40,H:82% T:29C,Temp & Humidity,"{""temperature"": 29.0, ""humidity"": 82.0}",-43.0,9.5,0,Normal
2026-08-18 22:25:40,H:82% T:29C,Temp & Humidity,"{""temperature"": 29.0, ""humidity"": 82.0}",-44.0,9.0,0,Normal
2026-08-18 22:25:40,H:82% T:29C,Temp & Humidity,"{""temperature"": 29.0, ""humidity"": 82.0}",-43.0,9.5,0,Normal
2026-08-18 22:25:40,H:83% T:29C,Temp & Humidity,"{""temperature"": 29.0, ""humidity"": 83.0}",-43.0,8.75,1,Sudden Humidity Shift (+1000.0%/min)
2026-08-18 22:25:40,H:82% T:29C,Temp & Humidity,"{""temperature"": 29.0, ""humidity"": 82.0}",-48.0,9.75,0,Normal
2026-08-18 22:25:40,H:82% T:29C,Temp & Humidity,"{""temperature"": 29.0, ""humidity"": 82.0}",-43.0,9.25,0,Normal
2026-08-18 22:25:40,H:83% T:29C,Temp & Humidity,"{""temperature"": 29.0, ""humidity"": 83.0}",-43.0,9.25,0,Normal
2026-08-18 22:25:40,H:82% T:29C,Temp & Humidity,"{""temperature"": 29.0, ""humidity"": 82.0}",-43.0,9.75,0,Normal
2026-08-18 22:25:40,H:82% T:29C,Temp & Humidity,"{""temperature"": 29.0, ""humidity"": 82.0}",-44.0,9.25,0,Normal
2026-08-18 22:25:40,H:82% T:29C,Temp & Humidity,"{""temperature"": 29.0, ""humidity"": 82.0}",-43.0,9.75,0,Normal
2026-08-18 22:25:40,H:82% T:29C,Temp & Humidity,"{""temperature"": 29.0, ""humidity"": 82.0}",-43.0,9.25,0,Normal
2026-08-18 22:25:40,H:83% T:29C,Temp & Humidity,"{""temperature"": 29.0, ""humidity"": 83.0}",-43.0,9.25,0,Normal
2026-08-18 22:25:40,H:83% T:29C,Temp & Humidity,"{""temperature"": 29.0, ""humidity"": 83.0}",-43.0,9.25,0,Normal
2026-08-18 22:25:40,H:83% T:29C,Temp & Humidity,"{""temperature"": 29.0, ""humidity"": 83.0}",-48.0,9.25,0,Normal
2026-08-18 22:25:40,H:83% T:29C,Temp & Humidity,"{""temperature"": 29.0, ""humidity"": 83.0}",-43.0,9.25,0,Normal
2026-08-18 22:25:40,H:83% T:29C,Temp & Humidity,"{""temperature"": 29.0, ""humidity"": 83.0}",-43.0,9.0,0,Normal
2026-08-18 22:25:40,H:83% T:29C,Temp & Humidity,"{""temperature"": 29.0, ""humidity"": 83.0}",-48.0,9.0,0,Normal
2026-08-18 22:25:40,H:83% T:29C,Temp & Humidity,"{""temperature"": 29.0, ""humidity"": 83.0}",-43.0,9.25,0,Normal
2026-08-18 22:25:40,H:83% T:29C,Temp & Humidity,"{""temperature"": 29.0, ""humidity"": 83.0}",-43.0,9.25,0,Normal
2026-08-18 22:25:40,H:83% T:29C,Temp & Humidity,"{""temperature"": 29.0, ""humidity"": 83.0}",-43.0,9.0,0,Normal
2026-08-18 22:25:40,H:83% T:29C,Temp & Humidity,"{""temperature"": 29.0, ""humidity"": 83.0}",-43.0,9.5,0,Normal
2026-08-18 22:25:40,H:83% T:29C,Temp & Humidity,"{""temperature"": 29.0, ""humidity"": 83.0}",-43.0,9.25,0,Normal
2026-08-18 22:25:40,H:83% T:29C,Temp & Humidity,"{""temperature"": 29.0, ""humidity"": 83.0}",-43.0,9.0,0,Normal
2026-08-18 22:25:40,H:83% T:29C,Temp & Humidity,"{""temperature"": 29.0, ""humidity"": 83.0}",-43.0,9.25,0,Normal
2026-08-18 22:25:40,H:83% T:29C,Temp & Humidity,"{""temperature"": 29.0, ""humidity"": 83.0}",-43.0,9.5,0,Normal
2026-08-18 22:25:40,H:83% T:29C,Temp & Humidity,"{""temperature"": 29.0, ""humidity"": 83.0}",-43.0,9.25,0,Normal
2026-08-18 22:25:40,H:83% T:29C,Temp & Humidity,"{""temperature"": 29.0, ""humidity"": 83.0}",-43.0,9.25,0,Normal
2026-08-18 22:25:40,H:83% T:29C,Temp & Humidity,"{""temperature"": 29.0, ""humidity"": 83.0}",-43.0,9.0,0,Normal
2026-08-18 22:25:40,H:83% T:29C,Temp & Humidity,"{""temperature"": 29.0, ""humidity"": 83.0}",-43.0,9.25,0,Normal
2026-08-18 22:25:40,H:83% T:29C,Temp & Humidity,"{""temperature"": 29.0, ""humidity"": 83.0}",-43.0,9.25,0,Normal
2026-08-18 22:25:40,H:83% T:29C,Temp & Humidity,"{""temperature"": 29.0, ""humidity"": 83.0}",-43.0,9.0,0,Normal
2026-08-18 22:25:40,H:83% T:29C,Temp & Humidity,"{""temperature"": 29.0, ""humidity"": 83.0}",-43.0,9.5,0,Normal
2026-08-18 22:25:40,H:83% T:29C,Temp & Humidity,"{""temperature"": 29.0, ""humidity"": 83.0}",-43.0,9.5,0,Normal
2026-08-18 22:25:40,H:83% T:29C,Temp & Humidity,"{""temperature"": 29.0, ""humidity"": 83.0}",-44.0,9.25,0,Normal
2026-08-18 22:25:40,H:83% T:29C,Temp & Humidity,"{""temperature"": 29.0, ""humidity"": 83.0}",-43.0,9.5,0,Normal
2026-08-18 22:25:40,H:83% T:29C,Temp & Humidity,"{""temperature"": 29.0, ""humidity"": 83.0}",-43.0,9.5,0,Normal
2026-08-18 22:25:40,H:83% T:29C,Temp & Humidity,"{""temperature"": 29.0, ""humidity"": 83.0}",-43.0,9.25,0,Normal
2026-08-18 22:25:40,H:83% T:29C,Temp & Humidity,"{""temperature"": 29.0, ""humidity"": 83.0}",-43.0,9.5,0,Normal
2026-08-18 22:25:40,H:83% T:29C,Temp & Humidity,"{""temperature"": 29.0, ""humidity"": 83.0}",-43.0,9.5,0,Normal
2026-08-18 22:25:40,H:83% T:29C,Temp & Humidity,"{""temperature"": 29.0, ""humidity"": 83.0}",-43.0,9.5,0,Normal
2026-08-18 22:25:40,H:83% T:29C,Temp & Humidity,"{""temperature"": 29.0, ""humidity"": 83.0}",-43.0,9.5,0,Normal
2026-08-18 22:25:40,H:83% T:29C,Temp & Humidity,"{""temperature"": 29.0, ""humidity"": 83.0}",-43.0,9.5,0,Normal
2026-08-18 22:25:40,H:83% T:29C,Temp & Humidity,"{""temperature"": 29.0, ""humidity"": 83.0}",-43.0,9.75,0,Normal
2026-08-18 22:25:40,H:83% T:29C,Temp & Humidity,"{""temperature"": 29.0, ""humidity"": 83.0}",-42.0,9.25,0,Normal
2026-08-18 22:25:40,H:83% T:29C,Temp & Humidity,"{""temperature"": 29.0, ""humidity"": 83.0}",-43.0,9.25,0,Normal
2026-08-18 22:25:40,H:83% T:29C,Temp & Humidity,"{""temperature"": 29.0, ""humidity"": 83.0}",-43.0,9.25,0,Normal
2026-08-18 22:25:40,H:83% T:29C,Temp & Humidity,"{""temperature"": 29.0, ""humidity"": 83.0}",-42.0,9.25,0,Normal
2026-08-18 22:25:40,H:83% T:29C,Temp & Humidity,"{""temperature"": 29.0, ""humidity"": 83.0}",-43.0,9.5,0,Normal
2026-08-18 22:25:40,H:83% T:29C,Temp & Humidity,"{""temperature"": 29.0, ""humidity"": 83.0}",-43.0,9.25,0,Normal
2026-08-18 22:25:40,H:83% T:29C,Temp & Humidity,"{""temperature"": 29.0, ""humidity"": 83.0}",-43.0,9.25,0,Normal
2026-08-18 22:25:40,H:83% T:29C,Temp & Humidity,"{""temperature"": 29.0, ""humidity"": 83.0}",-43.0,9.25,0,Normal
2026-08-18 22:25:40,H:83% T:29C,Temp & Humidity,"{""temperature"": 29.0, ""humidity"": 83.0}",-43.0,9.0,0,Normal
2026-08-18 22:25:40,H:83% T:29C,Temp & Humidity,"{""temperature"": 29.0, ""humidity"": 83.0}",-43.0,9.5,0,Normal
2026-08-18 22:25:40,H:83% T:29C,Temp & Humidity,"{""temperature"": 29.0, ""humidity"": 83.0}",-43.0,9.25,0,Normal
2026-08-18 22:25:40,H:83% T:29C,Temp & Humidity,"{""temperature"": 29.0, ""humidity"": 83.0}",-43.0,9.0,0,Normal
2026-08-18 22:25:40,H:83% T:29C,Temp & Humidity,"{""temperature"": 29.0, ""humidity"": 83.0}",-43.0,9.5,0,Normal
2026-08-18 22:25:40,H:83% T:29C,Temp & Humidity,"{""temperature"": 29.0, ""humidity"": 83.0}",-43.0,9.25,0,Normal
2026-08-18 22:25:40,H:83% T:29C,Temp & Humidity,"{""temperature"": 29.0, ""humidity"": 83.0}",-43.0,9.0,0,Normal
2026-08-18 22:25:40,H:83% T:29C,Temp & Humidity,"{""temperature"": 29.0, ""humidity"": 83.0}",-43.0,9.5,0,Normal
2026-08-18 22:25:40,H:83% T:29C,Temp & Humidity,"{""temperature"": 29.0, ""humidity"": 83.0}",-43.0,9.0,0,Normal
2026-08-18 22:25:40,H:83% T:29C,Temp & Humidity,"{""temperature"": 29.0, ""humidity"": 83.0}",-43.0,9.0,0,Normal
2026-08-18 22:25:40,H:83% T:29C,Temp & Humidity,"{""temperature"": 29.0, ""humidity"": 83.0}",-43.0,9.5,0,Normal
2026-08-18 22:25:40,H:83% T:29C,Temp & Humidity,"{""temperature"": 29.0, ""humidity"": 83.0}",-43.0,9.25,0,Normal
2026-08-18 22:25:40,H:83% T:29C,Temp & Humidity,"{""temperature"": 29.0, ""humidity"": 83.0}",-43.0,9.25,0,Normal
2026-08-18 22:25:40,H:83% T:29C,Temp & Humidity,"{""temperature"": 29.0, ""humidity"": 83.0}",-43.0,9.25,0,Normal
2026-08-18 22:25:40,H:83% T:29C,Temp & Humidity,"{""temperature"": 29.0, ""humidity"": 83.0}",-43.0,9.25,0,Normal
2026-08-18 22:25:40,H:83% T:29C,Temp & Humidity,"{""temperature"": 29.0, ""humidity"": 83.0}",-48.0,9.25,0,Normal
2026-08-18 22:25:40,H:83% T:29C,Temp & Humidity,"{""temperature"": 29.0, ""humidity"": 83.0}",-43.0,9.25,0,Normal
2026-08-18 22:25:40,H:83% T:29C,Temp & Humidity,"{""temperature"": 29.0, ""humidity"": 83.0}",-43.0,9.25,0,Normal
2026-08-18 22:25:40,H:83% T:29C,Temp & Humidity,"{""temperature"": 29.0, ""humidity"": 83.0}",-43.0,9.25,0,Normal
2026-08-18 22:25:40,H:83% T:29C,Temp & Humidity,"{""temperature"": 29.0, ""humidity"": 83.0}",-43.0,9.25,0,Normal
2026-08-18 22:25:40,H:83% T:29C,Temp & Humidity,"{""temperature"": 29.0, ""humidity"": 83.0}",-43.0,9.5,0,Normal
2026-08-18 22:25:40,H:83% T:29C,Temp & Humidity,"{""temperature"": 29.0, ""humidity"": 83.0}",-43.0,9.25,0,Normal
2026-08-18 22:25:40,H:83% T:29C,Temp & Humidity,"{""temperature"": 29.0, ""humidity"": 83.0}",-43.0,9.5,0,Normal
2026-08-18 22:25:40,H:83% T:29C,Temp & Humidity,"{""temperature"": 29.0, ""humidity"": 83.0}",-43.0,9.25,0,Normal
2026-08-18 22:25:40,H:83% T:29C,Temp & Humidity,"{""temperature"": 29.0, ""humidity"": 83.0}",-43.0,9.5,0,Normal
2026-08-18 22:25:40,H:83% T:29C,Temp & Humidity,"{""temperature"": 29.0, ""humidity"": 83.0}",-43.0,9.5,0,Normal
2026-08-18 22:25:40,H:83% T:29C,Temp & Humidity,"{""temperature"": 29.0, ""humidity"": 83.0}",-43.0,9.5,0,Normal
2026-08-18 22:25:40,H:83% T:29C,Temp & Humidity,"{""temperature"": 29.0, ""humidity"": 83.0}",-43.0,9.25,0,Normal
2026-08-18 22:25:40,H:83% T:29C,Temp & Humidity,"{""temperature"": 29.0, ""humidity"": 83.0}",-43.0,9.25,0,Normal
2026-08-18 22:25:40,H:83% T:29C,Temp & Humidity,"{""temperature"": 29.0, ""humidity"": 83.0}",-43.0,9.25,0,Normal
2026-08-18 22:25:40,H:83% T:29C,Temp & Humidity,"{""temperature"": 29.0, ""humidity"": 83.0}",-43.0,9.25,0,Normal
2026-08-18 22:25:40,H:83% T:29C,Temp & Humidity,"{""temperature"": 29.0, ""humidity"": 83.0}",-43.0,9.25,0,Normal
2026-08-18 22:25:40,H:83% T:29C,Temp & Humidity,"{""temperature"": 29.0, ""humidity"": 83.0}",-43.0,9.5,0,Normal
2026-08-18 22:25:40,H:83% T:29C,Temp & Humidity,"{""temperature"": 29.0, ""humidity"": 83.0}",-43.0,9.25,0,Normal
2026-08-18 22:25:40,H:83% T:29C,Temp & Humidity,"{""temperature"": 29.0, ""humidity"": 83.0}",-43.0,9.5,0,Normal
2026-08-18 22:25:40,H:83% T:29C,Temp & Humidity,"{""temperature"": 29.0, ""humidity"": 83.0}",-43.0,9.5,0,Normal
2026-08-18 22:25:40,H:83% T:29C,Temp & Humidity,"{""temperature"": 29.0, ""humidity"": 83.0}",-43.0,9.25,0,Normal
2026-08-18 22:25:40,H:83% T:29C,Temp & Humidity,"{""temperature"": 29.0, ""humidity"": 83.0}",-43.0,9.25,0,Normal
2026-08-18 22:25:40,H:83% T:29C,Temp & Humidity,"{""temperature"": 29.0, ""humidity"": 83.0}",-43.0,9.5,0,Normal
2026-08-18 22:25:40,H:83% T:29C,Temp & Humidity,"{""temperature"": 29.0, ""humidity"": 83.0}",-43.0,9.25,0,Normal
2026-08-18 22:25:40,H:83% T:29C,Temp & Humidity,"{""temperature"": 29.0, ""humidity"": 83.0}",-43.0,9.5,0,Normal
2026-08-18 22:25:40,H:83% T:29C,Temp & Humidity,"{""temperature"": 29.0, ""humidity"": 83.0}",-43.0,9.25,0,Normal
2026-08-18 22:25:40,H:83% T:29C,Temp & Humidity,"{""temperature"": 29.0, ""humidity"": 83.0}",-43.0,9.25,0,Normal
2026-08-18 22:25:40,H:83% T:29C,Temp & Humidity,"{""temperature"": 29.0, ""humidity"": 83.0}",-43.0,9.25,0,Normal
2026-08-18 22:25:40,H:83% T:29C,Temp & Humidity,"{""temperature"": 29.0, ""humidity"": 83.0}",-43.0,9.25,0,Normal
2026-08-18 22:25:40,H:83% T:29C,Temp & Humidity,"{""temperature"": 29.0, ""humidity"": 83.0}",-43.0,9.25,0,Normal
2026-08-18 22:25:40,H:83% T:29C,Temp & Humidity,"{""temperature"": 29.0, ""humidity"": 83.0}",-43.0,9.5,0,Normal
2026-08-18 22:25:40,H:83% T:29C,Temp & Humidity,"{""temperature"": 29.0, ""humidity"": 83.0}",-43.0,9.5,0,Normal
2026-08-18 22:25:40,H:83% T:29C,Temp & Humidity,"{""temperature"": 29.0, ""humidity"": 83.0}",-43.0,9.25,0,Normal
2026-08-18 22:25:40,H:83% T:29C,Temp & Humidity,"{""temperature"": 29.0, ""humidity"": 83.0}",-43.0,9.75,0,Normal
2026-08-18 22:25:40,H:83% T:29C,Temp & Humidity,"{""temperature"": 29.0, ""humidity"": 83.0}",-43.0,9.0,0,Normal
2026-08-18 22:25:40,H:83% T:29C,Temp & Humidity,"{""temperature"": 29.0, ""humidity"": 83.0}",-43.0,9.25,0,Normal
2026-08-18 22:25:40,H:83% T:29C,Temp & Humidity,"{""temperature"": 29.0, ""humidity"": 83.0}",-44.0,9.5,0,Normal
2026-08-18 22:25:40,H:83% T:29C,Temp & Humidity,"{""temperature"": 29.0, ""humidity"": 83.0}",-43.0,9.25,0,Normal
2026-08-18 22:25:40,H:83% T:29C,Temp & Humidity,"{""temperature"": 29.0, ""humidity"": 83.0}",-42.0,9.25,0,Normal
2026-08-18 22:25:40,H:83% T:29C,Temp & Humidity,"{""temperature"": 29.0, ""humidity"": 83.0}",-43.0,9.0,0,Normal
2026-08-18 22:25:40,H:83% T:29C,Temp & Humidity,"{""temperature"": 29.0, ""humidity"": 83.0}",-43.0,9.0,0,Normal
2026-08-18 22:25:40,H:83% T:29C,Temp & Humidity,"{""temperature"": 29.0, ""humidity"": 83.0}",-43.0,9.25,0,Normal
2026-08-18 22:25:40,H:83% T:29C,Temp & Humidity,"{""temperature"": 29.0, ""humidity"": 83.0}",-43.0,9.25,0,Normal
2026-08-18 22:25:40,H:83% T:29C,Temp & Humidity,"{""temperature"": 29.0, ""humidity"": 83.0}",-43.0,9.5,0,Normal
2026-08-18 22:25:40,H:83% T:29C,Temp & Humidity,"{""temperature"": 29.0, ""humidity"": 83.0}",-43.0,9.25,0,Normal
2026-08-18 22:25:40,H:83% T:29C,Temp & Humidity,"{""temperature"": 29.0, ""humidity"": 83.0}",-44.0,9.25,0,Normal
2026-08-18 22:25:40,H:83% T:29C,Temp & Humidity,"{""temperature"": 29.0, ""humidity"": 83.0}",-43.0,9.5,0,Normal
2026-08-18 22:25:40,H:83% T:29C,Temp & Humidity,"{""temperature"": 29.0, ""humidity"": 83.0}",-43.0,9.25,0,Normal
2026-08-18 22:25:40,H:83% T:29C,Temp & Humidity,"{""temperature"": 29.0, ""humidity"": 83.0}",-43.0,9.0,0,Normal
2026-08-18 22:25:40,H:83% T:29C,Temp & Humidity,"{""temperature"": 29.0, ""humidity"": 83.0}",-43.0,9.25,0,Normal
2026-08-18 22:25:40,H:83% T:29C,Temp & Humidity,"{""temperature"": 29.0, ""humidity"": 83.0}",-48.0,9.25,0,Normal
2026-08-18 22:25:40,H:83% T:29C,Temp & Humidity,"{""temperature"": 29.0, ""humidity"": 83.0}",-43.0,9.5,0,Normal
2026-08-18 22:25:40,H:83% T:29C,Temp & Humidity,"{""temperature"": 29.0, ""humidity"": 83.0}",-43.0,9.25,0,Normal
2026-08-18 22:25:40,H:83% T:29C,Temp & Humidity,"{""temperature"": 29.0, ""humidity"": 83.0}",-43.0,9.25,0,Normal
2026-08-18 22:25:40,H:83% T:29C,Temp & Humidity,"{""temperature"": 29.0, ""humidity"": 83.0}",-43.0,8.75,0,Normal
2026-08-18 22:25:40,H:83% T:29C,Temp & Humidity,"{""temperature"": 29.0, ""humidity"": 83.0}",-43.0,9.75,0,Normal
2026-08-18 22:25:40,H:83% T:29C,Temp & Humidity,"{""temperature"": 29.0, ""humidity"": 83.0}",-43.0,9.0,0,Normal
2026-08-18 22:25:40,H:82% T:29C,Temp & Humidity,"{""temperature"": 29.0, ""humidity"": 82.0}",-43.0,9.25,1,Sudden Humidity Shift (-1000.0%/min)
2026-08-18 22:25:40,H:82% T:29C,Temp & Humidity,"{""temperature"": 29.0, ""humidity"": 82.0}",-43.0,9.5,0,Normal
2026-08-18 22:25:40,H:82% T:29C,Temp & Humidity,"{""temperature"": 29.0, ""humidity"": 82.0}",-43.0,9.0,0,Normal
2026-08-18 22:25:40,H:82% T:29C,Temp & Humidity,"{""temperature"": 29.0, ""humidity"": 82.0}",-43.0,9.25,0,Normal
2026-08-18 22:25:40,H:82% T:29C,Temp & Humidity,"{""temperature"": 29.0, ""humidity"": 82.0}",-43.0,10.0,0,Normal
2026-08-18 22:25:40,H:83% T:29C,Temp & Humidity,"{""temperature"": 29.0, ""humidity"": 83.0}",-43.0,9.25,1,Sudden Humidity Shift (+1000.0%/min)
2026-08-18 22:25:40,H:82% T:29C,Temp & Humidity,"{""temperature"": 29.0, ""humidity"": 82.0}",-43.0,9.25,1,Sudden Humidity Shift (-1000.0%/min)
2026-08-18 22:25:40,H:82% T:29C,Temp & Humidity,"{""temperature"": 29.0, ""humidity"": 82.0}",-43.0,9.25,0,Normal
2026-08-18 22:25:40,H:82% T:29C,Temp & Humidity,"{""temperature"": 29.0, ""humidity"": 82.0}",-43.0,9.5,0,Normal
2026-08-18 22:25:40,H:83% T:29C,Temp & Humidity,"{""temperature"": 29.0, ""humidity"": 83.0}",-43.0,9.5,1,Sudden Humidity Shift (+1000.0%/min)
2026-08-18 22:25:40,H:82% T:29C,Temp & Humidity,"{""temperature"": 29.0, ""humidity"": 82.0}",-43.0,9.25,1,Sudden Humidity Shift (-1000.0%/min)
2026-08-18 22:25:40,H:82% T:29C,Temp & Humidity,"{""temperature"": 29.0, ""humidity"": 82.0}",-48.0,9.75,0,Normal
2026-08-18 22:25:40,H:82% T:29C,Temp & Humidity,"{""temperature"": 29.0, ""humidity"": 82.0}",-43.0,9.25,0,Normal
2026-08-18 22:25:40,H:82% T:29C,Temp & Humidity,"{""temperature"": 29.0, ""humidity"": 82.0}",-48.0,9.25,0,Normal
2026-08-18 22:25:40,H:83% T:29C,Temp & Humidity,"{""temperature"": 29.0, ""humidity"": 83.0}",-43.0,9.5,1,Sudden Humidity Shift (+1000.0%/min)
2026-08-18 22:25:40,H:82% T:29C,Temp & Humidity,"{""temperature"": 29.0, ""humidity"": 82.0}",-43.0,9.25,0,Normal
2026-08-18 22:25:40,H:82% T:29C,Temp & Humidity,"{""temperature"": 29.0, ""humidity"": 82.0}",-43.0,9.25,0,Normal
2026-08-18 22:25:40,H:82% T:29C,Temp & Humidity,"{""temperature"": 29.0, ""humidity"": 82.0}",-43.0,9.5,0,Normal
2026-08-18 22:25:40,H:82% T:29C,Temp & Humidity,"{""temperature"": 29.0, ""humidity"": 82.0}",-43.0,9.75,0,Normal
2026-08-18 22:25:40,H:82% T:29C,Temp & Humidity,"{""temperature"": 29.0, ""humidity"": 82.0}",-43.0,9.25,0,Normal
2026-08-18 22:25:40,H:83% T:29C,Temp & Humidity,"{""temperature"": 29.0, ""humidity"": 83.0}",-43.0,8.75,0,Normal
2026-08-18 22:25:40,H:83% T:29C,Temp & Humidity,"{""temperature"": 29.0, ""humidity"": 83.0}",-43.0,9.25,0,Normal
2026-08-18 22:25:40,H:83% T:29C,Temp & Humidity,"{""temperature"": 29.0, ""humidity"": 83.0}",-43.0,9.25,0,Normal
2026-08-18 22:25:40,H:83% T:29C,Temp & Humidity,"{""temperature"": 29.0, ""humidity"": 83.0}",-48.0,9.0,0,Normal
2026-08-18 22:25:40,H:83% T:29C,Temp & Humidity,"{""temperature"": 29.0, ""humidity"": 83.0}",-43.0,9.25,0,Normal
2026-08-18 22:25:40,H:83% T:29C,Temp & Humidity,"{""temperature"": 29.0, ""humidity"": 83.0}",-43.0,9.5,0,Normal
2026-08-18 22:25:40,H:83% T:29C,Temp & Humidity,"{""temperature"": 29.0, ""humidity"": 83.0}",-43.0,9.5,0,Normal
2026-08-18 22:25:40,H:82% T:29C,Temp & Humidity,"{""temperature"": 29.0, ""humidity"": 82.0}",-43.0,9.5,0,Normal
2026-08-18 22:25:40,H:82% T:29C,Temp & Humidity,"{""temperature"": 29.0, ""humidity"": 82.0}",-43.0,9.25,0,Normal
2026-08-18 22:25:40,H:83% T:29C,Temp & Humidity,"{""temperature"": 29.0, ""humidity"": 83.0}",-43.0,9.5,0,Normal
2026-08-18 22:25:40,H:83% T:29C,Temp & Humidity,"{""temperature"": 29.0, ""humidity"": 83.0}",-43.0,8.75,0,Normal
2026-08-18 22:25:40,H:83% T:29C,Temp & Humidity,"{""temperature"": 29.0, ""humidity"": 83.0}",-44.0,9.25,0,Normal
2026-08-18 22:25:40,H:83% T:29C,Temp & Humidity,"{""temperature"": 29.0, ""humidity"": 83.0}",-43.0,9.25,0,Normal
2026-08-18 22:25:40,H:83% T:29C,Temp & Humidity,"{""temperature"": 29.0, ""humidity"": 83.0}",-43.0,9.75,0,Normal
2026-08-18 22:25:40,H:83% T:29C,Temp & Humidity,"{""temperature"": 29.0, ""humidity"": 83.0}",-43.0,9.25,0,Normal
2026-08-18 22:25:40,H:83% T:29C,Temp & Humidity,"{""temperature"": 29.0, ""humidity"": 83.0}",-48.0,9.0,0,Normal
2026-08-18 22:25:40,H:83% T:29C,Temp & Humidity,"{""temperature"": 29.0, ""humidity"": 83.0}",-48.0,9.0,0,Normal
2026-08-18 22:25:40,H:83% T:29C,Temp & Humidity,"{""temperature"": 29.0, ""humidity"": 83.0}",-43.0,9.75,0,Normal
2026-08-18 22:25:40,H:83% T:29C,Temp & Humidity,"{""temperature"": 29.0, ""humidity"": 83.0}",-48.0,9.0,0,Normal
2026-08-18 22:25:40,H:83% T:29C,Temp & Humidity,"{""temperature"": 29.0, ""humidity"": 83.0}",-44.0,9.25,0,Normal
2026-08-18 22:25:40,H:83% T:29C,Temp & Humidity,"{""temperature"": 29.0, ""humidity"": 83.0}",-43.0,9.0,0,Normal
2026-08-18 22:25:40,H:83% T:29C,Temp & Humidity,"{""temperature"": 29.0, ""humidity"": 83.0}",-43.0,9.25,0,Normal
2026-08-18 22:25:40,H:83% T:29C,Temp & Humidity,"{""temperature"": 29.0, ""humidity"": 83.0}",-48.0,9.0,0,Normal
2026-08-18 22:25:40,H:83% T:29C,Temp & Humidity,"{""temperature"": 29.0, ""humidity"": 83.0}",-43.0,9.5,0,Normal
2026-08-18 22:25:40,H:83% T:29C,Temp & Humidity,"{""temperature"": 29.0, ""humidity"": 83.0}",-43.0,9.0,0,Normal
2026-08-18 22:25:40,H:83% T:29C,Temp & Humidity,"{""temperature"": 29.0, ""humidity"": 83.0}",-43.0,9.25,0,Normal
2026-08-18 22:25:40,H:83% T:29C,Temp & Humidity,"{""temperature"": 29.0, ""humidity"": 83.0}",-43.0,9.5,0,Normal
2026-08-18 22:25:40,H:83% T:29C,Temp & Humidity,"{""temperature"": 29.0, ""humidity"": 83.0}",-44.0,9.0,0,Normal
2026-08-18 22:25:40,H:83% T:29C,Temp & Humidity,"{""temperature"": 29.0, ""humidity"": 83.0}",-43.0,9.25,0,Normal
2026-08-18 22:25:40,H:83% T:29C,Temp & Humidity,"{""temperature"": 29.0, ""humidity"": 83.0}",-43.0,9.5,0,Normal
2026-08-18 22:25:40,H:83% T:29C,Temp & Humidity,"{""temperature"": 29.0, ""humidity"": 83.0}",-43.0,9.5,0,Normal
2026-08-18 22:25:40,H:83% T:29C,Temp & Humidity,"{""temperature"": 29.0, ""humidity"": 83.0}",-48.0,9.25,0,Normal
2026-08-18 22:25:40,H:83% T:29C,Temp & Humidity,"{""temperature"": 29.0, ""humidity"": 83.0}",-43.0,9.0,0,Normal
2026-08-18 22:25:40,H:83% T:29C,Temp & Humidity,"{""temperature"": 29.0, ""humidity"": 83.0}",-43.0,9.25,0,Normal
2026-08-18 22:25:40,H:83% T:29C,Temp & Humidity,"{""temperature"": 29.0, ""humidity"": 83.0}",-44.0,9.25,0,Normal
2026-08-18 22:25:40,H:83% T:29C,Temp & Humidity,"{""temperature"": 29.0, ""humidity"": 83.0}",-42.0,9.0,0,Normal
2026-08-18 22:25:40,H:83% T:29C,Temp & Humidity,"{""temperature"": 29.0, ""humidity"": 83.0}",-43.0,9.0,0,Normal
2026-08-18 22:25:40,H:83% T:29C,Temp & Humidity,"{""temperature"": 29.0, ""humidity"": 83.0}",-43.0,9.25,0,Normal
2026-08-18 22:25:40,H:83% T:29C,Temp & Humidity,"{""temperature"": 29.0, ""humidity"": 83.0}",-43.0,9.25,0,Normal
2026-08-18 22:25:40,H:83% T:29C,Temp & Humidity,"{""temperature"": 29.0, ""humidity"": 83.0}",-43.0,9.25,0,Normal
2026-08-18 22:25:40,H:83% T:29C,Temp & Humidity,"{""temperature"": 29.0, ""humidity"": 83.0}",-43.0,9.25,0,Normal
2026-08-18 22:25:40,H:83% T:29C,Temp & Humidity,"{""temperature"": 29.0, ""humidity"": 83.0}",-43.0,9.25,0,Normal
2026-08-18 22:25:40,H:83% T:29C,Temp & Humidity,"{""temperature"": 29.0, ""humidity"": 83.0}",-43.0,9.5,0,Normal
2026-08-18 22:25:40,H:83% T:29C,Temp & Humidity,"{""temperature"": 29.0, ""humidity"": 83.0}",-43.0,9.25,0,Normal
2026-08-18 22:25:40,H:83% T:29C,Temp & Humidity,"{""temperature"": 29.0, ""humidity"": 83.0}",-43.0,9.5,0,Normal
2026-08-18 22:25:40,H:83% T:29C,Temp & Humidity,"{""temperature"": 29.0, ""humidity"": 83.0}",-43.0,9.0,0,Normal
2026-08-18 22:25:40,H:83% T:29C,Temp & Humidity,"{""temperature"": 29.0, ""humidity"": 83.0}",-43.0,9.25,0,Normal
2026-08-18 22:25:40,H:83% T:29C,Temp & Humidity,"{""temperature"": 29.0, ""humidity"": 83.0}",-48.0,9.0,0,Normal
2026-08-18 22:25:40,H:83% T:29C,Temp & Humidity,"{""temperature"": 29.0, ""humidity"": 83.0}",-43.0,9.25,0,Normal
2026-08-18 22:25:40,H:83% T:29C,Temp & Humidity,"{""temperature"": 29.0, ""humidity"": 83.0}",-43.0,9.5,0,Normal
2026-08-18 22:25:40,H:83% T:29C,Temp & Humidity,"{""temperature"": 29.0, ""humidity"": 83.0}",-43.0,9.25,0,Normal
2026-08-18 22:25:40,H:83% T:29C,Temp & Humidity,"{""temperature"": 29.0, ""humidity"": 83.0}",-43.0,9.25,0,Normal
2026-08-18 22:25:40,H:83% T:29C,Temp & Humidity,"{""temperature"": 29.0, ""humidity"": 83.0}",-43.0,9.5,0,Normal
2026-08-18 22:25:40,H:83% T:29C,Temp & Humidity,"{""temperature"": 29.0, ""humidity"": 83.0}",-43.0,9.5,0,Normal
2026-08-18 22:25:40,H:83% T:29C,Temp & Humidity,"{""temperature"": 29.0, ""humidity"": 83.0}",-44.0,9.5,0,Normal
2026-08-18 22:25:40,H:83% T:29C,Temp & Humidity,"{""temperature"": 29.0, ""humidity"": 83.0}",-43.0,9.25,0,Normal
2026-08-18 22:25:40,H:83% T:29C,Temp & Humidity,"{""temperature"": 29.0, ""humidity"": 83.0}",-43.0,9.5,0,Normal
2026-08-18 22:25:40,H:83% T:29C,Temp & Humidity,"{""temperature"": 29.0, ""humidity"": 83.0}",-43.0,9.0,0,Normal
2026-08-18 22:25:40,H:83% T:29C,Temp & Humidity,"{""temperature"": 29.0, ""humidity"": 83.0}",-43.0,9.25,0,Normal
2026-08-18 22:25:40,H:83% T:29C,Temp & Humidity,"{""temperature"": 29.0, ""humidity"": 83.0}",-43.0,9.5,0,Normal
2026-08-18 22:25:40,H:83% T:29C,Temp & Humidity,"{""temperature"": 29.0, ""humidity"": 83.0}",-43.0,9.0,0,Normal
2026-08-18 22:25:40,H:83% T:29C,Temp & Humidity,"{""temperature"": 29.0, ""humidity"": 83.0}",-43.0,9.25,0,Normal
2026-08-18 22:25:40,H:83% T:29C,Temp & Humidity,"{""temperature"": 29.0, ""humidity"": 83.0}",-43.0,9.25,0,Normal
2026-08-18 22:25:40,H:83% T:29C,Temp & Humidity,"{""temperature"": 29.0, ""humidity"": 83.0}",-43.0,9.5,0,Normal
2026-08-18 22:25:40,H:83% T:29C,Temp & Humidity,"{""temperature"": 29.0, ""humidity"": 83.0}",-43.0,9.25,0,Normal
2026-08-18 22:25:40,H:83% T:29C,Temp & Humidity,"{""temperature"": 29.0, ""humidity"": 83.0}",-43.0,9.25,0,Normal
2026-08-18 22:25:40,H:83% T:29C,Temp & Humidity,"{""temperature"": 29.0, ""humidity"": 83.0}",-43.0,9.5,0,Normal
2026-08-18 22:25:40,H:83% T:29C,Temp & Humidity,"{""temperature"": 29.0, ""humidity"": 83.0}",-43.0,9.25,0,Normal
2026-08-18 22:25:40,H:83% T:29C,Temp & Humidity,"{""temperature"": 29.0, ""humidity"": 83.0}",-43.0,9.25,0,Normal
2026-08-18 22:25:40,H:83% T:29C,Temp & Humidity,"{""temperature"": 29.0, ""humidity"": 83.0}",-43.0,9.5,0,Normal
2026-08-18 22:25:40,H:83% T:29C,Temp & Humidity,"{""temperature"": 29.0, ""humidity"": 83.0}",-43.0,9.5,0,Normal
2026-08-18 22:25:40,H:83% T:29C,Temp & Humidity,"{""temperature"": 29.0, ""humidity"": 83.0}",-48.0,9.0,0,Normal
2026-08-18 22:25:40,H:83% T:29C,Temp & Humidity,"{""temperature"": 29.0, ""humidity"": 83.0}",-43.0,9.5,0,Normal
2026-08-18 22:25:40,H:83% T:29C,Temp & Humidity,"{""temperature"": 29.0, ""humidity"": 83.0}",-43.0,9.5,0,Normal
2026-08-18 22:25:40,H:83% T:29C,Temp & Humidity,"{""temperature"": 29.0, ""humidity"": 83.0}",-43.0,9.25,0,Normal
2026-08-18 22:25:40,H:83% T:29C,Temp & Humidity,"{""temperature"": 29.0, ""humidity"": 83.0}",-43.0,9.5,0,Normal
2026-08-18 22:25:40,H:83% T:29C,Temp & Humidity,"{""temperature"": 29.0, ""humidity"": 83.0}",-43.0,9.25,0,Normal
2026-08-18 22:25:40,H:83% T:29C,Temp & Humidity,"{""temperature"": 29.0, ""humidity"": 83.0}",-43.0,9.25,0,Normal
2026-08-18 22:25:40,H:83% T:29C,Temp & Humidity,"{""temperature"": 29.0, ""humidity"": 83.0}",-43.0,9.25,0,Normal
2026-08-18 22:25:40,H:83% T:29C,Temp & Humidity,"{""temperature"": 29.0, ""humidity"": 83.0}",-43.0,9.75,0,Normal
2026-08-18 22:25:41,H:83% T:29C,Temp & Humidity,"{""temperature"": 29.0, ""humidity"": 83.0}",-44.0,9.25,0,Normal
2026-08-18 22:25:41,H:83% T:29C,Temp & Humidity,"{""temperature"": 29.0, ""humidity"": 83.0}",-43.0,9.0,0,Normal
2026-08-18 22:25:41,H:83% T:29C,Temp & Humidity,"{""temperature"": 29.0, ""humidity"": 83.0}",-43.0,9.75,0,Normal
2026-08-18 22:25:41,H:83% T:29C,Temp & Humidity,"{""temperature"": 29.0, ""humidity"": 83.0}",-43.0,9.25,0,Normal
2026-08-18 22:25:41,H:83% T:29C,Temp & Humidity,"{""temperature"": 29.0, ""humidity"": 83.0}",-43.0,9.25,0,Normal
2026-08-18 22:25:41,H:83% T:29C,Temp & Humidity,"{""temperature"": 29.0, ""humidity"": 83.0}",-43.0,9.75,0,Normal
2026-08-18 22:25:41,H:83% T:29C,Temp & Humidity,"{""temperature"": 29.0, ""humidity"": 83.0}",-43.0,9.25,0,Normal
2026-08-18 22:25:41,H:83% T:29C,Temp & Humidity,"{""temperature"": 29.0, ""humidity"": 83.0}",-43.0,9.25,0,Normal
2026-08-18 22:25:41,H:83% T:29C,Temp & Humidity,"{""temperature"": 29.0, ""humidity"": 83.0}",-43.0,9.25,0,Normal
2026-08-18 22:25:41,H:83% T:29C,Temp & Humidity,"{""temperature"": 29.0, ""humidity"": 83.0}",-43.0,9.25,0,Normal
2026-08-18 22:25:41,H:83% T:29C,Temp & Humidity,"{""temperature"": 29.0, ""humidity"": 83.0}",-43.0,9.25,0,Normal
2026-08-18 22:25:41,H:83% T:29C,Temp & Humidity,"{""temperature"": 29.0, ""humidity"": 83.0}",-43.0,9.25,0,Normal
2026-08-18 22:25:41,H:83% T:29C,Temp & Humidity,"{""temperature"": 29.0, ""humidity"": 83.0}",-43.0,9.0,0,Normal
2026-08-18 22:25:41,H:83% T:29C,Temp & Humidity,"{""temperature"": 29.0, ""humidity"": 83.0}",-43.0,9.5,0,Normal
2026-08-18 22:25:41,H:83% T:29C,Temp & Humidity,"{""temperature"": 29.0, ""humidity"": 83.0}",-48.0,8.75,0,Normal
2026-08-18 22:25:41,H:83% T:29C,Temp & Humidity,"{""temperature"": 29.0, ""humidity"": 83.0}",-43.0,9.5,0,Normal
2026-08-18 22:25:41,H:83% T:29C,Temp & Humidity,"{""temperature"": 29.0, ""humidity"": 83.0}",-43.0,9.25,0,Normal
2026-08-18 22:25:41,H:83% T:29C,Temp & Humidity,"{""temperature"": 29.0, ""humidity"": 83.0}",-43.0,9.25,0,Normal
2026-08-18 22:25:41,H:83% T:29C,Temp & Humidity,"{""temperature"": 29.0, ""humidity"": 83.0}",-43.0,9.0,0,Normal
2026-08-18 22:25:41,H:83% T:29C,Temp & Humidity,"{""temperature"": 29.0, ""humidity"": 83.0}",-43.0,9.25,0,Normal
2026-08-18 22:25:41,H:83% T:29C,Temp & Humidity,"{""temperature"": 29.0, ""humidity"": 83.0}",-43.0,9.25,0,Normal
2026-08-18 22:25:41,H:83% T:29C,Temp & Humidity,"{""temperature"": 29.0, ""humidity"": 83.0}",-43.0,9.5,0,Normal
2026-08-18 22:25:41,H:83% T:29C,Temp & Humidity,"{""temperature"": 29.0, ""humidity"": 83.0}",-43.0,9.25,0,Normal
2026-08-18 22:25:41,H:83% T:29C,Temp & Humidity,"{""temperature"": 29.0, ""humidity"": 83.0}",-43.0,9.25,0,Normal
2026-08-18 22:25:41,H:83% T:29C,Temp & Humidity,"{""temperature"": 29.0, ""humidity"": 83.0}",-43.0,9.0,0,Normal
2026-08-18 22:25:41,H:83% T:29C,Temp & Humidity,"{""temperature"": 29.0, ""humidity"": 83.0}",-43.0,9.5,0,Normal
2026-08-18 22:25:41,H:83% T:29C,Temp & Humidity,"{""temperature"": 29.0, ""humidity"": 83.0}",-43.0,9.5,0,Normal
2026-08-18 22:25:41,H:83% T:29C,Temp & Humidity,"{""temperature"": 29.0, ""humidity"": 83.0}",-43.0,9.25,0,Normal
2026-08-18 22:25:41,H:83% T:29C,Temp & Humidity,"{""temperature"": 29.0, ""humidity"": 83.0}",-43.0,9.25,0,Normal
2026-08-18 22:25:41,H:83% T:29C,Temp & Humidity,"{""temperature"": 29.0, ""humidity"": 83.0}",-43.0,9.5,0,Normal
2026-08-18 22:25:41,H:83% T:29C,Temp & Humidity,"{""temperature"": 29.0, ""humidity"": 83.0}",-43.0,9.5,0,Normal
2026-08-18 22:25:41,H:83% T:29C,Temp & Humidity,"{""temperature"": 29.0, ""humidity"": 83.0}",-43.0,9.25,0,Normal
2026-08-18 22:25:41,H:83% T:29C,Temp & Humidity,"{""temperature"": 29.0, ""humidity"": 83.0}",-43.0,9.5,0,Normal
2026-08-18 22:25:41,H:83% T:29C,Temp & Humidity,"{""temperature"": 29.0, ""humidity"": 83.0}",-43.0,9.25,0,Normal
2026-08-18 22:25:41,H:83% T:29C,Temp & Humidity,"{""temperature"": 29.0, ""humidity"": 83.0}",-43.0,9.25,0,Normal
2026-08-18 22:25:41,H:83% T:29C,Temp & Humidity,"{""temperature"": 29.0, ""humidity"": 83.0}",-43.0,9.5,0,Normal
2026-08-18 22:25:41,H:83% T:29C,Temp & Humidity,"{""temperature"": 29.0, ""humidity"": 83.0}",-43.0,9.0,0,Normal
2026-08-18 22:25:41,H:83% T:29C,Temp & Humidity,"{""temperature"": 29.0, ""humidity"": 83.0}",-43.0,9.5,0,Normal
2026-08-18 22:25:41,H:83% T:29C,Temp & Humidity,"{""temperature"": 29.0, ""humidity"": 83.0}",-43.0,9.5,0,Normal
2026-08-18 22:25:41,H:83% T:29C,Temp & Humidity,"{""temperature"": 29.0, ""humidity"": 83.0}",-43.0,9.25,0,Normal
2026-08-18 22:25:41,H:83% T:29C,Temp & Humidity,"{""temperature"": 29.0, ""humidity"": 83.0}",-43.0,9.25,0,Normal
2026-08-18 22:25:41,H:83% T:29C,Temp & Humidity,"{""temperature"": 29.0, ""humidity"": 83.0}",-43.0,9.25,0,Normal
2026-08-18 22:25:41,H:83% T:29C,Temp & Humidity,"{""temperature"": 29.0, ""humidity"": 83.0}",-43.0,9.5,0,Normal
2026-08-18 22:25:41,H:83% T:29C,Temp & Humidity,"{""temperature"": 29.0, ""humidity"": 83.0}",-48.0,9.0,0,Normal
2026-08-18 22:25:41,H:83% T:29C,Temp & Humidity,"{""temperature"": 29.0, ""humidity"": 83.0}",-43.0,9.25,0,Normal
2026-08-18 22:25:41,H:83% T:29C,Temp & Humidity,"{""temperature"": 29.0, ""humidity"": 83.0}",-42.0,9.5,0,Normal
2026-08-18 22:25:41,H:83% T:29C,Temp & Humidity,"{""temperature"": 29.0, ""humidity"": 83.0}",-43.0,9.5,0,Normal
2026-08-18 22:25:41,H:83% T:29C,Temp & Humidity,"{""temperature"": 29.0, ""humidity"": 83.0}",-43.0,9.25,0,Normal
2026-08-18 22:25:41,H:83% T:29C,Temp & Humidity,"{""temperature"": 29.0, ""humidity"": 83.0}",-43.0,10.0,0,Normal
2026-08-18 22:25:41,H:83% T:29C,Temp & Humidity,"{""temperature"": 29.0, ""humidity"": 83.0}",-43.0,9.25,0,Normal
2026-08-18 22:25:41,H:83% T:29C,Temp & Humidity,"{""temperature"": 29.0, ""humidity"": 83.0}",-43.0,9.75,0,Normal
2026-08-18 22:25:41,H:83% T:29C,Temp & Humidity,"{""temperature"": 29.0, ""humidity"": 83.0}",-43.0,9.5,0,Normal
2026-08-18 22:25:41,H:83% T:29C,Temp & Humidity,"{""temperature"": 29.0, ""humidity"": 83.0}",-48.0,9.25,0,Normal
2026-08-18 22:25:41,H:83% T:29C,Temp & Humidity,"{""temperature"": 29.0, ""humidity"": 83.0}",-43.0,9.5,0,Normal
2026-08-18 22:25:41,H:83% T:29C,Temp & Humidity,"{""temperature"": 29.0, ""humidity"": 83.0}",-43.0,9.25,0,Normal
2026-08-18 22:25:41,H:83% T:29C,Temp & Humidity,"{""temperature"": 29.0, ""humidity"": 83.0}",-43.0,9.25,0,Normal
2026-08-18 22:25:41,H:83% T:29C,Temp & Humidity,"{""temperature"": 29.0, ""humidity"": 83.0}",-43.0,9.25,0,Normal
2026-08-18 22:25:41,H:83% T:29C,Temp & Humidity,"{""temperature"": 29.0, ""humidity"": 83.0}",-43.0,9.25,0,Normal
2026-08-18 22:25:41,H:83% T:29C,Temp & Humidity,"{""temperature"": 29.0, ""humidity"": 83.0}",-43.0,9.0,0,Normal
2026-08-18 22:25:41,H:83% T:29C,Temp & Humidity,"{""temperature"": 29.0, ""humidity"": 83.0}",-43.0,9.25,0,Normal
2026-08-18 22:25:41,H:83% T:29C,Temp & Humidity,"{""temperature"": 29.0, ""humidity"": 83.0}",-43.0,9.25,0,Normal
2026-08-18 22:25:41,H:83% T:29C,Temp & Humidity,"{""temperature"": 29.0, ""humidity"": 83.0}",-43.0,9.25,0,Normal
2026-08-18 22:25:41,H:83% T:29C,Temp & Humidity,"{""temperature"": 29.0, ""humidity"": 83.0}",-43.0,9.25,0,Normal
2026-08-18 22:25:41,H:83% T:29C,Temp & Humidity,"{""temperature"": 29.0, ""humidity"": 83.0}",-43.0,9.0,0,Normal
2026-08-18 22:25:41,H:83% T:29C,Temp & Humidity,"{""temperature"": 29.0, ""humidity"": 83.0}",-43.0,9.25,0,Normal
2026-08-18 22:25:41,H:83% T:29C,Temp & Humidity,"{""temperature"": 29.0, ""humidity"": 83.0}",-43.0,9.0,0,Normal
2026-08-18 22:25:41,H:83% T:29C,Temp & Humidity,"{""temperature"": 29.0, ""humidity"": 83.0}",-43.0,9.75,0,Normal
2026-08-18 22:25:41,H:83% T:29C,Temp & Humidity,"{""temperature"": 29.0, ""humidity"": 83.0}",-43.0,9.0,0,Normal
2026-08-18 22:25:41,H:83% T:29C,Temp & Humidity,"{""temperature"": 29.0, ""humidity"": 83.0}",-43.0,9.25,0,Normal
2026-08-18 22:25:41,H:83% T:29C,Temp & Humidity,"{""temperature"": 29.0, ""humidity"": 83.0}",-43.0,9.25,0,Normal
2026-08-18 22:25:41,H:83% T:29C,Temp & Humidity,"{""temperature"": 29.0, ""humidity"": 83.0}",-43.0,9.25,0,Normal
2026-08-18 22:25:41,H:83% T:29C,Temp & Humidity,"{""temperature"": 29.0, ""humidity"": 83.0}",-43.0,9.5,0,Normal
2026-08-18 22:25:41,H:83% T:29C,Temp & Humidity,"{""temperature"": 29.0, ""humidity"": 83.0}",-42.0,9.25,0,Normal
2026-08-18 22:25:41,H:83% T:29C,Temp & Humidity,"{""temperature"": 29.0, ""humidity"": 83.0}",-43.0,9.25,0,Normal
2026-08-18 22:25:41,H:83% T:29C,Temp & Humidity,"{""temperature"": 29.0, ""humidity"": 83.0}",-43.0,9.25,0,Normal
2026-08-18 22:25:41,H:83% T:29C,Temp & Humidity,"{""temperature"": 29.0, ""humidity"": 83.0}",-43.0,9.75,0,Normal
2026-08-18 22:25:41,H:83% T:29C,Temp & Humidity,"{""temperature"": 29.0, ""humidity"": 83.0}",-44.0,9.25,0,Normal
2026-08-18 22:25:41,H:83% T:29C,Temp & Humidity,"{""temperature"": 29.0, ""humidity"": 83.0}",-43.0,9.25,0,Normal
2026-08-18 22:25:41,H:83% T:29C,Temp & Humidity,"{""temperature"": 29.0, ""humidity"": 83.0}",-43.0,9.25,0,Normal
2026-08-18 22:25:41,H:83% T:29C,Temp & Humidity,"{""temperature"": 29.0, ""humidity"": 83.0}",-43.0,9.25,0,Normal
2026-08-18 22:25:41,H:83% T:29C,Temp & Humidity,"{""temperature"": 29.0, ""humidity"": 83.0}",-43.0,9.25,0,Normal
2026-08-18 22:25:41,H:83% T:29C,Temp & Humidity,"{""temperature"": 29.0, ""humidity"": 83.0}",-43.0,9.25,0,Normal
2026-08-18 22:25:41,H:83% T:29C,Temp & Humidity,"{""temperature"": 29.0, ""humidity"": 83.0}",-43.0,9.25,0,Normal
2026-08-18 22:25:41,H:83% T:29C,Temp & Humidity,"{""temperature"": 29.0, ""humidity"": 83.0}",-44.0,9.5,0,Normal
2026-08-18 22:25:41,H:83% T:29C,Temp & Humidity,"{""temperature"": 29.0, ""humidity"": 83.0}",-50.0,9.5,1,Isolation Forest ML Outlier
2026-08-18 22:25:41,H:83% T:29C,Temp & Humidity,"{""temperature"": 29.0, ""humidity"": 83.0}",-52.0,9.0,1,Isolation Forest ML Outlier
2026-08-18 22:25:41,H:83% T:29C,Temp & Humidity,"{""temperature"": 29.0, ""humidity"": 83.0}",-54.0,9.25,1,Isolation Forest ML Outlier
2026-08-18 22:25:41,H:83% T:29C,Temp & Humidity,"{""temperature"": 29.0, ""humidity"": 83.0}",-52.0,9.0,1,Isolation Forest ML Outlier
2026-08-18 22:25:41,H:83% T:29C,Temp & Humidity,"{""temperature"": 29.0, ""humidity"": 83.0}",-43.0,9.25,0,Normal
2026-08-18 22:25:41,H:83% T:29C,Temp & Humidity,"{""temperature"": 29.0, ""humidity"": 83.0}",-50.0,9.5,1,Isolation Forest ML Outlier
2026-08-18 22:25:41,H:83% T:29C,Temp & Humidity,"{""temperature"": 29.0, ""humidity"": 83.0}",-66.0,9.5,1,Isolation Forest ML Outlier
2026-08-18 22:25:41,H:83% T:29C,Temp & Humidity,"{""temperature"": 29.0, ""humidity"": 83.0}",-66.0,9.25,1,Isolation Forest ML Outlier
2026-08-18 22:25:41,H:83% T:29C,Temp & Humidity,"{""temperature"": 29.0, ""humidity"": 83.0}",-67.0,9.5,1,Isolation Forest ML Outlier
2026-08-18 22:25:41,H:83% T:29C,Temp & Humidity,"{""temperature"": 29.0, ""humidity"": 83.0}",-67.0,9.0,1,Isolation Forest ML Outlier
2026-08-18 22:25:41,H:83% T:29C,Temp & Humidity,"{""temperature"": 29.0, ""humidity"": 83.0}",-67.0,9.5,1,Isolation Forest ML Outlier
2026-08-18 22:25:41,H:83% T:29C,Temp & Humidity,"{""temperature"": 29.0, ""humidity"": 83.0}",-66.0,9.5,1,Isolation Forest ML Outlier
2026-08-18 22:25:41,H:83% T:29C,Temp & Humidity,"{""temperature"": 29.0, ""humidity"": 83.0}",-67.0,9.5,1,Isolation Forest ML Outlier
2026-08-18 22:25:41,H:83% T:29C,Temp & Humidity,"{""temperature"": 29.0, ""humidity"": 83.0}",-67.0,9.25,1,Isolation Forest ML Outlier
2026-08-18 22:25:41,H:83% T:29C,Temp & Humidity,"{""temperature"": 29.0, ""humidity"": 83.0}",-68.0,9.0,1,Isolation Forest ML Outlier
2026-08-18 22:25:41,H:83% T:29C,Temp & Humidity,"{""temperature"": 29.0, ""humidity"": 83.0}",-67.0,9.0,1,Isolation Forest ML Outlier
2026-08-18 22:25:41,H:83% T:29C,Temp & Humidity,"{""temperature"": 29.0, ""humidity"": 83.0}",-67.0,9.25,1,Isolation Forest ML Outlier
2026-08-18 22:25:41,H:83% T:29C,Temp & Humidity,"{""temperature"": 29.0, ""humidity"": 83.0}",-67.0,9.0,1,Isolation Forest ML Outlier
2026-08-18 22:25:41,H:83% T:29C,Temp & Humidity,"{""temperature"": 29.0, ""humidity"": 83.0}",-68.0,9.0,1,Isolation Forest ML Outlier
2026-08-18 22:25:41,H:83% T:29C,Temp & Humidity,"{""temperature"": 29.0, ""humidity"": 83.0}",-68.0,9.5,1,Isolation Forest ML Outlier
2026-08-18 22:25:41,H:83% T:29C,Temp & Humidity,"{""temperature"": 29.0, ""humidity"": 83.0}",-67.0,9.0,1,Isolation Forest ML Outlier
2026-08-18 22:25:41,H:83% T:29C,Temp & Humidity,"{""temperature"": 29.0, ""humidity"": 83.0}",-67.0,9.0,1,Isolation Forest ML Outlier
2026-08-18 22:25:41,H:83% T:29C,Temp & Humidity,"{""temperature"": 29.0, ""humidity"": 83.0}",-68.0,9.25,1,Isolation Forest ML Outlier
2026-08-18 22:25:41,H:83% T:29C,Temp & Humidity,"{""temperature"": 29.0, ""humidity"": 83.0}",-67.0,9.0,1,Isolation Forest ML Outlier
2026-08-18 22:25:41,H:83% T:29C,Temp & Humidity,"{""temperature"": 29.0, ""humidity"": 83.0}",-68.0,9.5,1,Isolation Forest ML Outlier
2026-08-18 22:25:41,H:83% T:29C,Temp & Humidity,"{""temperature"": 29.0, ""humidity"": 83.0}",-67.0,9.0,1,Isolation Forest ML Outlier
2026-08-18 22:25:41,H:83% T:29C,Temp & Humidity,"{""temperature"": 29.0, ""humidity"": 83.0}",-67.0,9.25,1,Isolation Forest ML Outlier
2026-08-18 22:25:41,H:83% T:29C,Temp & Humidity,"{""temperature"": 29.0, ""humidity"": 83.0}",-68.0,9.0,1,Isolation Forest ML Outlier
2026-08-18 22:25:41,H:83% T:29C,Temp & Humidity,"{""temperature"": 29.0, ""humidity"": 83.0}",-68.0,9.0,1,Isolation Forest ML Outlier
2026-08-18 22:25:41,H:83% T:29C,Temp & Humidity,"{""temperature"": 29.0, ""humidity"": 83.0}",-68.0,9.25,1,Isolation Forest ML Outlier
2026-08-18 22:25:41,H:83% T:29C,Temp & Humidity,"{""temperature"": 29.0, ""humidity"": 83.0}",-70.0,9.5,1,Isolation Forest ML Outlier
2026-08-18 22:25:41,H:83% T:29C,Temp & Humidity,"{""temperature"": 29.0, ""humidity"": 83.0}",-70.0,9.25,1,Isolation Forest ML Outlier
2026-08-18 22:25:41,H:83% T:29C,Temp & Humidity,"{""temperature"": 29.0, ""humidity"": 83.0}",-70.0,9.5,1,Isolation Forest ML Outlier
2026-08-18 22:25:41,H:83% T:29C,Temp & Humidity,"{""temperature"": 29.0, ""humidity"": 83.0}",-70.0,9.25,1,Isolation Forest ML Outlier
2026-08-18 22:25:41,H:84% T:29C,Temp & Humidity,"{""temperature"": 29.0, ""humidity"": 84.0}",-67.0,9.5,1,Sudden Humidity Shift (+1000.0%/min) | Isolation Forest ML Outlier
2026-08-18 22:25:41,H:84% T:29C,Temp & Humidity,"{""temperature"": 29.0, ""humidity"": 84.0}",-66.0,9.0,1,Isolation Forest ML Outlier
2026-08-18 22:25:41,H:83% T:29C,Temp & Humidity,"{""temperature"": 29.0, ""humidity"": 83.0}",-79.0,9.0,1,Sudden Humidity Shift (-1000.0%/min) | Isolation Forest ML Outlier
2026-08-18 22:25:41,H:84% T:29C,Temp & Humidity,"{""temperature"": 29.0, ""humidity"": 84.0}",-82.0,8.5,1,Sudden Humidity Shift (+1000.0%/min) | Isolation Forest ML Outlier
2026-08-18 22:25:41,H:84% T:29C,Temp & Humidity,"{""temperature"": 29.0, ""humidity"": 84.0}",-85.0,7.75,1,Isolation Forest ML Outlier
2026-08-18 22:25:41,H:84% T:29C,Temp & Humidity,"{""temperature"": 29.0, ""humidity"": 84.0}",-73.0,9.0,1,Isolation Forest ML Outlier
2026-08-18 22:25:41,H:84% T:29C,Temp & Humidity,"{""temperature"": 29.0, ""humidity"": 84.0}",-66.0,9.75,1,Isolation Forest ML Outlier
2026-08-18 22:25:41,H:84% T:29C,Temp & Humidity,"{""temperature"": 29.0, ""humidity"": 84.0}",-70.0,9.5,1,Isolation Forest ML Outlier
2026-08-18 22:25:41,H:84% T:29C,Temp & Humidity,"{""temperature"": 29.0, ""humidity"": 84.0}",-66.0,9.5,1,Isolation Forest ML Outlier
2026-08-18 22:25:41,H:84% T:29C,Temp & Humidity,"{""temperature"": 29.0, ""humidity"": 84.0}",-64.0,9.75,1,Isolation Forest ML Outlier
2026-08-18 22:25:41,H:84% T:29C,Temp & Humidity,"{""temperature"": 29.0, ""humidity"": 84.0}",-58.0,9.5,1,Isolation Forest ML Outlier
2026-08-18 22:25:41,H:84% T:29C,Temp & Humidity,"{""temperature"": 29.0, ""humidity"": 84.0}",-68.0,9.25,1,Isolation Forest ML Outlier
2026-08-18 22:25:41,H:84% T:29C,Temp & Humidity,"{""temperature"": 29.0, ""humidity"": 84.0}",-69.0,9.25,1,Isolation Forest ML Outlier
2026-08-18 22:25:41,H:84% T:29C,Temp & Humidity,"{""temperature"": 29.0, ""humidity"": 84.0}",-69.0,9.5,1,Isolation Forest ML Outlier
2026-08-18 22:25:41,H:84% T:29C,Temp & Humidity,"{""temperature"": 29.0, ""humidity"": 84.0}",-70.0,9.25,1,Isolation Forest ML Outlier
2026-08-18 22:25:41,H:84% T:29C,Temp & Humidity,"{""temperature"": 29.0, ""humidity"": 84.0}",-69.0,9.25,1,Isolation Forest ML Outlier
2026-08-18 22:25:41,H:84% T:29C,Temp & Humidity,"{""temperature"": 29.0, ""humidity"": 84.0}",-69.0,9.5,1,Isolation Forest ML Outlier
2026-08-18 22:25:41,H:84% T:29C,Temp & Humidity,"{""temperature"": 29.0, ""humidity"": 84.0}",-69.0,9.5,1,Isolation Forest ML Outlier
2026-08-18 22:25:41,H:84% T:29C,Temp & Humidity,"{""temperature"": 29.0, ""humidity"": 84.0}",-70.0,9.5,1,Isolation Forest ML Outlier
2026-08-18 22:25:41,H:84% T:29C,Temp & Humidity,"{""temperature"": 29.0, ""humidity"": 84.0}",-70.0,9.25,1,Isolation Forest ML Outlier
2026-08-18 22:25:41,H:84% T:29C,Temp & Humidity,"{""temperature"": 29.0, ""humidity"": 84.0}",-74.0,9.25,1,Isolation Forest ML Outlier
2026-08-18 22:25:41,H:84% T:29C,Temp & Humidity,"{""temperature"": 29.0, ""humidity"": 84.0}",-83.0,8.5,1,Isolation Forest ML Outlier
2026-08-18 22:25:41,H:84% T:29C,Temp & Humidity,"{""temperature"": 29.0, ""humidity"": 84.0}",-69.0,9.25,1,Isolation Forest ML Outlier
2026-08-18 22:25:41,H:84% T:29C,Temp & Humidity,"{""temperature"": 29.0, ""humidity"": 84.0}",-69.0,9.25,1,Isolation Forest ML Outlier
2026-08-18 22:25:41,H:84% T:29C,Temp & Humidity,"{""temperature"": 29.0, ""humidity"": 84.0}",-73.0,9.0,1,Isolation Forest ML Outlier
2026-08-18 22:25:41,H:84% T:29C,Temp & Humidity,"{""temperature"": 29.0, ""humidity"": 84.0}",-71.0,9.75,1,Isolation Forest ML Outlier
2026-08-18 22:25:41,H:84% T:29C,Temp & Humidity,"{""temperature"": 29.0, ""humidity"": 84.0}",-67.0,9.0,1,Isolation Forest ML Outlier
2026-08-18 22:25:41,H:84% T:29C,Temp & Humidity,"{""temperature"": 29.0, ""humidity"": 84.0}",-71.0,9.5,1,Isolation Forest ML Outlier
2026-08-18 22:25:41,H:84% T:29C,Temp & Humidity,"{""temperature"": 29.0, ""humidity"": 84.0}",-68.0,9.5,1,Isolation Forest ML Outlier
2026-08-18 22:25:41,H:84% T:29C,Temp & Humidity,"{""temperature"": 29.0, ""humidity"": 84.0}",-69.0,9.5,1,Isolation Forest ML Outlier
2026-08-18 22:25:41,H:84% T:29C,Temp & Humidity,"{""temperature"": 29.0, ""humidity"": 84.0}",-71.0,9.5,1,Isolation Forest ML Outlier
2026-08-18 22:25:41,H:84% T:29C,Temp & Humidity,"{""temperature"": 29.0, ""humidity"": 84.0}",-72.0,9.0,1,Isolation Forest ML Outlier
2026-08-18 22:25:41,H:84% T:29C,Temp & Humidity,"{""temperature"": 29.0, ""humidity"": 84.0}",-71.0,9.25,1,Isolation Forest ML Outlier
2026-08-18 22:25:41,H:84% T:29C,Temp & Humidity,"{""temperature"": 29.0, ""humidity"": 84.0}",-72.0,10.0,1,Isolation Forest ML Outlier
2026-08-18 22:25:41,H:84% T:29C,Temp & Humidity,"{""temperature"": 29.0, ""humidity"": 84.0}",-73.0,9.5,1,Isolation Forest ML Outlier
2026-08-18 22:25:41,H:84% T:29C,Temp & Humidity,"{""temperature"": 29.0, ""humidity"": 84.0}",-76.0,9.25,1,Isolation Forest ML Outlier
2026-08-18 22:25:41,H:84% T:29C,Temp & Humidity,"{""temperature"": 29.0, ""humidity"": 84.0}",-68.0,9.25,1,Isolation Forest ML Outlier
2026-08-18 22:25:41,H:84% T:29C,Temp & Humidity,"{""temperature"": 29.0, ""humidity"": 84.0}",-70.0,9.25,1,Isolation Forest ML Outlier
2026-08-18 22:25:41,H:84% T:29C,Temp & Humidity,"{""temperature"": 29.0, ""humidity"": 84.0}",-66.0,9.25,1,Isolation Forest ML Outlier
2026-08-18 22:25:41,H:84% T:29C,Temp & Humidity,"{""temperature"": 29.0, ""humidity"": 84.0}",-70.0,9.5,1,Isolation Forest ML Outlier
2026-08-18 22:25:41,H:84% T:29C,Temp & Humidity,"{""temperature"": 29.0, ""humidity"": 84.0}",-69.0,9.0,1,Isolation Forest ML Outlier
2026-08-18 22:25:41,H:84% T:29C,Temp & Humidity,"{""temperature"": 29.0, ""humidity"": 84.0}",-73.0,9.25,1,Isolation Forest ML Outlier
2026-08-18 22:25:41,H:84% T:29C,Temp & Humidity,"{""temperature"": 29.0, ""humidity"": 84.0}",-73.0,9.25,1,Isolation Forest ML Outlier
2026-08-18 22:25:41,H:84% T:29C,Temp & Humidity,"{""temperature"": 29.0, ""humidity"": 84.0}",-73.0,9.25,1,Isolation Forest ML Outlier
2026-08-18 22:25:41,H:84% T:29C,Temp & Humidity,"{""temperature"": 29.0, ""humidity"": 84.0}",-74.0,9.25,1,Isolation Forest ML Outlier
2026-08-18 22:25:41,H:84% T:29C,Temp & Humidity,"{""temperature"": 29.0, ""humidity"": 84.0}",-66.0,9.5,1,Isolation Forest ML Outlier
2026-08-18 22:25:41,H:84% T:29C,Temp & Humidity,"{""temperature"": 29.0, ""humidity"": 84.0}",-68.0,9.5,1,Isolation Forest ML Outlier
2026-08-18 22:25:41,H:84% T:29C,Temp & Humidity,"{""temperature"": 29.0, ""humidity"": 84.0}",-65.0,9.75,1,Isolation Forest ML Outlier
2026-08-18 22:25:41,H:84% T:29C,Temp & Humidity,"{""temperature"": 29.0, ""humidity"": 84.0}",-68.0,9.5,1,Isolation Forest ML Outlier
2026-08-18 22:25:41,H:84% T:29C,Temp & Humidity,"{""temperature"": 29.0, ""humidity"": 84.0}",-69.0,9.0,1,Isolation Forest ML Outlier
2026-08-18 22:25:41,H:84% T:29C,Temp & Humidity,"{""temperature"": 29.0, ""humidity"": 84.0}",-68.0,9.5,1,Isolation Forest ML Outlier
2026-08-18 22:25:41,H:84% T:29C,Temp & Humidity,"{""temperature"": 29.0, ""humidity"": 84.0}",-70.0,9.25,1,Isolation Forest ML Outlier
2026-08-18 22:25:41,H:84% T:29C,Temp & Humidity,"{""temperature"": 29.0, ""humidity"": 84.0}",-69.0,9.75,1,Isolation Forest ML Outlier
2026-08-18 22:25:41,H:84% T:29C,Temp & Humidity,"{""temperature"": 29.0, ""humidity"": 84.0}",-69.0,9.5,1,Isolation Forest ML Outlier
2026-08-18 22:25:41,H:84% T:29C,Temp & Humidity,"{""temperature"": 29.0, ""humidity"": 84.0}",-69.0,8.75,1,Isolation Forest ML Outlier
2026-08-18 22:25:41,H:84% T:29C,Temp & Humidity,"{""temperature"": 29.0, ""humidity"": 84.0}",-62.0,9.25,1,Isolation Forest ML Outlier
2026-08-18 22:25:41,H:84% T:29C,Temp & Humidity,"{""temperature"": 29.0, ""humidity"": 84.0}",-69.0,9.5,1,Isolation Forest ML Outlier
2026-08-18 22:25:41,H:84% T:29C,Temp & Humidity,"{""temperature"": 29.0, ""humidity"": 84.0}",-69.0,9.5,1,Isolation Forest ML Outlier
2026-08-18 22:25:41,H:84% T:29C,Temp & Humidity,"{""temperature"": 29.0, ""humidity"": 84.0}",-70.0,9.25,1,Isolation Forest ML Outlier
2026-08-18 22:25:41,H:84% T:29C,Temp & Humidity,"{""temperature"": 29.0, ""humidity"": 84.0}",-69.0,9.25,1,Isolation Forest ML Outlier
2026-08-18 22:25:41,H:84% T:29C,Temp & Humidity,"{""temperature"": 29.0, ""humidity"": 84.0}",-70.0,9.25,1,Isolation Forest ML Outlier
2026-08-18 22:25:41,H:84% T:29C,Temp & Humidity,"{""temperature"": 29.0, ""humidity"": 84.0}",-70.0,9.25,1,Isolation Forest ML Outlier
2026-08-18 22:25:41,H:84% T:29C,Temp & Humidity,"{""temperature"": 29.0, ""humidity"": 84.0}",-69.0,12.25,1,Isolation Forest ML Outlier
2026-08-18 22:25:41,H:84% T:29C,Temp & Humidity,"{""temperature"": 29.0, ""humidity"": 84.0}",-70.0,9.5,1,Isolation Forest ML Outlier
2026-08-18 22:25:41,H:84% T:29C,Temp & Humidity,"{""temperature"": 29.0, ""humidity"": 84.0}",-71.0,9.25,1,Isolation Forest ML Outlier
2026-08-18 22:25:41,H:84% T:29C,Temp & Humidity,"{""temperature"": 29.0, ""humidity"": 84.0}",-71.0,9.75,1,Isolation Forest ML Outlier
2026-08-18 22:25:41,H:84% T:29C,Temp & Humidity,"{""temperature"": 29.0, ""humidity"": 84.0}",-71.0,9.25,1,Isolation Forest ML Outlier
2026-08-18 22:25:41,H:84% T:29C,Temp & Humidity,"{""temperature"": 29.0, ""humidity"": 84.0}",-71.0,9.5,1,Isolation Forest ML Outlier
2026-08-18 22:25:41,H:84% T:29C,Temp & Humidity,"{""temperature"": 29.0, ""humidity"": 84.0}",-71.0,9.5,1,Isolation Forest ML Outlier
2026-08-18 22:25:41,H:84% T:29C,Temp & Humidity,"{""temperature"": 29.0, ""humidity"": 84.0}",-71.0,9.5,1,Isolation Forest ML Outlier
2026-08-18 22:25:41,H:84% T:29C,Temp & Humidity,"{""temperature"": 29.0, ""humidity"": 84.0}",-71.0,9.25,1,Isolation Forest ML Outlier
2026-08-18 22:25:41,H:84% T:29C,Temp & Humidity,"{""temperature"": 29.0, ""humidity"": 84.0}",-71.0,9.25,1,Isolation Forest ML Outlier
2026-08-18 22:25:41,H:84% T:29C,Temp & Humidity,"{""temperature"": 29.0, ""humidity"": 84.0}",-72.0,9.25,1,Isolation Forest ML Outlier
2026-08-18 22:25:41,H:84% T:29C,Temp & Humidity,"{""temperature"": 29.0, ""humidity"": 84.0}",-72.0,9.25,1,Isolation Forest ML Outlier
2026-08-18 22:25:41,H:84% T:29C,Temp & Humidity,"{""temperature"": 29.0, ""humidity"": 84.0}",-71.0,9.25,1,Isolation Forest ML Outlier
2026-08-18 22:25:41,H:84% T:29C,Temp & Humidity,"{""temperature"": 29.0, ""humidity"": 84.0}",-72.0,12.25,1,Isolation Forest ML Outlier
2026-08-18 22:25:41,H:84% T:29C,Temp & Humidity,"{""temperature"": 29.0, ""humidity"": 84.0}",-71.0,10.0,1,Isolation Forest ML Outlier
2026-08-18 22:25:41,H:84% T:29C,Temp & Humidity,"{""temperature"": 29.0, ""humidity"": 84.0}",-72.0,9.5,1,Isolation Forest ML Outlier
2026-08-18 22:25:41,H:84% T:29C,Temp & Humidity,"{""temperature"": 29.0, ""humidity"": 84.0}",-72.0,9.0,1,Isolation Forest ML Outlier
2026-08-18 22:25:41,H:84% T:29C,Temp & Humidity,"{""temperature"": 29.0, ""humidity"": 84.0}",-71.0,9.25,1,Isolation Forest ML Outlier
2026-08-18 22:25:41,H:84% T:29C,Temp & Humidity,"{""temperature"": 29.0, ""humidity"": 84.0}",-72.0,9.0,1,Isolation Forest ML Outlier
2026-08-18 22:25:41,H:84% T:29C,Temp & Humidity,"{""temperature"": 29.0, ""humidity"": 84.0}",-72.0,9.25,1,Isolation Forest ML Outlier
2026-08-18 22:25:41,H:84% T:29C,Temp & Humidity,"{""temperature"": 29.0, ""humidity"": 84.0}",-72.0,9.5,1,Isolation Forest ML Outlier
2026-08-18 22:25:41,H:84% T:29C,Temp & Humidity,"{""temperature"": 29.0, ""humidity"": 84.0}",-73.0,9.0,1,Isolation Forest ML Outlier
2026-08-18 22:25:41,H:84% T:29C,Temp & Humidity,"{""temperature"": 29.0, ""humidity"": 84.0}",-72.0,9.0,1,Isolation Forest ML Outlier
2026-08-18 22:25:41,H:84% T:29C,Temp & Humidity,"{""temperature"": 29.0, ""humidity"": 84.0}",-74.0,9.5,1,Isolation Forest ML Outlier
2026-08-18 22:25:41,H:84% T:29C,Temp & Humidity,"{""temperature"": 29.0, ""humidity"": 84.0}",-72.0,9.5,1,Isolation Forest ML Outlier
2026-08-18 22:25:41,H:84% T:29C,Temp & Humidity,"{""temperature"": 29.0, ""humidity"": 84.0}",-71.0,9.25,1,Isolation Forest ML Outlier
2026-08-18 22:25:41,H:84% T:29C,Temp & Humidity,"{""temperature"": 29.0, ""humidity"": 84.0}",-71.0,9.25,1,Isolation Forest ML Outlier
2026-08-18 22:25:41,H:84% T:29C,Temp & Humidity,"{""temperature"": 29.0, ""humidity"": 84.0}",-72.0,9.75,1,Isolation Forest ML Outlier
2026-08-18 22:25:41,H:84% T:29C,Temp & Humidity,"{""temperature"": 29.0, ""humidity"": 84.0}",-72.0,9.25,1,Isolation Forest ML Outlier
2026-08-18 22:25:41,H:84% T:29C,Temp & Humidity,"{""temperature"": 29.0, ""humidity"": 84.0}",-72.0,9.25,1,Isolation Forest ML Outlier
2026-08-18 22:25:41,H:84% T:29C,Temp & Humidity,"{""temperature"": 29.0, ""humidity"": 84.0}",-72.0,9.0,1,Isolation Forest ML Outlier
2026-08-18 22:25:41,H:84% T:29C,Temp & Humidity,"{""temperature"": 29.0, ""humidity"": 84.0}",-71.0,9.5,1,Isolation Forest ML Outlier
2026-08-18 22:25:41,H:84% T:29C,Temp & Humidity,"{""temperature"": 29.0, ""humidity"": 84.0}",-72.0,9.5,1,Isolation Forest ML Outlier
2026-08-18 22:25:41,H:84% T:29C,Temp & Humidity,"{""temperature"": 29.0, ""humidity"": 84.0}",-59.0,9.25,1,Isolation Forest ML Outlier
2026-08-18 22:25:41,H:84% T:29C,Temp & Humidity,"{""temperature"": 29.0, ""humidity"": 84.0}",-71.0,9.0,1,Isolation Forest ML Outlier
2026-08-18 22:25:41,H:84% T:29C,Temp & Humidity,"{""temperature"": 29.0, ""humidity"": 84.0}",-68.0,9.0,1,Isolation Forest ML Outlier
2026-08-18 22:25:41,H:84% T:29C,Temp & Humidity,"{""temperature"": 29.0, ""humidity"": 84.0}",-68.0,9.25,1,Isolation Forest ML Outlier
2026-08-18 22:25:41,H:84% T:29C,Temp & Humidity,"{""temperature"": 29.0, ""humidity"": 84.0}",-67.0,9.25,1,Isolation Forest ML Outlier
2026-08-18 22:25:41,H:84% T:29C,Temp & Humidity,"{""temperature"": 29.0, ""humidity"": 84.0}",-68.0,9.25,1,Isolation Forest ML Outlier
2026-08-18 22:25:41,H:84% T:29C,Temp & Humidity,"{""temperature"": 29.0, ""humidity"": 84.0}",-68.0,9.5,1,Isolation Forest ML Outlier
2026-08-18 22:25:41,H:84% T:29C,Temp & Humidity,"{""temperature"": 29.0, ""humidity"": 84.0}",-67.0,9.25,1,Isolation Forest ML Outlier
2026-08-18 22:25:41,H:84% T:29C,Temp & Humidity,"{""temperature"": 29.0, ""humidity"": 84.0}",-68.0,9.0,1,Isolation Forest ML Outlier
2026-08-18 22:25:41,H:84% T:29C,Temp & Humidity,"{""temperature"": 29.0, ""humidity"": 84.0}",-68.0,9.25,1,Isolation Forest ML Outlier
2026-08-18 22:25:41,H:84% T:29C,Temp & Humidity,"{""temperature"": 29.0, ""humidity"": 84.0}",-67.0,9.75,1,Isolation Forest ML Outlier
2026-08-18 22:25:41,H:84% T:29C,Temp & Humidity,"{""temperature"": 29.0, ""humidity"": 84.0}",-68.0,9.0,1,Isolation Forest ML Outlier
2026-08-18 22:25:41,H:84% T:29C,Temp & Humidity,"{""temperature"": 29.0, ""humidity"": 84.0}",-70.0,9.25,1,Isolation Forest ML Outlier
2026-08-18 22:25:41,H:84% T:29C,Temp & Humidity,"{""temperature"": 29.0, ""humidity"": 84.0}",-70.0,9.5,1,Isolation Forest ML Outlier
2026-08-18 22:25:41,H:84% T:29C,Temp & Humidity,"{""temperature"": 29.0, ""humidity"": 84.0}",-69.0,9.25,1,Isolation Forest ML Outlier
2026-08-18 22:25:41,H:84% T:29C,Temp & Humidity,"{""temperature"": 29.0, ""humidity"": 84.0}",-70.0,9.5,1,Isolation Forest ML Outlier
2026-08-18 22:25:41,H:84% T:29C,Temp & Humidity,"{""temperature"": 29.0, ""humidity"": 84.0}",-71.0,9.25,1,Isolation Forest ML Outlier
2026-08-18 22:25:41,H:84% T:29C,Temp & Humidity,"{""temperature"": 29.0, ""humidity"": 84.0}",-71.0,9.25,1,Isolation Forest ML Outlier
2026-08-18 22:25:41,H:84% T:29C,Temp & Humidity,"{""temperature"": 29.0, ""humidity"": 84.0}",-71.0,9.0,1,Isolation Forest ML Outlier
2026-08-18 22:25:41,H:84% T:29C,Temp & Humidity,"{""temperature"": 29.0, ""humidity"": 84.0}",-71.0,9.25,1,Isolation Forest ML Outlier
2026-08-18 22:25:41,H:84% T:29C,Temp & Humidity,"{""temperature"": 29.0, ""humidity"": 84.0}",-71.0,9.25,1,Isolation Forest ML Outlier
2026-08-18 22:25:41,H:84% T:29C,Temp & Humidity,"{""temperature"": 29.0, ""humidity"": 84.0}",-61.0,9.25,1,Isolation Forest ML Outlier
2026-08-18 22:25:41,H:84% T:29C,Temp & Humidity,"{""temperature"": 29.0, ""humidity"": 84.0}",-70.0,9.0,1,Isolation Forest ML Outlier
2026-08-18 22:25:41,H:84% T:29C,Temp & Humidity,"{""temperature"": 29.0, ""humidity"": 84.0}",-72.0,9.5,1,Isolation Forest ML Outlier
2026-08-18 22:25:41,H:84% T:29C,Temp & Humidity,"{""temperature"": 29.0, ""humidity"": 84.0}",-72.0,9.0,1,Isolation Forest ML Outlier
2026-08-18 22:25:41,H:84% T:29C,Temp & Humidity,"{""temperature"": 29.0, ""humidity"": 84.0}",-74.0,8.75,1,Isolation Forest ML Outlier
2026-08-18 22:25:41,H:84% T:29C,Temp & Humidity,"{""temperature"": 29.0, ""humidity"": 84.0}",-84.0,8.0,1,Isolation Forest ML Outlier
2026-08-18 22:25:41,H:84% T:29C,Temp & Humidity,"{""temperature"": 29.0, ""humidity"": 84.0}",-76.0,9.75,1,Isolation Forest ML Outlier
2026-08-18 22:25:41,H:84% T:29C,Temp & Humidity,"{""temperature"": 29.0, ""humidity"": 84.0}",-79.0,9.25,1,Isolation Forest ML Outlier
2026-08-18 22:25:41,H:84% T:29C,Temp & Humidity,"{""temperature"": 29.0, ""humidity"": 84.0}",-74.0,9.25,1,Isolation Forest ML Outlier
2026-08-18 22:25:41,H:84% T:29C,Temp & Humidity,"{""temperature"": 29.0, ""humidity"": 84.0}",-73.0,9.0,1,Isolation Forest ML Outlier
2026-08-18 22:25:41,H:84% T:29C,Temp & Humidity,"{""temperature"": 29.0, ""humidity"": 84.0}",-74.0,9.25,1,Isolation Forest ML Outlier
2026-08-18 22:25:41,H:84% T:29C,Temp & Humidity,"{""temperature"": 29.0, ""humidity"": 84.0}",-72.0,8.75,1,Isolation Forest ML Outlier
2026-08-18 22:25:41,H:84% T:29C,Temp & Humidity,"{""temperature"": 29.0, ""humidity"": 84.0}",-74.0,9.0,1,Isolation Forest ML Outlier
2026-08-18 22:25:41,H:84% T:29C,Temp & Humidity,"{""temperature"": 29.0, ""humidity"": 84.0}",-73.0,9.25,1,Isolation Forest ML Outlier
2026-08-18 22:25:41,H:84% T:29C,Temp & Humidity,"{""temperature"": 29.0, ""humidity"": 84.0}",-73.0,9.25,1,Isolation Forest ML Outlier
2026-08-18 22:25:41,H:84% T:29C,Temp & Humidity,"{""temperature"": 29.0, ""humidity"": 84.0}",-74.0,9.25,1,Isolation Forest ML Outlier
2026-08-18 22:25:41,H:84% T:29C,Temp & Humidity,"{""temperature"": 29.0, ""humidity"": 84.0}",-73.0,9.0,1,Isolation Forest ML Outlier
2026-08-18 22:25:41,H:84% T:29C,Temp & Humidity,"{""temperature"": 29.0, ""humidity"": 84.0}",-74.0,9.25,1,Isolation Forest ML Outlier
2026-08-18 22:25:41,H:84% T:29C,Temp & Humidity,"{""temperature"": 29.0, ""humidity"": 84.0}",-73.0,9.25,1,Isolation Forest ML Outlier
2026-08-18 22:25:41,H:84% T:29C,Temp & Humidity,"{""temperature"": 29.0, ""humidity"": 84.0}",-73.0,9.5,1,Isolation Forest ML Outlier
2026-08-18 22:25:41,H:84% T:29C,Temp & Humidity,"{""temperature"": 29.0, ""humidity"": 84.0}",-73.0,8.75,1,Isolation Forest ML Outlier
2026-08-18 22:25:41,H:84% T:29C,Temp & Humidity,"{""temperature"": 29.0, ""humidity"": 84.0}",-74.0,9.25,1,Isolation Forest ML Outlier
2026-08-18 22:25:41,H:84% T:29C,Temp & Humidity,"{""temperature"": 29.0, ""humidity"": 84.0}",-73.0,9.25,1,Isolation Forest ML Outlier
2026-08-18 22:25:41,H:84% T:29C,Temp & Humidity,"{""temperature"": 29.0, ""humidity"": 84.0}",-73.0,9.25,1,Isolation Forest ML Outlier
2026-08-18 22:25:41,H:84% T:29C,Temp & Humidity,"{""temperature"": 29.0, ""humidity"": 84.0}",-73.0,9.25,1,Isolation Forest ML Outlier
2026-08-18 22:25:41,H:84% T:29C,Temp & Humidity,"{""temperature"": 29.0, ""humidity"": 84.0}",-73.0,9.25,1,Isolation Forest ML Outlier
2026-08-18 22:25:41,H:84% T:29C,Temp & Humidity,"{""temperature"": 29.0, ""humidity"": 84.0}",-73.0,9.25,1,Isolation Forest ML Outlier
2026-08-18 22:25:41,H:84% T:29C,Temp & Humidity,"{""temperature"": 29.0, ""humidity"": 84.0}",-73.0,9.25,1,Isolation Forest ML Outlier
2026-08-18 22:25:41,H:84% T:29C,Temp & Humidity,"{""temperature"": 29.0, ""humidity"": 84.0}",-75.0,9.0,1,Isolation Forest ML Outlier
2026-08-18 22:25:41,H:84% T:29C,Temp & Humidity,"{""temperature"": 29.0, ""humidity"": 84.0}",-72.0,9.25,1,Isolation Forest ML Outlier
2026-08-18 22:25:41,H:84% T:29C,Temp & Humidity,"{""temperature"": 29.0, ""humidity"": 84.0}",-74.0,9.0,1,Isolation Forest ML Outlier
2026-08-18 22:25:41,H:85% T:29C,Temp & Humidity,"{""temperature"": 29.0, ""humidity"": 85.0}",-74.0,9.25,1,Sudden Humidity Shift (+1000.0%/min) | Isolation Forest ML Outlier
2026-08-18 22:25:41,H:84% T:29C,Temp & Humidity,"{""temperature"": 29.0, ""humidity"": 84.0}",-73.0,9.0,1,Sudden Humidity Shift (-1000.0%/min) | Isolation Forest ML Outlier
2026-08-18 22:25:41,H:84% T:29C,Temp & Humidity,"{""temperature"": 29.0, ""humidity"": 84.0}",-74.0,9.5,1,Isolation Forest ML Outlier
2026-08-18 22:25:41,H:84% T:29C,Temp & Humidity,"{""temperature"": 29.0, ""humidity"": 84.0}",-75.0,9.25,1,Isolation Forest ML Outlier
2026-08-18 22:25:41,H:84% T:29C,Temp & Humidity,"{""temperature"": 29.0, ""humidity"": 84.0}",-74.0,9.25,1,Isolation Forest ML Outlier
2026-08-18 22:25:41,H:84% T:29C,Temp & Humidity,"{""temperature"": 29.0, ""humidity"": 84.0}",-72.0,9.25,1,Isolation Forest ML Outlier
2026-08-18 22:25:41,H:84% T:29C,Temp & Humidity,"{""temperature"": 29.0, ""humidity"": 84.0}",-76.0,9.5,1,Isolation Forest ML Outlier
2026-08-18 22:25:41,H:85% T:29C,Temp & Humidity,"{""temperature"": 29.0, ""humidity"": 85.0}",-73.0,8.75,1,Sudden Humidity Shift (+1000.0%/min) | Isolation Forest ML Outlier
2026-08-18 22:25:41,H:85% T:29C,Temp & Humidity,"{""temperature"": 29.0, ""humidity"": 85.0}",-90.0,4.75,1,Isolation Forest ML Outlier
2026-08-18 22:25:41,H:84% T:29C,Temp & Humidity,"{""temperature"": 29.0, ""humidity"": 84.0}",-73.0,9.25,1,Sudden Humidity Shift (-1000.0%/min) | Isolation Forest ML Outlier
2026-08-18 22:25:41,H:84% T:29C,Temp & Humidity,"{""temperature"": 29.0, ""humidity"": 84.0}",-73.0,9.25,1,Isolation Forest ML Outlier
2026-08-18 22:25:41,H:84% T:29C,Temp & Humidity,"{""temperature"": 29.0, ""humidity"": 84.0}",-71.0,9.25,1,Isolation Forest ML Outlier
2026-08-18 22:25:41,H:84% T:29C,Temp & Humidity,"{""temperature"": 29.0, ""humidity"": 84.0}",-71.0,10.0,1,Isolation Forest ML Outlier
2026-08-18 22:25:41,H:84% T:29C,Temp & Humidity,"{""temperature"": 29.0, ""humidity"": 84.0}",-71.0,10.0,1,Isolation Forest ML Outlier
2026-08-18 22:25:41,H:85% T:29C,Temp & Humidity,"{""temperature"": 29.0, ""humidity"": 85.0}",-71.0,9.75,1,Sudden Humidity Shift (+1000.0%/min) | Isolation Forest ML Outlier
2026-08-18 22:25:41,H:84% T:29C,Temp & Humidity,"{""temperature"": 29.0, ""humidity"": 84.0}",-71.0,9.5,1,Sudden Humidity Shift (-1000.0%/min) | Isolation Forest ML Outlier
2026-08-18 22:25:41,H:84% T:29C,Temp & Humidity,"{""temperature"": 29.0, ""humidity"": 84.0}",-72.0,9.5,1,Isolation Forest ML Outlier
2026-08-18 22:25:41,H:84% T:29C,Temp & Humidity,"{""temperature"": 29.0, ""humidity"": 84.0}",-71.0,9.25,1,Isolation Forest ML Outlier
2026-08-18 22:25:41,H:84% T:29C,Temp & Humidity,"{""temperature"": 29.0, ""humidity"": 84.0}",-71.0,9.25,1,Isolation Forest ML Outlier
2026-08-18 22:25:41,H:84% T:29C,Temp & Humidity,"{""temperature"": 29.0, ""humidity"": 84.0}",-71.0,9.5,1,Isolation Forest ML Outlier
2026-08-18 22:25:41,H:84% T:29C,Temp & Humidity,"{""temperature"": 29.0, ""humidity"": 84.0}",-57.0,9.0,1,Isolation Forest ML Outlier
2026-08-18 22:25:41,H:84% T:29C,Temp & Humidity,"{""temperature"": 29.0, ""humidity"": 84.0}",-57.0,9.5,1,Isolation Forest ML Outlier
2026-08-18 22:25:41,H:84% T:29C,Temp & Humidity,"{""temperature"": 29.0, ""humidity"": 84.0}",-57.0,9.0,1,Isolation Forest ML Outlier
2026-08-18 22:25:41,H:84% T:29C,Temp & Humidity,"{""temperature"": 29.0, ""humidity"": 84.0}",-57.0,9.25,1,Isolation Forest ML Outlier
2026-08-18 22:25:41,H:84% T:29C,Temp & Humidity,"{""temperature"": 29.0, ""humidity"": 84.0}",-70.0,9.5,1,Isolation Forest ML Outlier
2026-08-18 22:25:41,H:85% T:29C,Temp & Humidity,"{""temperature"": 29.0, ""humidity"": 85.0}",-73.0,9.0,1,Isolation Forest ML Outlier
2026-08-18 22:25:41,H:85% T:29C,Temp & Humidity,"{""temperature"": 29.0, ""humidity"": 85.0}",-73.0,9.25,1,Isolation Forest ML Outlier
2026-08-18 22:25:41,H:84% T:29C,Temp & Humidity,"{""temperature"": 29.0, ""humidity"": 84.0}",-73.0,9.5,1,Isolation Forest ML Outlier
2026-08-18 22:25:41,H:85% T:29C,Temp & Humidity,"{""temperature"": 29.0, ""humidity"": 85.0}",-73.0,9.5,1,Isolation Forest ML Outlier
2026-08-18 22:25:41,H:84% T:29C,Temp & Humidity,"{""temperature"": 29.0, ""humidity"": 84.0}",-73.0,9.5,1,Isolation Forest ML Outlier
2026-08-18 22:25:41,H:84% T:29C,Temp & Humidity,"{""temperature"": 29.0, ""humidity"": 84.0}",-72.0,9.25,1,Isolation Forest ML Outlier
2026-08-18 22:25:41,H:84% T:29C,Temp & Humidity,"{""temperature"": 29.0, ""humidity"": 84.0}",-72.0,9.0,1,Isolation Forest ML Outlier
2026-08-18 22:25:41,H:84% T:29C,Temp & Humidity,"{""temperature"": 29.0, ""humidity"": 84.0}",-73.0,9.0,1,Isolation Forest ML Outlier
2026-08-18 22:25:41,H:84% T:29C,Temp & Humidity,"{""temperature"": 29.0, ""humidity"": 84.0}",-71.0,9.5,1,Isolation Forest ML Outlier
2026-08-18 22:25:41,H:85% T:29C,Temp & Humidity,"{""temperature"": 29.0, ""humidity"": 85.0}",-71.0,9.75,1,Isolation Forest ML Outlier
2026-08-18 22:25:41,H:84% T:29C,Temp & Humidity,"{""temperature"": 29.0, ""humidity"": 84.0}",-71.0,9.25,1,Isolation Forest ML Outlier
2026-08-18 22:25:41,H:84% T:29C,Temp & Humidity,"{""temperature"": 29.0, ""humidity"": 84.0}",-72.0,9.0,1,Isolation Forest ML Outlier
2026-08-18 22:25:41,H:84% T:29C,Temp & Humidity,"{""temperature"": 29.0, ""humidity"": 84.0}",-73.0,9.5,1,Isolation Forest ML Outlier
2026-08-18 22:25:41,H:84% T:29C,Temp & Humidity,"{""temperature"": 29.0, ""humidity"": 84.0}",-73.0,9.25,1,Isolation Forest ML Outlier
2026-08-18 22:25:41,H:84% T:29C,Temp & Humidity,"{""temperature"": 29.0, ""humidity"": 84.0}",-72.0,9.75,1,Isolation Forest ML Outlier
2026-08-18 22:25:41,H:84% T:29C,Temp & Humidity,"{""temperature"": 29.0, ""humidity"": 84.0}",-73.0,9.25,1,Isolation Forest ML Outlier
2026-08-18 22:25:41,H:84% T:29C,Temp & Humidity,"{""temperature"": 29.0, ""humidity"": 84.0}",-70.0,9.75,1,Isolation Forest ML Outlier
2026-08-18 22:25:41,H:85% T:29C,Temp & Humidity,"{""temperature"": 29.0, ""humidity"": 85.0}",-75.0,9.25,1,Isolation Forest ML Outlier
2026-08-18 22:25:41,H:84% T:29C,Temp & Humidity,"{""temperature"": 29.0, ""humidity"": 84.0}",-72.0,9.25,1,Isolation Forest ML Outlier
2026-08-18 22:25:41,H:85% T:29C,Temp & Humidity,"{""temperature"": 29.0, ""humidity"": 85.0}",-74.0,9.5,1,Isolation Forest ML Outlier
2026-08-18 22:25:41,H:84% T:29C,Temp & Humidity,"{""temperature"": 29.0, ""humidity"": 84.0}",-74.0,9.0,1,Isolation Forest ML Outlier
2026-08-18 22:25:41,H:84% T:29C,Temp & Humidity,"{""temperature"": 29.0, ""humidity"": 84.0}",-73.0,9.5,1,Isolation Forest ML Outlier
2026-08-18 22:25:41,H:84% T:29C,Temp & Humidity,"{""temperature"": 29.0, ""humidity"": 84.0}",-73.0,9.25,1,Isolation Forest ML Outlier
2026-08-18 22:25:41,H:84% T:29C,Temp & Humidity,"{""temperature"": 29.0, ""humidity"": 84.0}",-74.0,9.0,1,Isolation Forest ML Outlier
2026-08-18 22:25:41,H:85% T:29C,Temp & Humidity,"{""temperature"": 29.0, ""humidity"": 85.0}",-73.0,9.25,1,Isolation Forest ML Outlier
2026-08-18 22:25:41,H:85% T:29C,Temp & Humidity,"{""temperature"": 29.0, ""humidity"": 85.0}",-72.0,8.75,1,Isolation Forest ML Outlier
2026-08-18 22:25:41,H:84% T:29C,Temp & Humidity,"{""temperature"": 29.0, ""humidity"": 84.0}",-74.0,9.25,1,Isolation Forest ML Outlier
2026-08-18 22:25:41,H:84% T:29C,Temp & Humidity,"{""temperature"": 29.0, ""humidity"": 84.0}",-69.0,9.25,1,Isolation Forest ML Outlier
2026-08-18 22:25:41,H:85% T:29C,Temp & Humidity,"{""temperature"": 29.0, ""humidity"": 85.0}",-69.0,9.5,1,Isolation Forest ML Outlier
2026-08-18 22:25:41,H:85% T:29C,Temp & Humidity,"{""temperature"": 29.0, ""humidity"": 85.0}",-70.0,9.25,1,Isolation Forest ML Outlier
2026-08-18 22:25:41,H:85% T:29C,Temp & Humidity,"{""temperature"": 29.0, ""humidity"": 85.0}",-70.0,9.25,1,Isolation Forest ML Outlier
2026-08-18 22:25:41,H:85% T:29C,Temp & Humidity,"{""temperature"": 29.0, ""humidity"": 85.0}",-68.0,9.25,1,Isolation Forest ML Outlier
2026-08-18 22:25:41,H:84% T:29C,Temp & Humidity,"{""temperature"": 29.0, ""humidity"": 84.0}",-67.0,9.0,1,Isolation Forest ML Outlier
2026-08-18 22:25:41,H:85% T:29C,Temp & Humidity,"{""temperature"": 29.0, ""humidity"": 85.0}",-67.0,9.0,1,Isolation Forest ML Outlier
